mae,rmse,iae,overshoot,settling_time,steady_state_error,control_energy,disturbance_recovery_time,control_variation,velocity_rmse,reward,b0,omega_c,k,score
0.17837985183779498,0.2561756615767171,68.49786310571326,0.3416898138821125,379.0,0.33676032643071313,80339674214.90518,379.0,0.5694213548466057,0.18575789427761807,-0.47220989279856973,154.0,0.5,6.584615384615384,8033967473.287209
0.15297075751347824,0.22270996437276458,58.74077088517564,0.5610523894429207,383.0,0.4490065631800558,80340351750.6494,383.0,0.4909636096605744,0.19431369557107686,-0.44703610720196785,154.0,0.5,6.984615384615384,8034035225.30749
0.08356487430262297,0.11143411074776988,32.088911732207215,0.033255018293857574,383.0,0.10043322403285665,80339239722.18002,383.0,0.559217169141645,0.08010729242699434,-0.3659887602197236,154.0,0.5,7.384615384615384,8033924017.0457735
0.13894140893837806,0.19038486264137267,53.35350103233717,0.2680869847536087,383.0,0.20205444568579733,80341206459.7798,383.0,0.5034625897519582,0.15155599114646562,-0.42881158228449456,154.0,0.5,7.7846153846153845,8034120695.09597
0.1744091209273578,0.2605266833022267,66.97310243610539,0.5796220265328884,383.0,0.5527225911520011,80342424961.75644,383.0,0.519726307522846,0.17103215603408617,-0.4668564552357174,154.0,0.5,8.184615384615384,8034242548.09633
0.0754207570596174,0.10158144724433049,28.961570710893085,0.11309079080820084,383.0,0.10023425251672866,80339784796.76848,383.0,0.5932840292509791,0.10933361815102702,-0.3609146597100104,154.0,0.6000000000000001,6.584615384615384,8033978523.87908
0.16086476302571687,0.24590019915664482,61.77206900187528,0.5758593399077654,383.0,0.5222307712526679,80341866614.53513,383.0,0.56057428504406,0.1512496978363403,-0.4511524602736849,154.0,0.6000000000000001,6.984615384615384,8034186712.328384
0.07766559863189164,0.12537240042788583,29.823589874646387,0.4119955822825432,383.0,0.3186709969354285,80338338934.88364,383.0,0.5235745502203003,0.12413701436662487,-0.36453311142212574,154.0,0.6000000000000001,7.384615384615384,8033833937.89712
0.08727618883390606,0.14369171540070602,33.51405651221992,0.35045716911554337,303.5,0.2935250447400521,80339189029.90506,303.5,0.5649159085345953,0.12272719938529655,-0.3731139012916691,154.0,0.6000000000000001,7.7846153846153845,8033918940.19413
0.1201209010265536,0.16862259957084375,46.12642599419658,0.3604152649641037,383.0,0.3025203710226618,80346319471.72578,383.0,0.5688425567069191,0.1336283377737305,-0.4071848166459938,154.0,0.6000000000000001,8.184615384615384,8034631994.859144
0.07469546579387695,0.10185380066662136,28.683058864848753,0.21912303566932678,362.5,0.08878735100695753,80354714432.11148,362.5,0.6917262463283289,0.1513586767224998,-0.3676127736649271,154.0,1.3,6.584615384615384,8035471485.3159
0.07247699670609763,0.10185469838840999,27.831166735141487,0.21637385338544846,335.5,0.0848932394630394,80352531575.15096,335.5,0.7482827288674935,0.14255276498704345,-0.36466116194738807,154.0,1.3,6.984615384615384,8035253196.75454
0.0741214054471908,0.1026206937551711,28.462619691721265,0.22752386704087257,365.5,0.04356599285758995,80350655313.03522,365.5,0.6537843709203656,0.12824469409439782,-0.3633823042786126,154.0,1.3,7.384615384615384,8035065573.653876
0.07136978299536921,0.0958862805473056,27.405996670221775,0.19686536490917206,379.0,0.11404594373590571,80349905011.77484,379.0,0.6152490361863576,0.11737310213514374,-0.3599015641117804,154.0,1.3,7.7846153846153845,8034990544.670876
0.04945280146429466,0.07157419861178005,18.989875762289152,0.17364179342985153,339.5,0.042742023581108936,80347599135.74872,339.5,0.5631935378590078,0.10312679701121194,-0.336880699233473,154.0,1.3,8.184615384615384,8034759951.410629
0.05635355576335983,0.07495286061407265,21.639765413130178,0.1589833389298292,383.0,0.1341475277743149,80376979334.03284,383.0,0.7880521530270888,0.14882686080934449,-0.3489497487050658,154.0,2.0,6.584615384615384,8037697976.156398
0.042931834239735164,0.05758284342182074,16.4858243480583,0.12658029422163963,382.5,0.07988148629336042,80364215313.41933,382.5,0.7062682308665144,0.12476535723773038,-0.33336545922419425,154.0,2.0,6.984615384615384,8036421572.991861
0.055178814182875624,0.0750259037864978,21.18866464622424,0.1663189148530364,375.0,0.10053180513090124,80385715973.1887,375.0,0.8704065865698434,0.1611882754053754,-0.349453913471076,154.0,2.0,7.384615384615384,8038571639.184983
0.04811025515707131,0.06711424744470004,18.474337980315383,0.16835966892540455,363.5,0.07296535441855667,80382780348.43272,363.5,0.8472635851827677,0.15247315029063296,-0.34075794495618306,154.0,2.0,7.7846153846153845,8038278075.007302
0.042812218177416025,0.05773226978246438,16.439891780127752,0.12822645902633667,366.5,0.06412533302002549,80368592729.46965,366.5,0.7013331480499347,0.13057238333567894,-0.33386352625463955,154.0,2.0,8.184615384615384,8036859312.984902
0.021828838972574854,0.032223549124840795,8.382274165468743,0.09074894711375237,351.5,0.03494317259365313,80360647147.55042,351.5,0.6409411716710183,0.08892335747410424,-0.3074898983170182,154.0,2.7,6.584615384615384,8036064751.66211
0.019325601541274533,0.027303056915567385,7.42103099184942,0.05760972574353218,187.0,0.04006019375619393,80362492299.87488,187.0,0.727658901762402,0.07708287262838928,-0.3042750793566821,154.0,2.7,6.984615384615384,8036249250.260025
0.020438846222104935,0.029662505859272437,7.848516949288296,0.0844133123755455,322.0,0.029657706333780787,80363433595.76956,322.0,0.684955328002611,0.08222721974590348,-0.30597349003952035,154.0,2.7,7.384615384615384,8036343393.429986
0.02801365358497539,0.04155308627708952,10.75724297663055,0.10668306145817041,379.0,0.06286534027917937,80400301078.22833,379.0,1.0978576819516972,0.1237965238904388,-0.3184539125616358,154.0,2.7,7.7846153846153845,8040030148.008041
0.012303726159184809,0.01697688106708156,4.724630845126967,0.03470739349722862,0.0,0.014525690795715874,80350309348.8717,0.0,0.6131167897356398,0.05238582585115259,-0.29464803316507954,154.0,2.7,8.184615384615384,8035030935.901529
0.2532980821299232,0.4073664519929336,97.26646353789052,0.9734871565597132,383.0,0.9193712169305256,80345734881.6629,383.0,0.6003080124020888,0.21850300744654305,-0.5513442310231336,187.0,0.5,6.584615384615384,8034573546.2600975
0.2311027062285357,0.36382535352102247,88.74343919175772,0.8585435375571251,383.0,0.819040028898024,80340556173.64728,383.0,0.5402698168244126,0.19015209006529826,-0.5262246925423257,187.0,0.5,6.984615384615384,8034055673.717638
0.24419186298458345,0.38460176273664337,93.76967538608005,0.8500094506889582,383.0,0.8374970918325984,80345505142.08794,383.0,0.6042888432196476,0.19828667878028028,-0.5392394004597703,187.0,0.5,7.384615384615384,8034550571.583393
0.16714440529065627,0.24377864979606384,64.183451631612,0.4904789114370942,383.0,0.47802320262915027,80343145422.1195,383.0,0.5010709040469974,0.13963857836075494,-0.45471315540845436,187.0,0.5,7.7846153846153845,8034314593.555775
0.24299199546678066,0.38791118846975453,93.30892625924378,0.9254723861813545,383.0,0.8810468451659912,80340983548.65488,383.0,0.6248884474951044,0.20249063374627213,-0.5394426983064802,187.0,0.5,8.184615384615384,8034098412.157688
0.08329075383521051,0.10868701015112403,31.98364947272084,0.17967378348112106,382.5,0.09092915968492316,80340721291.88202,382.5,0.5256558012402089,0.1085364838353196,-0.367478210988768,187.0,0.6000000000000001,6.584615384615384,8034072173.9391775
0.1538707870053417,0.2360664035198668,59.08638221005121,0.5394961645361036,383.0,0.5108123105069113,80340218894.62054,383.0,0.5772905872633812,0.1324180787988311,-0.4415255542844767,187.0,0.6000000000000001,6.984615384615384,8034021939.796306
0.14097138203840437,0.1917828866906819,54.133010702747285,0.358009971678257,383.0,0.24354763616276232,80340935392.55676,383.0,0.5107460121573107,0.14095932899119026,-0.42895609335262197,187.0,0.6000000000000001,7.384615384615384,8034093588.537009
0.13659663411431755,0.21424985222413317,52.45310749989794,0.55590402148664,383.0,0.4588381493464878,80342175820.71298,383.0,0.5498786308746736,0.15411364678184059,-0.42582289756509806,187.0,0.6000000000000001,7.7846153846153845,8034217631.060721
0.14836342896321922,0.2218557734454648,56.97155672187618,0.40382812172174454,383.0,0.4742316019918163,80338949712.01091,383.0,0.646435929340731,0.11056163797592844,-0.4350398894085037,187.0,0.6000000000000001,8.184615384615384,8033895021.108831
0.05386583276662612,0.0741194484564346,20.68447978238443,0.16472537070512772,383.0,0.08383928031521225,80345971406.99059,383.0,0.542350430401436,0.09765653341680244,-0.34046457261338703,187.0,1.3,6.584615384615384,8034597183.228707
0.039055151111337394,0.05764470674729669,14.99717802675356,0.14267148450016975,383.0,0.13148822398484059,80343442415.00058,383.0,0.5467334876795039,0.07738667201420829,-0.3232599609203512,187.0,1.3,6.984615384615384,8034344282.894066
0.08318352942505228,0.11941840828611111,31.942475299220078,0.2777700684964657,383.0,0.11414062552648829,80355269078.46817,383.0,0.6533024640992167,0.1524925093621488,-0.3752270978915385,187.0,1.3,7.384615384615384,8035526952.65956
0.07983870591171985,0.10891545437829418,30.658063070100425,0.23566452413797379,363.5,0.09730597714760254,80354750714.38657,363.5,0.6698428320822454,0.14398592659812418,-0.37136230049404745,187.0,1.3,7.7846153846153845,8035475114.03997
0.06799637636888359,0.09159789407843574,26.1106085256513,0.1787426546216011,383.0,0.13960029922025952,80349421547.78261,383.0,0.6045323464017625,0.11863312729939471,-0.3578621204751601,187.0,1.3,8.184615384615384,8034942198.413836
0.040198027096732945,0.05443837990298245,15.43604240514545,0.12768318504095078,381.5,0.04873311123542647,80353124884.89551,381.5,0.577539827431462,0.10587305399804042,-0.32719717387286773,187.0,2.0,6.584615384615384,8035312529.810878
0.04966673408678733,0.06608091536493638,19.072025889326333,0.14321688313793857,383.0,0.11002203475838637,80361219050.4807,383.0,0.5852777466139034,0.12458233092420576,-0.3391231586265897,187.0,2.0,6.984615384615384,8036121947.260634
0.06985554687550405,0.09725526806005157,26.824530000193555,0.2258876282721758,383.0,0.15052701599006468,80403766070.96924,383.0,1.005928856274478,0.1986106429646023,-0.3671077625453111,187.0,2.0,7.384615384615384,8040376650.919041
0.05260158717156147,0.07115944344839611,20.199009473879606,0.16053587826900184,383.0,0.13109867296857136,80370200353.91687,383.0,0.6837569353785901,0.138564892725078,-0.34357198160182373,187.0,2.0,7.7846153846153845,8037020077.844436
0.05349667758258046,0.07168997096271676,20.542724191710896,0.14308418333530426,375.5,0.10193890715086844,80381257803.95987,375.5,0.7653203023009139,0.15373338762705907,-0.34565102103048473,187.0,2.0,8.184615384615384,8038125822.171447
0.04906031219617202,0.07101829508352447,18.839159883330055,0.18906739726662636,383.0,0.09044596834581553,80411297953.01367,383.0,1.0145910676403394,0.18943258136051466,-0.3465341414741342,187.0,2.7,6.584615384615384,8041129837.509082
0.04229643368831356,0.058904218725970015,16.241830536312406,0.13127754628658295,383.0,0.08512923679901226,80405782399.3305,383.0,0.8778359833958878,0.14164892367298504,-0.33403799465881356,187.0,2.7,6.984615384615384,8040578281.602587
0.05511819819232451,0.0779115372875695,21.165388105852614,0.17802084982395172,383.0,0.11790667330703736,80463488602.72302,383.0,1.2900811337304177,0.18814571988625156,-0.3518821449923598,187.0,2.7,7.384615384615384,8046348902.979343
0.03582964328711935,0.048994069649686334,13.75858302225383,0.10971939191222191,380.5,0.0590483591187972,80386081545.89151,380.5,0.8117516420528721,0.12537632204996813,-0.32598049810396507,187.0,2.7,7.7846153846153845,8038608195.498049
0.02282097290751998,0.03267140744741685,8.763253596487672,0.07313095778226852,378.0,0.06291867769284995,80369484738.67981,378.0,0.7225058134791122,0.08888080208404908,-0.3088733109964759,187.0,2.7,8.184615384615384,8036948513.513755
0.2645787962573273,0.40026888189016585,101.59825776281367,0.5134130585938692,383.0,0.8316024563962281,80343648749.7627,383.0,0.684510392868799,0.1673622888847847,-0.5566446005176602,220.0,0.5,6.584615384615384,8034364933.929207
0.1126648002729605,0.16218750880673954,43.263283304816824,0.37658070400357246,383.0,0.34203785386336294,80340361975.02359,383.0,0.4412213915633159,0.10899873958537776,-0.39690045478245645,220.0,0.5,6.984615384615384,8034036244.607209
0.08646909031237109,0.13271397002204482,33.204130679950495,0.41231005638837814,383.0,0.3312812585090318,80339107055.4403,383.0,0.4590015859578982,0.12365332225250249,-0.37180666330889844,220.0,0.5,7.384615384615384,8033910750.6269
0.09167938332685599,0.1218701779973948,35.2048831975127,0.30917997658252716,383.0,0.24801647901346624,80338750264.22644,383.0,0.4387646866840731,0.1129870068786,-0.37569509532728984,220.0,0.5,7.7846153846153845,8033875071.887355
0.18493310790907314,0.29099583203333335,71.01431343708408,0.7987193241715431,383.0,0.7055112588465196,80340147824.6077,383.0,0.4985632037369452,0.20251268399161707,-0.4799319222798695,220.0,0.5,8.184615384615384,8034014835.221164
0.15281118391797124,0.2340673078697526,58.679494624500954,0.5796074634417892,383.0,0.4805882453821189,80341600796.9604,383.0,0.504464649967363,0.15328123114799053,-0.44207959213344195,220.0,0.6000000000000001,6.584615384615384,8034160129.9363985
0.1559237466615611,0.2255119923101469,59.87471871803947,0.4560914169996977,383.0,0.4115196568696104,80343712537.64133,383.0,0.49597327329471286,0.132731307002632,-0.44296897027437876,220.0,0.6000000000000001,6.984615384615384,8034371304.229332
0.2418074976961665,0.3540799096372589,92.85407911532795,0.4775954959914088,383.0,0.614692449319639,80345382067.51624,383.0,0.6504403455450392,0.1555555660965345,-0.5330654187202982,220.0,0.6000000000000001,7.384615384615384,8034538263.903616
0.20026084203268654,0.29339798735118866,76.90016334055164,0.5775057896971703,383.0,0.5253772363361542,80346215911.39476,383.0,0.6085903078084204,0.16816739567314504,-0.49139942107298784,220.0,0.6000000000000001,7.7846153846153845,8034621645.061864
0.11369788797058128,0.15706540371296837,43.65998898070321,0.3906636908650398,383.0,0.24486810386090502,80340386410.56004,383.0,0.5005405515665796,0.141904918521821,-0.4003213214274822,220.0,0.6000000000000001,8.184615384615384,8034038688.229759
0.053444907379238654,0.07338423859001303,20.522844433627643,0.16918464750051498,379.0,0.042718216153413154,80347800389.67165,379.0,0.5654398865861618,0.10702748806209628,-0.33970951008356187,220.0,1.3,6.584615384615384,8034780081.06037
0.053649148140027234,0.07125806107721622,20.60127288577046,0.16040613129734993,383.0,0.11500166670770054,80344319191.00552,383.0,0.5995826023988251,0.11257708365747945,-0.34113233715533,220.0,1.3,6.984615384615384,8034431961.622956
0.08919056340799744,0.12523515294689141,34.249176348671014,0.2417103424668312,383.0,0.21863652414781665,80355286913.91318,383.0,0.6193605427953656,0.15657217252291233,-0.38193356414355684,220.0,1.3,7.384615384615384,8035528736.679717
0.09378940335607411,0.1296555472294339,36.01513088873246,0.2528736963868141,383.0,0.20640288074738286,80358828601.0975,383.0,0.6628653822617494,0.16542804714586049,-0.3876857505493747,220.0,1.3,7.7846153846153845,8035882905.7554035
0.06259063365349586,0.09494246069967999,24.034803322942413,0.23418710753321648,383.0,0.18424245120082847,80348135262.98459,383.0,0.5807200299853132,0.10287557586506133,-0.34770013498621044,220.0,1.3,8.184615384615384,8034813569.524358
0.05563491105540547,0.07527060823238592,21.3638058452757,0.16211338341236115,382.0,0.08415335663372198,80357036148.86304,382.0,0.6468387932441253,0.1336886721143699,-0.3459924413490848,220.0,2.0,6.584615384615384,8035703657.462717
0.05415901054148296,0.07566192752804927,20.797060047929456,0.20865735411643982,383.0,0.10154233957636231,80362370901.66916,383.0,0.7315982987924282,0.14333703295220207,-0.3451948754907314,220.0,2.0,6.984615384615384,8036237132.7412
0.06868948347516511,0.10026561244773613,26.3767616544634,0.2527682641521096,383.0,0.20747193795097318,80385411192.70694,383.0,0.8594935643766319,0.1741784188305685,-0.3632661723942948,220.0,2.0,7.384615384615384,8038541162.99821
0.06228766740585843,0.08599504549319088,23.918464283849637,0.21683721616864204,383.0,0.13882806669732273,80373731868.12442,383.0,0.7519295396132506,0.16530798807076508,-0.35605909784368084,220.0,2.0,7.7846153846153845,8037373230.022251
0.05536385946342679,0.07506874751203726,21.25972203395589,0.1671018972992897,380.5,0.08569814603489297,80360911232.17354,380.5,0.7696625632343341,0.1325704704147369,-0.3453770355277487,220.0,2.0,8.184615384615384,8036091165.635393
0.0737489357788627,0.10585284529147093,28.319591339083274,0.2603182327002287,383.0,0.13148690158950077,80472202726.21008,383.0,1.3060452533453002,0.26985923959156954,-0.37827495396579547,220.0,2.7,6.584615384615384,8047220316.772304
0.06653373456256415,0.09649590283686739,25.548954072024628,0.25412331335246563,383.0,0.11925286075788072,80457135371.87137,383.0,1.2367641359334205,0.2504698982411143,-0.36870648046039045,220.0,2.7,6.984615384615384,8045713580.772266
0.07637766227351461,0.11139558928597618,29.32902231302961,0.28056189604103565,383.0,0.14542474195944746,80515897675.92148,383.0,1.672694751550261,0.2954283900306972,-0.38390182392504724,220.0,2.7,7.384615384615384,8051589811.986024
0.06860286653758405,0.09799626090902014,26.34350075043227,0.23673158884048462,383.0,0.1326753883243471,80486478779.13132,383.0,1.4624597136096606,0.2526248724622464,-0.37184442563531306,220.0,2.7,7.7846153846153845,8048647921.682278
0.06849966112356591,0.09882219929548527,26.303869871449308,0.21751529723405838,383.0,0.16564891582138924,80499811118.65445,383.0,1.4839332520806137,0.23458670869533474,-0.3705674050764455,220.0,2.7,8.184615384615384,8049981155.6340475
0.371034514259,0.5916360901242446,142.477253475456,1.359898753464222,383.0,1.2943667920699227,80342816929.34413,383.0,0.6912245787777416,0.2527182422940264,-0.6729318643179583,252.99999999999997,0.5,6.584615384615384,8034281760.200214
0.37745712812479143,0.6057954498196951,144.9435371999199,1.4712466672062874,383.0,1.354971711014131,80339003037.28156,383.0,0.7601385290877938,0.2660066714069723,-0.68183682500479,252.99999999999997,0.5,6.984615384615384,8033900371.508152
0.2911079524242346,0.4513487569455012,111.78545373090607,0.9981588385999203,383.0,0.9240779278996725,80340811274.949,383.0,0.6519249500244778,0.2007700253621698,-0.5857559592815654,252.99999999999997,0.5,7.384615384615384,8034081188.513767
0.29260137566659183,0.45334583185085,112.35892825597126,0.9817770458757877,383.0,0.914686954952853,80342428692.77515,383.0,0.6078030658453002,0.1990143712010919,-0.5873093043527153,252.99999999999997,0.5,7.7846153846153845,8034242930.405955
0.29240707204021815,0.4570545579890828,112.28431566344376,1.0179984085261822,383.0,0.9774808454573136,80340299541.15817,383.0,0.5374625183583551,0.19314516659496334,-0.5869684904366649,252.99999999999997,0.5,8.184615384615384,8034030015.233019
0.11638612422424124,0.1684232790268524,44.69227170210864,0.398940309882164,380.0,0.21180404003251552,80343583292.2862,380.0,0.60598444129406,0.1411319066998319,-0.4034274785155145,252.99999999999997,0.6000000000000001,6.584615384615384,8034358376.318391
0.09021428820844331,0.1258721251770849,34.64228667204223,0.1702784299850464,383.0,0.09076013569957517,80343157558.78513,383.0,0.6106486108844648,0.11274783092862566,-0.3743552114719595,252.99999999999997,0.6000000000000001,6.984615384615384,8034315801.225705
0.12589879303509532,0.18477648886338813,48.345136525476605,0.3142037857323885,383.0,0.29682415363372694,80341698674.91716,383.0,0.49136902333550914,0.10647826990745919,-0.41017335264262,252.99999999999997,0.6000000000000001,7.384615384615384,8034169915.619076
0.15386369000170402,0.23964310841137657,59.08365696065435,0.6155831888318062,383.0,0.5522115668086611,80341214475.50092,383.0,0.5785278639033942,0.14830609424136043,-0.4426986512305907,252.99999999999997,0.6000000000000001,7.7846153846153845,8034121497.891383
0.1185457809335363,0.19575101009276974,45.52157987847794,0.5113668069243431,383.0,0.503112988502452,80339113816.73355,383.0,0.6285008363250653,0.1575059728348578,-0.4091167734490459,252.99999999999997,0.6000000000000001,8.184615384615384,8033911429.284501
0.12219655558132923,0.17782768920966854,46.923477343230424,0.39471765980124474,383.0,0.20089275449227945,80360195202.3064,383.0,0.6850126978622715,0.20339234812452517,-0.4166599231451663,252.99999999999997,1.3,6.584615384615384,8036019568.076211
0.10890121820325888,0.1613148807457228,41.81806779005141,0.364842738956213,383.0,0.29056502857718824,80351247293.21463,383.0,0.5788382985884465,0.17043134914826752,-0.4006871517523788,252.99999999999997,1.3,6.984615384615384,8035124776.143006
0.11196817637403997,0.165801746345405,42.99577972763135,0.3603319525718689,383.0,0.3106548666121518,80356775303.94717,383.0,0.6179466944761749,0.17595113518375238,-0.40451713910066195,252.99999999999997,1.3,7.384615384615384,8035677577.460298
0.08880039993889247,0.12089395116765592,34.0993535765347,0.23884624987840652,383.0,0.1836492524188974,80345818191.5553,383.0,0.5161139186928851,0.1267693210862151,-0.37658343279169354,252.99999999999997,1.3,7.7846153846153845,8034581864.3968725
0.09732201672758664,0.13997404490875476,37.371654423393274,0.2854449562728405,383.0,0.23096296936771404,80353040322.03749,383.0,0.6337661145561357,0.14980571148258762,-0.3878488790010379,252.99999999999997,1.3,8.184615384615384,8035304078.1250925
0.06448286812479158,0.08759342656673783,24.761421359919964,0.16082214564085007,383.0,0.08181022810650143,80363152795.89612,383.0,0.6105714802953655,0.1496279701173018,-0.35675956956635396,252.99999999999997,2.0,6.584615384615384,8036315322.945883
0.06914799183909925,0.09469001752094304,26.552828866214114,0.23200230300426483,383.0,0.10749705976808113,80370673581.20627,383.0,0.758902527333551,0.18610943466937274,-0.36556093462863215,252.99999999999997,2.0,6.984615384615384,8037067401.85635
0.060110510713500744,0.07972841269695807,23.082436113984286,0.17340880632400513,383.0,0.09393043791925793,80364199458.2976,383.0,0.6656255099543081,0.15439907566890865,-0.35328618733344747,252.99999999999997,2.0,7.384615384615384,8036419988.854806
0.07303275928463533,0.10013479337820787,28.04457956529997,0.26571474224328995,383.0,0.14384621476308798,80381365882.56781,383.0,0.8235507098563968,0.19491369089223104,-0.3703533125595021,252.99999999999997,2.0,7.7846153846153845,8038136632.304677
0.06341766193056994,0.08631739070143082,24.352382181338854,0.1848325915634632,383.0,0.15216033653804945,80379530888.96436,383.0,0.7689403404454961,0.16148076565628275,-0.35690051007224916,252.99999999999997,2.0,8.184615384615384,8037953132.196841
0.045830002061806485,0.06409215951753934,17.59872079173369,0.1549013174371794,382.5,0.08780473038579753,80374453469.16435,382.5,0.6772218709203656,0.14490867837583213,-0.336943750840359,252.99999999999997,2.7,6.584615384615384,8037445388.789505
0.08644316970486045,0.12983257678553836,33.194177166666414,0.3487906064838171,381.0,0.19270916699660073,80521061398.94658,381.0,1.5963826391155354,0.3161535246680448,-0.3950948659794451,252.99999999999997,2.7,6.984615384615384,8052106184.867479
0.06830543401858619,0.10347145466045876,26.229286663137096,0.27058233693242073,383.0,0.17715300561892372,80453005283.4863,383.0,1.2332543754079635,0.24469731897028388,-0.36839620456592637,252.99999999999997,2.7,7.384615384615384,8045300572.080601
0.06102923109069386,0.09217715701891893,23.43522473882644,0.23209891468286514,383.0,0.13365306439434216,80442771815.50012,383.0,1.1486032351501305,0.22703414472361705,-0.360525859586741,252.99999999999997,2.7,7.7846153846153845,8044277224.704227
0.06347625792702917,0.09410269530849175,24.374883043979203,0.24218496680259705,383.0,0.12333526471468902,80454786153.15332,383.0,1.2411663164980418,0.2428169283405695,-0.3639182722091852,252.99999999999997,2.7,8.184615384615384,8045478658.665862
0.2133086034624437,0.339122223649059,81.91050372957838,0.8554878644645214,383.0,0.7480110941553567,80340401870.78792,383.0,0.6520161043570496,0.20299064535352873,-0.5080214901832514,286.0,0.5,6.584615384615384,8034040242.05699
0.23084898913114874,0.369917317018422,88.6460118263611,0.9555904641747475,383.0,0.8778885197385343,80342880589.27733,383.0,0.5560860496899478,0.20881941650724192,-0.5265218201038641,286.0,0.5,6.984615384615384,8034288115.273699
0.1867585549564827,0.29057041417301255,71.71528510328936,0.6925596669316292,383.0,0.657096951641219,80344494762.29156,383.0,0.5632266848890339,0.17334756643125349,-0.4768823514691716,286.0,0.5,7.384615384615384,8034449529.1288
0.21179310104963567,0.3294211659670395,81.3285508030601,0.8003602754324675,383.0,0.7254762500819388,80340708088.04654,383.0,0.5843821393603132,0.18720932944993846,-0.5048010516399926,286.0,0.5,7.7846153846153845,8034070863.652922
0.19436882150023388,0.29231345837109984,74.6376274560898,0.5389067828655243,383.0,0.6332075695310395,80338523823.55916,383.0,0.5180326217770888,0.1438100684354684,-0.48286257390565474,286.0,0.5,8.184615384615384,8033852435.832536
0.20858956622124228,0.3070841854945363,80.09839342895702,0.45988447219133377,381.5,0.5169348279064012,80340359662.56123,381.5,0.4736404618146214,0.15794224525763473,-0.4986789913745354,286.0,0.6000000000000001,6.584615384615384,8034036020.658186
0.1030180704351486,0.13049395685467868,39.55893904709706,0.003018265590071678,378.5,0.15549318979633664,80338739979.92856,378.5,0.49173491555156656,0.07661798368480886,-0.38333979943266117,286.0,0.6000000000000001,6.984615384615384,8033874043.872814
0.060717262502746436,0.08652044952524737,23.31542880105463,0.25974463671445847,383.0,0.18004390286583466,80339043332.8082,383.0,0.47968342036553524,0.09663189880774822,-0.3429791661922129,286.0,0.6000000000000001,7.384615384615384,8033904376.349163
0.2779745659747812,0.4106788976406395,106.74223333431598,0.5646569207310677,383.0,0.8039512138765483,80338075456.26727,383.0,0.6951059685052219,0.17143340291932527,-0.57090658922739,286.0,0.6000000000000001,7.7846153846153845,8033807605.609015
0.1268668853941734,0.2039814661902042,48.716883991362586,0.6059590503573418,383.0,0.521095639222231,80340313908.40677,383.0,0.46250688438315923,0.16819987859179758,-0.41542750050419597,286.0,0.6000000000000001,8.184615384615384,8034031439.079863
0.062116709802762834,0.08530127728303086,23.852816564260927,0.21542878076434135,383.0,0.1288343903560369,80341600439.96683,383.0,0.49431783412206265,0.10711375437850032,-0.3468399472503181,286.0,1.3,6.584615384615384,8034160087.165859
0.09448384747110249,0.1318052494583509,36.28179742890335,0.26007385924458504,383.0,0.22417795369409232,80348473702.9874,383.0,0.4927210396948433,0.12112890361563634,-0.3818760145772858,286.0,1.3,6.984615384615384,8034847415.984131
0.1123219666800219,0.1601019659927159,43.13163520512841,0.33871268667280674,383.0,0.303727371574113,80357383364.18216,383.0,0.7086541795855091,0.1598911273982692,-0.4032920619135556,286.0,1.3,7.384615384615384,8035738383.517004
0.08436065970297466,0.11702791926389032,32.39449332594227,0.21459463983774185,380.5,0.173276863546849,80347341800.97156,380.5,0.5583120002447781,0.12688524701009252,-0.3723234484191551,286.0,1.3,7.7846153846153845,8034734224.748837
0.09046805289015417,0.12767395632465345,34.739732309819196,0.2640799880027771,383.0,0.14725427642751082,80352629535.55447,383.0,0.6214341445006528,0.16600256644098502,-0.38172860104624506,286.0,1.3,8.184615384615384,8035262998.932311
0.06723745062868375,0.09177952805991696,25.81918104141456,0.19054550677537918,372.5,0.0816110631058109,80360063383.21182,372.5,0.5906609517787207,0.14322274504407756,-0.35992959857669016,286.0,2.0,6.584615384615384,8036006380.8384495
0.06726207777335605,0.09073925396596912,25.82863786496872,0.18654627352952957,383.0,0.10218522621481066,80363246165.90865,383.0,0.6364631354030679,0.14951973875114855,-0.3604482604681235,286.0,2.0,6.984615384615384,8036324660.167326
0.06453269085086896,0.08894574350241172,24.780553286733685,0.2061469629406929,383.0,0.12209752032236122,80366449173.67606,383.0,0.6985201125979112,0.16524521400760117,-0.3586804081892438,286.0,2.0,7.384615384615384,8036644960.743014
0.046735507785365046,0.0632310674878565,17.946434989580176,0.12425718456506729,382.5,0.07354367633199313,80351720307.20198,382.5,0.567784401517624,0.10584092509502745,-0.3336779653478543,286.0,2.0,7.7846153846153845,8035172072.649426
0.04257400134083354,0.059240655319539454,16.34841651488008,0.1407866741064936,355.0,0.056449738003720995,80350175386.52591,355.0,0.5436661125163185,0.10478513230682855,-0.3295848837674511,286.0,2.0,8.184615384615384,8035017577.505843
0.07470389115177306,0.11139031534486282,28.686294202280855,0.29332836577668786,383.0,0.20551099033457976,80454783493.86937,383.0,1.0927479397845954,0.22553795227251605,-0.37480545763915796,286.0,2.7,6.584615384615384,8045478393.603284
0.07881949231108437,0.11329001538775882,30.2666850474564,0.2803502657916397,383.0,0.24549958916682763,80445155747.29193,383.0,1.070935919141645,0.2198239825229003,-0.3784880958448307,286.0,2.7,6.984615384615384,8044515619.266101
0.07070956957824387,0.10547431233625729,27.152474718045646,0.2863465379923582,382.5,0.17166734974116002,80437605701.80794,382.5,1.094694052912859,0.24109113406207,-0.37155348172771574,286.0,2.7,7.384615384615384,8043760614.033424
0.07815882679093647,0.11596120576532158,30.0129894877196,0.30993245961144567,383.0,0.19966880731341297,80478424763.49127,383.0,1.269855708428525,0.26965993828796675,-0.3818342959972507,286.0,2.7,7.7846153846153845,8047842520.849248
0.07259331213115044,0.11030556416808791,27.87583185836177,0.30635992623865604,383.0,0.15882641083743165,80471950520.87845,383.0,1.3164642573025458,0.2794801310386847,-0.3774260914597942,286.0,2.7,8.184615384615384,8047195096.157088
