mae,rmse,iae,overshoot,settling_time,steady_state_error,control_energy,disturbance_recovery_time,control_variation,velocity_rmse,reward,stable,score,b0,omega_c,k,omega_o,r,end_vx_mean,negative_tail_velocity,max_tail_pitch_abs,tail_rpm_edge_fraction,tail_same_rpm_fraction,unstable_tail,name
0.05310938321749129,0.05968766679250964,5.098500788879164,0.0,57.0,0.02309209770626492,20306238543.317215,57.0,28.115182976973685,0.21078135634904954,-0.45879225111803973,1.0,0.07691466464823718,22.5,2.5,7.0,17.5,70.0,0.6161919608712196,0.0,0.0918639600276947,0.0,0.0,0.0,coarse_b22.5_wc2.5_wo17.5_r70
0.05176350392516108,0.06317182552399475,4.969296376815464,0.0,67.0,0.011988805400000678,20205886551.416367,67.0,6.975231291118421,0.21306526001618445,-0.4865819764218759,1.0,0.07801609825765705,37.5,2.5,7.0,17.5,70.0,0.44931644201278687,0.0,0.058874115347862244,0.0,0.0,0.0,coarse_b37.5_wc2.5_wo17.5_r70
0.052677866970230504,0.061709071702551826,5.057075229142129,0.0,63.0,0.032222867012023926,20238237134.1392,63.0,10.897239925986842,0.2116870877761546,-0.48357526346558394,1.0,0.07880645535783472,30.5,2.5,7.0,17.5,70.0,0.45249980315566063,0.0,0.0850396454334259,0.0,0.0,0.0,coarse_b30.5_wc2.5_wo17.5_r70
0.05250747653904142,0.06494337124826784,5.040717747747976,0.0,74.0,0.006617565949757894,20199109319.590313,74.0,5.897887541118421,0.22025731815622948,-0.491794325325933,1.0,0.07978835249377066,37.5,2.5,5.5,13.75,70.0,0.5476778894662857,0.0,0.0708354189991951,0.0,0.0,0.0,coarse_b37.5_wc2.5_wo13.75_r70
0.05161286206960606,0.0638349126645319,4.954834758682182,0.0,71.0,0.008440143532223172,20251134941.238045,71.0,8.476701274671052,0.23167282464563468,-0.5061891589111492,1.0,0.08085790955883682,30.5,2.5,5.5,13.75,70.0,0.40093373507261276,0.0,0.09039865434169769,0.0,0.0,0.0,coarse_b30.5_wc2.5_wo13.75_r70
0.0534426744399236,0.06613029775960333,5.130496746232666,0.0,76.0,0.008469184239705404,20199197006.287163,76.0,5.789735814144737,0.22450698671342859,-0.49503967359138956,1.0,0.08141378140195728,45.0,2.5,7.0,17.5,70.0,0.5775386467576027,0.0,0.07965552061796188,0.0,0.0,0.0,coarse_b45_wc2.5_wo17.5_r70
0.052470649188836184,0.0651984716988189,5.037182322128274,0.003069639205932617,74.0,0.0018187032805548774,20244394662.698677,74.0,7.483213404605263,0.23577627931457806,-0.4907914699246641,1.0,0.08192662021586739,30.5,2.5,4.5,11.25,70.0,0.4825892001390457,0.0,0.1176837831735611,0.0,0.0,0.0,coarse_b30.5_wc2.5_wo11.25_r70
0.05361478132306038,0.06174696815607576,5.147019007013796,0.0,62.0,0.043773247136010066,20319148917.01552,62.0,20.659719366776315,0.22933759086749603,-0.5086797547154284,1.0,0.08258628715145894,22.5,2.5,5.5,13.75,70.0,0.5401459559798241,0.0,0.15186309814453125,0.0,0.0,0.0,coarse_b22.5_wc2.5_wo13.75_r70
0.054650728060321306,0.06788628022158445,5.246469893790845,0.00024247169494628906,80.0,0.009745213720533583,20216453483.869953,80.0,6.465023643092105,0.238159816572713,-0.4990582958967891,1.0,0.08477603875138427,30.5,2.5,3.5,8.75,70.0,0.6292452365159988,0.0,0.07959946244955063,0.0,0.0,0.0,coarse_b30.5_wc2.5_wo8.75_r70
0.05460498243225468,0.0692799842711826,5.2420783134964495,0.0,82.0,0.026348067654503718,20186628475.4398,82.0,5.191000205592105,0.23069268693413628,-0.49778096217902695,1.0,0.08573673628808211,45.0,2.5,5.5,13.75,70.0,0.6299366131424904,0.0,0.03541504591703415,0.0,0.0,0.0,coarse_b45_wc2.5_wo13.75_r70
0.05615199505528068,0.0693359120572905,5.390591525306945,0.0,82.0,0.021686587068769667,20193649567.233047,82.0,5.43528474506579,0.2316557411165034,-0.5036704054444874,1.0,0.085848438775543,37.5,2.5,4.5,11.25,70.0,0.651900164783001,0.0,0.041786592453718185,0.0,0.0,0.0,coarse_b37.5_wc2.5_wo11.25_r70
0.05151057758727262,0.06281305600736327,4.945015448378172,0.0039047598838806152,67.0,0.03490655289755927,20358198716.425453,67.0,17.71375925164474,0.2568057624058732,-0.49291772582395926,1.0,0.08624078011186767,22.5,2.5,4.5,11.25,70.0,0.31744782626628876,0.0,0.1675085425376892,0.0,0.0,0.0,coarse_b22.5_wc2.5_wo11.25_r70
0.051310916116712235,0.06450001163518802,4.925847947204375,0.01214146614074707,72.0,0.00806806484858195,20330206515.521484,72.0,11.612577097039473,0.264418713798442,-0.5101041541348676,1.0,0.08628827120316367,22.5,2.5,3.5,8.75,70.0,0.3234087973833084,0.0,0.1543206125497818,0.0,0.0,0.0,coarse_b22.5_wc2.5_wo8.75_r70
0.056764146553346016,0.072610825576669,5.449358069121217,0.007983624935150146,88.0,0.042940212620629206,20184315541.33178,88.0,4.763892886513158,0.2376757406299516,-0.5077579646936151,1.0,0.09053503398068324,45.0,2.5,4.5,11.25,70.0,0.6067092791199684,0.0,0.057908132672309875,0.0,0.0,0.0,coarse_b45_wc2.5_wo11.25_r70
0.0570139925516718,0.07480950043040031,5.473343284960492,0.007783353328704834,95.0,0.05134540134006076,20159589301.433968,95.0,4.5127107319078945,0.229703061353796,-0.49771932953520065,1.0,0.09126678212390289,37.5,2.5,2.5,6.25,70.0,0.48878462985157967,0.0,0.07395800203084946,0.0,0.0,0.0,coarse_b37.5_wc2.5_wo6.25_r70
0.05832570356854442,0.07237564140084725,5.5992675425802645,0.008684396743774414,91.0,0.04864504602220324,20194191154.085106,91.0,5.592819695723684,0.24134924505244534,-0.4998777285247886,1.0,0.09173942185869342,37.5,2.5,3.5,8.75,70.0,0.6576639860868454,0.0,0.06685348600149155,0.0,0.0,0.0,coarse_b37.5_wc2.5_wo8.75_r70
0.04414565915104873,0.05353417252545111,4.237983278500678,0.036165475845336914,95.0,0.0525272356139289,20645685714.033524,95.0,43.23130139802632,0.32431258631438625,-0.47605669756306646,1.0,0.09184530303238685,45.0,4.0,7.0,28.0,70.0,0.3753260653465986,0.0,0.28354811668395996,0.0,0.0,0.0,coarse_b45_wc4_wo28_r70
0.04437529510367,0.053616359789985496,4.26002832995232,0.035263776779174805,95.0,0.05749095810784234,20688917351.584175,95.0,54.78271484375,0.3269630840499875,-0.46349008696006294,1.0,0.09271307169693503,30.5,4.0,4.5,18.0,70.0,0.5290732830762863,0.0,0.30929672718048096,0.0,0.0,0.0,coarse_b30.5_wc4_wo18_r70
0.04619737103854268,0.05607917993063144,4.434947619700097,0.04278522729873657,67.0,0.018064379692077637,20570977322.298767,67.0,24.94567228618421,0.3363150902616948,-0.4933757152088452,1.0,0.092831141630151,45.0,4.0,5.5,22.0,70.0,0.14216460566967726,0.0,0.13547557592391968,0.0,0.0,0.0,coarse_b45_wc4_wo22_r70
0.045998988602507986,0.05545743827838153,4.415902905840767,0.043424785137176514,95.0,0.026473237408532038,20617369101.86964,95.0,30.939473684210526,0.3406729300321415,-0.4806195733746048,1.0,0.09378868297385876,37.5,4.0,4.5,18.0,70.0,0.13540883548557758,0.0,0.2166968286037445,0.0,0.0,0.0,coarse_b37.5_wc4_wo18_r70
0.06038591883981089,0.07393679122062434,5.797048208621845,0.012015879154205322,95.0,0.06094466977649265,20202214453.698605,95.0,5.84430509868421,0.24687421395466733,-0.5213856758562382,1.0,0.0948894421977092,30.5,2.5,2.5,6.25,70.0,0.6613073647022247,0.0,0.09759441018104553,0.0,0.0,0.0,coarse_b30.5_wc2.5_wo6.25_r70
0.04989404269762332,0.05934500961648319,4.789828098971839,0.04868227243423462,72.0,0.03272637393739489,20480100177.86264,72.0,15.397543174342106,0.32461468314872916,-0.5362529144691769,1.0,0.09490252166457608,45.0,4.0,4.5,18.0,70.0,0.30640964582562447,0.0,0.23752425611019135,0.0,0.0,0.0,coarse_b45_wc4_wo18_r70
0.045926621884478415,0.05503851538824518,4.408955700909928,0.03931748867034912,95.0,0.059478541215260826,20717857518.348946,95.0,48.6536287006579,0.3378444796986057,-0.45672320031407293,1.0,0.09567781286584924,37.5,4.0,5.5,22.0,70.0,0.4190226383507252,0.0,0.31186822056770325,0.0,0.0,0.0,coarse_b37.5_wc4_wo22_r70
0.046361606709768445,0.05557714767901708,4.450714244137771,0.04286569356918335,95.0,0.04399602942996555,20673732394.696003,95.0,36.762813527960525,0.34331608437052635,-0.48100827564108184,1.0,0.09571416144677294,30.5,4.0,3.5,14.0,70.0,0.20549863949418068,0.0,0.29273271560668945,0.0,0.0,0.0,coarse_b30.5_wc4_wo14_r70
0.05710606114354041,0.07031751237210641,5.482181869779879,0.03233569860458374,82.0,0.017358514997694228,20326979706.797195,82.0,9.63854337993421,0.29364906113340805,-0.5111490109104818,1.0,0.09617859837528504,22.5,2.5,2.5,6.25,70.0,0.7220757529139519,0.0,0.19511258602142334,0.0,0.0,0.0,coarse_b22.5_wc2.5_wo6.25_r70
0.05098693796717413,0.06021815731294888,4.894746044848716,0.050753653049468994,72.0,0.03604840570025974,20492726533.549694,72.0,16.952549342105264,0.3298373631070515,-0.5356126950916679,1.0,0.0966919240986246,37.5,4.0,3.5,14.0,70.0,0.30345483496785164,0.0,0.25857990980148315,0.0,0.0,0.0,coarse_b37.5_wc4_wo14_r70
0.04562497796812437,0.054401968207448005,4.3799978849399395,0.04196399450302124,92.0,0.04896618260277642,20860585285.02431,92.0,89.69381681743421,0.3537737274007495,-0.420613183816569,1.0,0.09686871171611625,37.5,4.0,7.0,28.0,70.0,0.7627376988530159,0.0,0.3779067099094391,0.0,0.0,0.0,coarse_b37.5_wc4_wo28_r70
0.06145818694371267,0.07838805508372751,5.899985946596416,0.028744101524353027,95.0,0.05852413839764065,20174840670.610138,95.0,4.7026212993421055,0.2541124230211688,-0.5166403973428998,1.0,0.09877874424026631,45.0,2.5,3.5,8.75,70.0,0.44461244717240334,0.0,0.08852540701627731,0.0,0.0,0.0,coarse_b45_wc2.5_wo8.75_r70
0.054408072910213434,0.06332152019144789,5.22317499938049,0.05538871884346008,92.0,0.04672685596677992,20528972564.56141,92.0,18.00601870888158,0.3447895865915034,-0.550901198251561,1.0,0.10227281153027613,30.5,4.0,2.5,10.0,70.0,0.337524238973856,0.0,0.2720254063606262,0.0,0.0,0.0,coarse_b30.5_wc4_wo10_r70
0.06823066631755854,0.08665251020896089,6.550143966485621,0.04667651653289795,47.0,0.016014171971215144,20156605027.227837,47.0,4.214787212171053,0.26422647931849436,-0.5242480342120398,1.0,0.10315364986456953,45.0,2.5,2.5,6.25,70.0,0.31060604378581047,0.0,0.03809662163257599,0.0,0.0,0.0,coarse_b45_wc2.5_wo6.25_r70
0.05713315998817118,0.06654418463563737,5.4847833588644335,0.062034934759140015,95.0,0.03985055287679037,20443387174.86769,95.0,11.001896587171053,0.34121971186037897,-0.5225755629600181,1.0,0.10363763325161765,45.0,4.0,3.5,14.0,70.0,0.7091592326760292,0.0,0.2358207255601883,0.0,0.0,0.0,coarse_b45_wc4_wo14_r70
0.058791142450670485,0.068523938299444,5.643949675264366,0.06542259454727173,82.0,0.025742835468716092,20421557217.50336,82.0,11.294120065789473,0.34534798867826827,-0.5267373193318801,1.0,0.10461647158501125,37.5,4.0,2.5,10.0,70.0,0.7987387999892235,0.0,0.21411703526973724,0.0,0.0,0.0,coarse_b37.5_wc4_wo10_r70
0.06636061872114614,0.07526638126344067,6.37061939723003,0.07773780822753906,91.0,0.04538316196865506,20349701033.756413,91.0,9.291688939144738,0.3393246820700505,-0.5263154019413981,1.0,0.11075274487167236,45.0,4.0,2.5,10.0,70.0,0.8727072104811668,0.0,0.13487543165683746,0.0,0.0,0.0,coarse_b45_wc4_wo10_r70
0.10246781077237443,0.10667692779985609,9.836909834147946,0.0,95.0,0.07155489259295994,20139538233.11152,95.0,4.761117393092105,0.18559071071457123,-0.5256044044697191,1.0,0.11272887045901822,30.5,1.5,11.0,16.5,70.0,0.5041336566209793,0.0,0.012625310570001602,0.0,0.0,0.0,repo_default
0.053605978143913546,0.062273194384488306,5.1461739018157004,0.06346869468688965,95.0,0.07056538263956706,20984445912.143917,95.0,62.13814761513158,0.4062319457505303,-0.4807229618817102,1.0,0.11282084890773399,22.5,4.0,2.5,10.0,70.0,0.1336721391417086,0.0,0.44975271821022034,0.0,0.0,0.0,coarse_b22.5_wc4_wo10_r70
0.07687362609125852,0.08597884851261545,7.379868104760817,0.12450850009918213,95.0,0.11547630363040501,21017217275.19197,95.0,32.058681126644736,0.48510398978246727,-0.5468142879802889,1.0,0.14715696465997632,45.0,5.5,2.5,13.75,70.0,0.3263254736084491,0.0,0.5101696252822876,0.0,0.0,0.0,coarse_b45_wc5.5_wo13.75_r70
0.0706278699277026,0.08636523448487665,6.7802755130594505,0.05079394578933716,95.0,0.16815083556705052,21387214541.61065,95.0,116.20917454769737,0.44918735876261384,-0.4882558811720927,1.0,31.143472502527764,15.0,2.5,3.5,8.75,70.0,0.512198050681036,0.0,0.8017413020133972,0.0,0.0,1.0,coarse_b15_wc2.5_wo8.75_r70
0.08586169273905615,0.11981220700661312,8.242722502949391,0.09814190864562988,95.0,0.30658231841193306,23055342967.94645,95.0,268.12048211348684,0.6238455642747457,-0.5752868964835536,0.0,31.203135310688527,30.5,4.0,5.5,22.0,70.0,0.49022867158055305,0.0,1.1082082986831665,0.5,0.0,1.0,coarse_b30.5_wc4_wo22_r70
0.06391293646445462,0.07663761860826981,6.135641900587643,0.0777783989906311,95.0,0.03753922382990519,20975604176.667606,95.0,49.64212582236842,0.46000587237214774,-0.5049991952822078,1.0,35.12849286426947,15.0,2.5,2.5,6.25,70.0,-0.27223213016986847,1.0,0.33203238248825073,0.0,0.0,1.0,coarse_b15_wc2.5_wo6.25_r70
0.06622353763962252,0.07497621933520766,6.357459613403762,0.10796678066253662,90.0,0.0403751532236735,21153050532.829582,90.0,55.345297080592104,0.5046992461340324,-0.5160199206206172,1.0,35.13557586295354,37.5,5.5,2.5,13.75,70.0,-0.25869295466691256,1.0,0.3860115706920624,0.0,0.0,1.0,coarse_b37.5_wc5.5_wo13.75_r70
0.08035535563502805,0.09184684666483747,7.7141141409626925,0.1619795560836792,95.0,0.06427418523364598,21971431330.059555,95.0,120.59527138157895,0.6857895584351619,-0.5368993716561702,1.0,35.177836796498305,45.0,5.5,3.5,19.25,70.0,-0.8597847446799278,1.0,0.5646088123321533,0.0,0.0,1.0,coarse_b45_wc5.5_wo19.25_r70
0.23294530353850243,0.2930693216546569,22.362749139696234,0.5815314650535583,91.0,0.0415368742412991,10964393128.334446,91.0,277.84802631578947,0.8129509092989842,-0.6627178660031253,1.0,37.34467340325298,15.0,5.5,7.0,38.5,70.0,3.6509086385194678e-06,0.0,5.660891474690288e-06,1.0,1.0,1.0,coarse_b15_wc5.5_wo38.5_r70
0.24092436399626868,0.300166641145773,23.128738943641793,0.5750451385974884,93.0,0.0641683472527398,10807864649.12399,93.0,113.81611842105264,0.8020741973874116,-0.5396588286854792,1.0,37.35022202558971,15.0,5.5,5.5,30.25,70.0,-3.2538939365167607e-06,0.0,2.486123048583977e-05,1.0,1.0,1.0,coarse_b15_wc5.5_wo30.25_r70
0.21649344678890495,0.2879802320094016,20.783370891734876,0.6458138227462769,87.0,0.02385434839460585,13678810401.413414,87.0,349.5146175986842,0.9344865474511844,-0.72185787226432,1.0,37.35668542340712,15.0,4.0,7.0,28.0,70.0,2.830646505191936e-06,0.0,4.27149461756926e-06,1.0,1.0,1.0,coarse_b15_wc4_wo28_r70
0.24946100720671657,0.3097601483022811,23.94825669184479,0.6036466062068939,94.0,0.07220145066579182,10925651096.332067,94.0,126.52814555921053,0.8382477746414501,-0.5628154256403292,1.0,37.36384649738122,15.0,6.5,4.5,29.25,70.0,-6.028114626133174e-06,0.0,8.071357115113642e-06,1.0,1.0,1.0,coarse_b15_wc6.5_wo29.25_r70
0.2746032964223157,0.33574424154704796,26.361916456542303,0.6314117014408112,95.0,0.10843682289123535,11063365960.167435,95.0,216.10438939144737,0.849887653356597,-0.6599319991873732,1.0,37.388366319998944,15.0,6.5,5.5,35.75,70.0,1.8775504031509627e-06,0.0,9.761621413417743e-07,1.0,1.0,1.0,coarse_b15_wc6.5_wo35.75_r70
0.2829409954403535,0.34415618624559297,27.162335562273938,0.6236119270324707,95.0,0.13248991966247559,10875461392.175362,95.0,117.4811677631579,0.8314049020532266,-0.5889662125578305,1.0,37.39365626894478,15.0,6.5,3.5,22.75,70.0,7.753304089419544e-06,0.0,3.568194188119378e-06,1.0,1.0,1.0,coarse_b15_wc6.5_wo22.75_r70
0.2865021547067741,0.3480212119522722,27.504206851850313,0.6286830902099609,95.0,0.13608606656392416,10901479797.575096,95.0,158.92219366776317,0.8382829029793667,-0.6238351225195918,1.0,37.39791508009132,22.5,6.5,5.5,35.75,70.0,7.752715873721172e-06,0.0,3.5680282053363044e-06,1.0,1.0,1.0,coarse_b22.5_wc6.5_wo35.75_r70
0.28298706829070613,0.34503899876436783,27.16675855590779,0.6541262567043304,95.0,0.12185327212015788,11078355449.607254,95.0,143.5360197368421,0.862244340532222,-0.6137055164529787,1.0,37.39853630096208,15.0,8.0,3.5,28.0,70.0,1.8978101934408187e-06,0.0,1.3374634363572113e-05,1.0,1.0,1.0,coarse_b15_wc8_wo28_r70
0.29916889651534717,0.3614918871677254,28.72021406547333,0.6440575420856476,95.0,0.18752564324273002,11315785559.50206,95.0,345.8086759868421,0.8096668056823467,-0.790212549669994,1.0,37.4079875403988,15.0,4.0,5.5,22.0,70.0,-1.1048406634017738e-07,0.0,1.8868155166273937e-05,1.0,1.0,1.0,coarse_b15_wc4_wo22_r70
0.3016008313619499,0.36462035846452856,28.95367981074719,0.6575400829315186,95.0,0.1580405897564358,10975884697.203367,95.0,128.71084498355262,0.8704384726145463,-0.6205124176283522,1.0,37.41722118315921,15.0,8.0,2.5,20.0,70.0,2.515502046662732e-06,0.0,1.6377489373553544e-05,1.0,1.0,1.0,coarse_b15_wc8_wo20_r70
0.2502499476461608,0.3415776820999826,24.02399497403144,0.7736489474773407,88.0,0.025250507725609675,14530320841.212038,88.0,364.2704769736842,1.0829289722459532,-0.7833195479712294,0.0,37.41785008008871,22.5,6.5,4.5,29.25,70.0,-4.7055904701664986e-06,0.0,3.0135775887174532e-05,1.0,1.0,1.0,coarse_b22.5_wc6.5_wo29.25_r70
0.28400217880421746,0.35444657935993146,27.264209165204875,0.7242498099803925,95.0,0.12605471081203884,13457708592.766441,95.0,359.9769942434211,0.9553737828604867,-0.8020140876501953,1.0,37.41962149490245,15.0,5.5,3.5,19.25,70.0,-3.837956086272243e-07,0.0,5.57848579774145e-07,1.0,1.0,1.0,coarse_b15_wc5.5_wo19.25_r70
0.2837488541096202,0.36297535827938493,27.239889994523537,0.7733635008335114,95.0,0.10352619489034016,13863599960.463936,95.0,351.80310444078947,1.0146720387007382,-0.8026649408687061,0.0,37.432336389288594,15.0,5.5,2.5,13.75,70.0,-0.00011228625328385533,0.0,0.001120236236602068,1.0,1.0,1.0,coarse_b15_wc5.5_wo13.75_r70
0.30462223734644783,0.3773865698972944,29.243734785258994,0.7544673979282379,95.0,0.15868197547064888,13474351688.747053,95.0,348.8228618421053,0.9422069323312694,-0.8165260277429751,1.0,37.43760200675871,22.5,5.5,4.5,24.75,70.0,1.0876610964771771e-05,0.0,5.846182830282487e-05,1.0,1.0,1.0,coarse_b22.5_wc5.5_wo24.75_r70
0.22146465177574015,0.29245354688660985,21.260606570471055,0.5339166522026062,95.0,0.47907327281104195,19578437482.934345,95.0,380.680078125,1.2485558694267596,-0.7927790993174693,0.0,37.441429956425736,15.0,2.5,7.0,17.5,70.0,0.16960340817604447,0.0,0.3721005916595459,1.0,1.0,1.0,coarse_b15_wc2.5_wo17.5_r70
0.3420374798264992,0.4156103571199838,32.83559806334392,0.7954652607440948,95.0,0.23211885823143852,13661196989.169289,95.0,355.89453125,0.9760794510579497,-0.8607979107034858,1.0,37.47788392391338,22.5,6.5,3.5,22.75,70.0,-4.025845289135077e-06,0.0,8.951805648393929e-05,1.0,1.0,1.0,coarse_b22.5_wc6.5_wo22.75_r70
0.358028976685335,0.4291117748144409,34.37078176179216,0.7533109486103058,95.0,0.27800679206848145,12378718741.990051,95.0,364.4804070723684,0.8931783982644104,-0.8724723863913212,1.0,37.47890079356236,15.0,6.5,2.5,16.25,70.0,-3.7948300928292156e-06,0.0,2.400553285042406e-06,1.0,1.0,1.0,coarse_b15_wc6.5_wo16.25_r70
0.2323811020619715,0.31151976918478014,22.308585797949263,0.39913254976272583,95.0,0.3461707565519545,22124080131.84319,95.0,393.6344880756579,1.5328098489310749,-0.8516480817738454,0.0,37.483409882323095,37.5,5.5,4.5,24.75,70.0,0.004012974169654626,0.0,0.0012058948632329702,1.0,1.0,1.0,coarse_b37.5_wc5.5_wo24.75_r70
0.35835135396244056,0.4270366829628171,34.40172998039429,0.7592337429523468,95.0,0.23793081442515054,11334505259.872936,95.0,468.8653166118421,0.9551848976309295,-0.9540680595170242,1.0,37.48403732107974,22.5,8.0,4.5,36.0,70.0,3.106907598748876e-06,0.0,5.660095666826237e-06,1.0,1.0,1.0,coarse_b22.5_wc8_wo36_r70
0.35184624180118124,0.44251248668843685,33.7772392129134,0.9001329839229584,95.0,0.17472867170969644,14862587031.857855,95.0,575.1363589638158,1.1255394945889776,-1.0572147232050852,0.0,37.51456299364246,37.5,8.0,4.5,36.0,70.0,4.467193741675146e-05,0.0,0.000447347410954535,1.0,1.0,1.0,coarse_b37.5_wc8_wo36_r70
0.39768468657217443,0.4733710800300775,38.17772991092875,0.7742828726768494,95.0,0.3626026444964939,10889295285.341343,95.0,204.96301398026316,0.8797385165030478,-0.7854642126037273,0.0,37.51634567781969,37.5,5.5,7.0,38.5,70.0,2.2845512148705893e-07,0.0,4.8101210268214345e-06,1.0,1.0,1.0,coarse_b37.5_wc5.5_wo38.5_r70
0.39946933981438093,0.47516730489497744,38.34905662218057,0.7770341038703918,95.0,0.36582770612504745,10910168525.554283,95.0,94.21188322368421,0.8699230644373527,-0.6983054233694915,0.0,37.516531243888124,30.5,6.5,4.5,29.25,70.0,-1.334047837531216e-06,0.0,1.633342617424205e-05,1.0,1.0,1.0,coarse_b30.5_wc6.5_wo29.25_r70
0.403267753046291,0.47922085564068634,38.713704292443936,0.7743545174598694,95.0,0.3570733732647366,10853787748.462624,95.0,233.1336759868421,0.9035962411895481,-0.8074572493186375,0.0,37.52381741760044,22.5,5.5,7.0,38.5,70.0,-2.562223414770415e-06,0.0,1.6734717064537108e-05,1.0,1.0,1.0,coarse_b22.5_wc5.5_wo38.5_r70
0.4140126682088005,0.48963953620966744,39.74521614804485,0.7924580872058868,95.0,0.34723468621571857,11103633942.716976,95.0,346.2343236019737,0.9322282893659124,-0.9103132775712913,0.0,37.53556645860334,30.5,8.0,4.5,36.0,70.0,7.439409614562464e-06,0.0,1.6812078683869913e-05,1.0,1.0,1.0,coarse_b30.5_wc8_wo36_r70
0.2585398837539567,0.3445985637065948,24.81982884037984,0.6154886484146118,95.0,0.581631686952379,22269394872.805637,95.0,386.53978207236844,1.630647844642304,-0.8881855336007196,0.0,37.54467467141025,45.0,5.5,5.5,30.25,70.0,0.03567810747153999,0.0,0.0011394706089049578,1.0,1.0,1.0,coarse_b45_wc5.5_wo30.25_r70
0.42304973982887145,0.5043969594736247,40.61277502357166,0.8312984108924866,95.0,0.4041160609987047,11742985227.175652,95.0,427.6752569901316,0.9114084929979215,-0.9894409329545528,0.0,37.547694802723704,30.5,6.5,5.5,35.75,70.0,6.522370085804141e-06,0.0,5.209737082623178e-06,1.0,1.0,1.0,coarse_b30.5_wc6.5_wo35.75_r70
0.33349552761991913,0.40398492330088126,32.015570651512235,0.3937377631664276,95.0,0.6003883183002472,21019165509.23133,95.0,566.1928042763158,1.3695550237382157,-1.048446398617467,0.0,37.55022988762755,30.5,8.0,2.5,20.0,70.0,-0.028367887949571013,0.0,0.1596871316432953,1.0,1.0,1.0,coarse_b30.5_wc8_wo20_r70
0.4316177215840919,0.5133188984120163,41.43530127207282,0.8262037038803101,95.0,0.4258224434322781,10941140507.497604,95.0,139.81228412828946,0.8895201686641928,-0.7679737216135333,0.0,37.55266683329525,37.5,6.5,5.5,35.75,70.0,2.9616553192113315e-06,0.0,3.759068204089999e-05,1.0,1.0,1.0,coarse_b37.5_wc6.5_wo35.75_r70
0.4433006900210117,0.5288476059934697,42.55686624201712,0.865119993686676,95.0,0.4366797473695543,12097358639.826607,95.0,363.7357319078947,0.9445176717679772,-0.9640620696095906,0.0,37.57344075172911,22.5,8.0,2.5,20.0,70.0,4.2142975509307234e-06,0.0,7.061549695208669e-06,1.0,1.0,1.0,coarse_b22.5_wc8_wo20_r70
0.4489614684892989,0.5347563246449184,43.1003009749727,0.8720319867134094,95.0,0.44641416602664524,11761931458.522085,95.0,362.1284745065789,0.9534153030643767,-0.9685451862605133,0.0,37.58007434072862,30.5,8.0,3.5,28.0,70.0,-3.5238115287938854e-06,0.0,5.920974217588082e-06,1.0,1.0,1.0,coarse_b30.5_wc8_wo28_r70
0.48190052765657043,0.5775194072099052,46.26245065503076,0.9121508598327637,95.0,0.5385887093014188,13088343998.01672,95.0,611.9626953125,0.9389044104739446,-1.199881455764966,0.0,37.61618155500862,22.5,5.5,5.5,30.25,70.0,4.3288593587931246e-05,0.0,2.7449246772448532e-05,1.0,1.0,1.0,coarse_b22.5_wc5.5_wo30.25_r70
0.48950769687812823,0.5855821675783042,46.99273890030031,0.91288161277771,95.0,0.5400927331712511,10790756147.789745,95.0,107.95113075657895,0.9670591965952434,-0.8063335598021591,0.0,37.62649566194223,15.0,5.5,4.5,24.75,70.0,-7.497851228777108e-07,0.0,2.0873154426226392e-05,1.0,1.0,1.0,coarse_b15_wc5.5_wo24.75_r70
0.5001189270804479,0.5938318810658382,48.011416999723,0.9197610020637512,95.0,0.5304238796234131,10992316164.41873,95.0,120.054296875,0.9625231974921152,-0.8301559309656886,0.0,37.63183893003726,22.5,8.0,3.5,28.0,70.0,-2.4868203581718262e-05,0.0,1.6739702914492227e-05,1.0,1.0,1.0,coarse_b22.5_wc8_wo28_r70
0.42430858153623063,0.539446321745473,40.73362382747814,0.3584388196468353,95.0,0.8623490267329745,21514561929.729076,95.0,662.6730571546053,1.3465028618816426,-1.2137343021039386,0.0,37.659689321081075,45.0,5.5,7.0,38.5,70.0,-0.006165353552205488,0.0,0.11028987169265747,1.0,1.0,1.0,coarse_b45_wc5.5_wo38.5_r70
0.4878655974191564,0.6859301818254793,46.83509735223902,0.13255110383033752,95.0,1.2537698249022167,14094418018.471188,95.0,161.41472039473683,1.1113369651832017,-0.882430592713769,0.0,37.744487872334105,15.0,4.0,2.5,10.0,70.0,1.294310055754977e-05,0.0,1.3594055417343043e-05,1.0,1.0,1.0,coarse_b15_wc4_wo10_r70
0.5978047744676639,0.7090781475945832,57.38925834889574,1.0686983466148376,95.0,0.6857502063115438,11418729775.115059,95.0,464.6778166118421,1.090353963988967,-1.2109825836597163,0.0,37.74934101410612,15.0,8.0,4.5,36.0,70.0,-2.3071226534987976e-09,0.0,8.588425771449693e-06,1.0,1.0,1.0,coarse_b15_wc8_wo36_r70
0.5135167222377556,0.714471106027227,49.29760533482454,0.2303469479084015,95.0,1.2973309655984242,15570113103.081697,95.0,293.52467105263156,1.2844114106397977,-1.0143303749865076,0.0,37.79671758056454,15.0,4.0,4.5,18.0,70.0,1.3145433257477634e-06,0.0,4.3990676203975454e-05,1.0,1.0,1.0,coarse_b15_wc4_wo18_r70
0.5251882955348014,0.6950750447303132,50.41807637134093,0.3702850639820099,95.0,1.2251634233527713,22168463194.474625,95.0,868.9290090460527,1.4402952872351542,-1.4960237738237252,0.0,37.80879200194177,45.0,6.5,5.5,35.75,70.0,3.7624931792379357e-06,0.0,4.935262040817179e-05,1.0,1.0,1.0,coarse_b45_wc6.5_wo35.75_r70
0.5301449545863548,0.7492302657503014,50.89391564029006,0.17059406638145447,95.0,1.3727009263303545,14638818778.232628,95.0,344.92033819901314,1.2346829033389637,-1.081604611938866,0.0,37.81653602801484,22.5,5.5,2.5,13.75,70.0,-5.3168177629459024e-05,0.0,0.00045964846503920853,1.0,1.0,1.0,coarse_b22.5_wc5.5_wo13.75_r70
0.5486159094679289,0.7693212109673655,52.66712730892118,0.22641947865486145,95.0,1.402150981956058,15550489853.02113,95.0,282.25648643092103,1.3178175605343558,-1.0486858707307372,0.0,37.847222950135375,22.5,4.0,7.0,28.0,70.0,-4.012879492165666e-05,0.0,0.000556737941224128,1.0,1.0,1.0,coarse_b22.5_wc4_wo28_r70
0.5581392999948941,0.7379741212789389,53.581372799509836,0.32142335176467896,95.0,1.2484367489814758,21070867483.68399,95.0,1798.1715357730263,1.5168439897201433,-2.268422965386215,0.0,37.85134363211423,45.0,8.0,3.5,28.0,70.0,0.03934096534794662,0.0,0.22330842912197113,1.0,0.625,1.0,coarse_b45_wc8_wo28_r70
0.5561803272383159,0.8048220113505229,53.393311414878326,0.22061005234718323,95.0,1.5450657804807026,15205260052.646996,95.0,264.8490953947368,1.3666844526825697,-1.0621882452546776,0.0,37.886908303078236,22.5,4.0,5.5,22.0,70.0,9.671606630945462e-05,0.0,0.0011193918762728572,1.0,1.0,1.0,coarse_b22.5_wc4_wo22_r70
0.5905944028734756,0.8385862130384792,56.69706267585366,0.2128131091594696,95.0,1.548101504643758,15054500865.21983,95.0,173.06634457236842,1.3901768397418994,-1.0492744693337472,0.0,37.915972206261834,45.0,8.0,2.5,20.0,70.0,-0.0012346484531917667,0.0,0.003254305338487029,1.0,1.0,1.0,coarse_b45_wc8_wo20_r70
0.585774424639015,0.8316213131001008,56.23434476534544,0.23520055413246155,95.0,1.511212494638231,18155884133.747253,95.0,533.7398129111842,1.4624024500720305,-1.303155641012468,0.0,37.91950798529737,22.5,5.5,3.5,19.25,70.0,-1.004215664579533e-05,0.0,7.567484863102436e-05,1.0,1.0,1.0,coarse_b22.5_wc5.5_wo19.25_r70
0.6045659281908394,0.880329562043521,58.03832910632059,0.24059763550758362,95.0,1.7049302922354803,15702502226.168844,95.0,399.58173828125,1.498592201143681,-1.229691271086984,0.0,37.971089651022645,37.5,5.5,5.5,30.25,70.0,-0.00038774741096858634,0.0,0.0038403114303946495,1.0,1.0,1.0,coarse_b37.5_wc5.5_wo30.25_r70
0.6067510088535618,0.8841027917189481,58.24809684994193,0.2321648895740509,95.0,1.6941781640052795,15829257671.509594,95.0,529.7392475328948,1.5021415542047878,-1.336554597178738,0.0,37.97310552125876,15.0,4.0,3.5,14.0,70.0,1.2341701108198322e-05,0.0,6.634818419115618e-05,1.0,1.0,1.0,coarse_b15_wc4_wo14_r70
0.6124368478830675,0.8923557015133582,58.79393739677448,0.251071959733963,95.0,1.7759554121229384,24754113731.355873,95.0,413.4331208881579,1.5205571040908943,-1.2601828285637777,0.0,37.98846444318711,37.5,6.5,3.5,22.75,70.0,0.44994454458355904,0.0,0.7735349535942078,1.0,1.0,1.0,coarse_b37.5_wc6.5_wo22.75_r70
0.6233195252736982,0.9020277603435652,59.83867442627502,0.2495708167552948,95.0,1.7364391816986933,15628775353.746334,95.0,243.58914473684212,1.5201343617919127,-1.1301228669848449,0.0,37.99270587838349,45.0,6.5,4.5,29.25,70.0,4.429333387179213e-05,0.0,0.00040846754563972354,1.0,1.0,1.0,coarse_b45_wc6.5_wo29.25_r70
0.7843103044139236,0.9316822076649184,75.29378922373667,1.3650226593017578,95.0,0.9340458843443129,17968008822.253178,95.0,5483.297039473684,1.5346035787345198,-5.395559163017803,0.0,38.00150193584225,15.0,6.5,7.0,45.5,70.0,2.25390931518632e-06,0.0,1.543346661492251e-05,1.0,1.0,1.0,coarse_b15_wc6.5_wo45.5_r70
0.6523932910452169,0.9310988384126537,62.62975594034083,0.2562060058116913,95.0,1.7266012628873189,15822258959.066307,95.0,280.8585115131579,1.5486212458851383,-1.1867720369822499,0.0,38.018128427365994,22.5,6.5,2.5,16.25,70.0,9.408581377101655e-06,0.0,6.92907051416114e-05,1.0,1.0,1.0,coarse_b22.5_wc6.5_wo16.25_r70
0.6365303729706184,0.9283477460111317,61.10691580517937,0.2531053125858307,95.0,1.8526097668541803,24653034793.471375,95.0,397.3399568256579,1.5579346726774215,-1.2740436713697856,0.0,38.02485842340191,37.5,8.0,2.5,20.0,70.0,0.11342950630933046,0.0,0.5827544331550598,1.0,1.0,1.0,coarse_b37.5_wc8_wo20_r70
0.6741026244028087,0.9663475293442237,64.71385194266963,0.24142953753471375,95.0,1.7787588040033977,17186857217.427563,95.0,527.1940892269737,1.6113030565450681,-1.4108736794960839,0.0,38.05513641957261,30.5,6.5,3.5,22.75,70.0,-8.818062383397773e-06,0.0,4.840834662900306e-05,1.0,1.0,1.0,coarse_b30.5_wc6.5_wo22.75_r70
0.6965750771413823,1.0038066896831273,66.8712074055727,0.24725285172462463,95.0,1.8810135059886508,15954193171.334944,95.0,284.9047697368421,1.6294175073274864,-1.2415559175813415,0.0,38.0912474583667,30.5,5.5,5.5,30.25,70.0,1.6040597415667435e-05,0.0,0.00012006777251372114,1.0,1.0,1.0,coarse_b30.5_wc5.5_wo30.25_r70
0.9306700833323376,1.1187968486884992,89.34432799990441,1.6195961833000183,95.0,1.2275250222947862,20376664734.763668,95.0,5909.915604440789,1.6676875119745955,-5.899231939356137,0.0,38.18221933569092,22.5,6.5,7.0,45.5,70.0,8.444837044052633e-05,0.0,0.0013757069827988744,1.0,1.0,1.0,coarse_b22.5_wc6.5_wo45.5_r70
0.7807176901713598,1.1430502980441748,74.94889825645055,0.23973694443702698,95.0,2.19723019335005,15776254040.164467,95.0,272.2659333881579,1.8156631626615662,-1.3489920820212769,0.0,38.23774383071455,37.5,6.5,4.5,29.25,70.0,0.0006430193825508468,0.0,0.006271800026297569,1.0,1.0,1.0,coarse_b37.5_wc6.5_wo29.25_r70
1.055140705280922,1.2732362160999668,101.29350770696851,1.8237171173095703,95.0,1.441312551498413,22679104286.057495,95.0,6261.030108963816,1.8597176379549019,-6.318094887742291,0.0,38.34204505207047,22.5,8.0,5.5,44.0,70.0,3.1287567381355075e-06,0.0,1.3222645975474734e-05,0.875,0.875,1.0,coarse_b22.5_wc8_wo44_r70
1.4325269763487138,1.7759254982515624,137.52258972947652,2.539356231689453,95.0,2.260503980848524,23647563344.055275,95.0,6409.254440789474,2.3009137084957954,-6.866771807743469,0.0,38.84002891868414,15.0,8.0,5.5,44.0,70.0,2.9760097959297127e-06,0.0,1.5990695828804746e-05,1.0,1.0,1.0,coarse_b15_wc8_wo44_r70
1.5432247879712098,1.9719909380708371,148.14957964523614,2.954733192920685,95.0,2.74267668194241,24342923867.194244,95.0,6489.084416118421,2.412629945636961,-7.074313491372251,0.0,39.033643263792555,30.5,6.5,7.0,45.5,70.0,-2.0144777352015808e-05,0.0,3.945719436160289e-05,1.0,1.0,1.0,coarse_b30.5_wc6.5_wo45.5_r70
1.5551983615538134,2.016231398075968,149.2990427091661,3.077603042125702,95.0,2.879255559709337,22774782340.1622,95.0,6804.89142680921,2.489832371622072,-7.3527035807730785,0.0,39.08533430261512,37.5,6.5,7.0,45.5,70.0,2.8429367375792935e-06,0.0,6.390843191184103e-05,1.0,1.0,1.0,coarse_b37.5_wc6.5_wo45.5_r70
2.3086969948331344,3.0193064771091,221.6349115039809,4.6611968874931335,95.0,4.521964973873562,26527374602.95743,95.0,7452.850010279605,3.5466682059737975,-8.742799763107532,0.0,40.109339327932446,37.5,8.0,7.0,56.0,70.0,5.0533756450477085e-06,0.0,9.549376409268007e-05,1.0,1.0,1.0,coarse_b37.5_wc8_wo56_r70
2.3324359309522316,3.0642570003486633,223.91384937141424,4.762048244476318,95.0,4.635296609666613,26478684902.152485,95.0,7422.516550164473,3.604934977431758,-8.750354365189265,0.0,40.15863347665983,45.0,8.0,7.0,56.0,70.0,-0.00018658701674212352,0.0,0.0016693726647645235,1.0,1.0,1.0,coarse_b45_wc8_wo56_r70
2.700690824017459,3.687655644296783,259.2663191056761,6.430127322673798,95.0,6.409984747568767,26418443089.62581,95.0,7396.003937088816,4.284407976148528,-9.233011694258499,0.0,40.85241129184798,30.5,8.0,5.5,44.0,70.0,0.6021173762856051,0.0,0.03303195908665657,1.0,1.0,1.0,coarse_b30.5_wc8_wo44_r70
2.769460806480744,3.802535479061793,265.8682374221514,6.533759772777557,95.0,6.514390680525038,26236010142.794422,95.0,7550.286287006579,4.52479811350882,-9.431148413648968,0.0,40.97583284170401,15.0,8.0,7.0,56.0,70.0,0.17806075096086715,0.0,0.010522558353841305,1.0,1.0,1.0,coarse_b15_wc8_wo56_r70
2.8298254570933614,3.9166688301012647,271.6632438809627,7.242194831371307,95.0,7.133299509684245,27303265101.292248,95.0,6852.135773026316,4.6381385791511525,-9.003252206300369,0.0,41.131361592249206,37.5,8.0,5.5,44.0,70.0,1.9733415246009827,0.0,0.014469599351286888,1.0,1.0,1.0,coarse_b37.5_wc8_wo44_r70
0.11393749924227592,0.14335940223863922,10.937999927258488,0.3144596219062805,95.0,0.09298772944344415,21764679309.036873,95.0,411.0707648026316,0.9134309838827641,-0.7285161508150865,1.0,41.25237802945573,15.0,2.5,4.5,11.25,70.0,-1.396657295525074,1.0,0.9923625588417053,0.25,0.0,1.0,coarse_b15_wc2.5_wo11.25_r70
0.11506335909691028,0.14226524592270798,11.046082473303386,0.32439619302749634,95.0,0.16703034771813285,22592823747.845055,95.0,210.37852076480263,0.8796905209573253,-0.646176331795364,1.0,41.25306248689847,45.0,6.5,2.5,16.25,70.0,-1.1511909514665604,1.0,1.1222983598709106,0.0,0.0,1.0,coarse_b45_wc6.5_wo16.25_r70
2.9336159940153244,4.191136670379207,281.6271354254711,8.231867492198944,95.0,8.028453826904297,26195548393.807053,95.0,6599.570641447369,5.292353541668518,-8.987501615631876,0.0,41.49261505475823,22.5,8.0,7.0,56.0,70.0,3.0831049382686615,0.0,0.01657622493803501,1.0,1.0,1.0,coarse_b22.5_wc8_wo56_r70
2.9611813582999935,4.292224731638232,284.27341039679936,8.79035347700119,95.0,8.508093410068089,27698541405.32608,95.0,7346.959745065789,5.6247766607225165,-9.657600953717141,0.0,41.65313091551488,30.5,8.0,7.0,56.0,70.0,4.086691707372665,0.0,0.013572074472904205,1.0,1.0,1.0,coarse_b30.5_wc8_wo56_r70
0.24019474712053798,0.31947387764702506,23.058695723571645,0.593802273273468,95.0,0.5051680008570353,24228779507.85279,95.0,768.2958984375,1.5011654799022023,-1.1624379603197335,0.0,43.501213889649335,30.5,6.5,2.5,16.25,70.0,1.547407642006874,0.0,1.5425435304641724,0.875,0.875,1.0,coarse_b30.5_wc6.5_wo16.25_r70
0.24826828014023997,0.3835568572052562,23.833754893463038,0.9388495683670044,95.0,0.9011973937352499,19450352674.749546,95.0,582.7710320723684,1.0287199999256011,-0.9809379461151702,0.0,43.50579071034594,15.0,2.5,5.5,13.75,70.0,1.0065612429752946,0.0,1.3735384941101074,1.0,0.875,1.0,coarse_b15_wc2.5_wo13.75_r70
0.36040184874057246,0.4728019372964489,34.598577479094956,0.8801668286323547,95.0,0.11066879166497125,17249370625.241768,95.0,730.6732730263158,1.150407984948403,-1.1977385357082666,0.0,43.53113947290927,30.5,5.5,7.0,38.5,70.0,0.425370188197121,0.0,0.8553675413131714,1.0,1.0,1.0,coarse_b30.5_wc5.5_wo38.5_r70
0.26094166931810747,0.3599056795952433,25.050400254538317,0.8201250433921814,95.0,0.7692856656180488,23874150156.62326,95.0,745.1576788651316,1.4914399685241835,-1.1677428629296367,0.0,43.55179780703692,30.5,5.5,3.5,19.25,70.0,1.1323913913220167,0.0,1.5481940507888794,1.0,1.0,1.0,coarse_b30.5_wc5.5_wo19.25_r70
0.2590018175818969,0.4136892864566501,24.8641744878621,1.1612765192985535,95.0,1.071290545993381,19008198186.83699,95.0,419.18263774671055,1.279258187527293,-0.8900094770007921,0.0,43.580146973262075,30.5,4.0,7.0,28.0,70.0,1.547324426472187,0.0,1.5594408512115479,1.0,1.0,1.0,coarse_b30.5_wc4_wo28_r70
0.2643295722574687,0.420733435685644,25.375638936716996,1.2466828227043152,95.0,1.1153655582004123,19965859998.59203,95.0,358.15026726973684,1.4685066034291538,-0.9018658755560561,0.0,43.61870819570309,37.5,6.5,2.5,16.25,70.0,2.223749577999115,0.0,1.5187407732009888,1.0,1.0,1.0,coarse_b37.5_wc6.5_wo16.25_r70
0.31234981149695074,0.45795109924485083,29.98558190370727,1.2348281741142273,95.0,1.1053921514087253,24528426198.692616,95.0,712.4204461348684,1.8103906472381885,-1.245380048098058,0.0,43.69902959956477,45.0,6.5,3.5,22.75,70.0,2.0609297156333923,0.0,1.2197010517120361,1.0,1.0,1.0,coarse_b45_wc6.5_wo22.75_r70
2.1938054571573367,3.0575343867062363,210.6053238871043,6.3662726283073425,95.0,5.921866522894965,24587323534.088165,95.0,6756.573314144737,3.912440877802919,-8.232199978143148,0.0,46.30834591018808,45.0,6.5,7.0,45.5,70.0,5.723974645137787,0.0,1.1359859704971313,1.0,1.0,1.0,coarse_b45_wc6.5_wo45.5_r70
2.913959116650382,4.065066653388252,279.74007519843667,7.970554053783417,95.0,7.648863156636556,26861235244.99157,95.0,6549.162140213816,4.931855137148391,-8.917106011329173,0.0,47.32967688687246,45.0,8.0,5.5,44.0,70.0,4.425017833709717,0.0,0.832808256149292,1.0,1.0,1.0,coarse_b45_wc8_wo44_r70
0.09585025760374559,0.1178475609460971,9.201624729959576,0.2656785249710083,95.0,0.09565212329228719,21031382974.762085,95.0,217.7348478618421,0.8798032477009353,-0.5892017199338259,1.0,53.22892243755905,30.5,5.5,2.5,13.75,70.0,-1.3922705799341202,1.0,1.3085840940475464,1.0,1.0,1.0,coarse_b30.5_wc5.5_wo13.75_r70
0.12588257011585094,0.16534130507419248,12.084726731121691,0.3979482054710388,95.0,0.1191931234465705,22824416486.73833,95.0,323.25783305921055,0.9966838597340555,-0.6985308246189573,1.0,53.28311122475923,37.5,5.5,3.5,19.25,70.0,-1.410675898194313,1.0,1.0687719583511353,1.0,0.75,1.0,coarse_b37.5_wc5.5_wo19.25_r70
0.15227553869349464,0.2136090117042254,14.618451714575485,0.5428891181945801,95.0,0.1778891815079583,24715147245.175613,95.0,365.60612664473683,1.296786528352575,-0.7693826170987915,0.0,53.36754696031343,45.0,5.5,4.5,24.75,70.0,-2.4014142751693726,1.0,0.985936164855957,1.0,1.0,1.0,coarse_b45_wc5.5_wo24.75_r70
0.17130419442340164,0.2508001964797709,16.44520266464656,0.6268728971481323,95.0,0.24791043334537083,24954800703.20764,95.0,394.8744860197368,1.3192220077505066,-0.8016492955627696,0.0,53.40245454072172,22.5,4.0,3.5,14.0,70.0,-2.458332896232605,1.0,1.2090978622436523,1.0,0.875,1.0,coarse_b22.5_wc4_wo14_r70
0.2376725174629518,0.36453925534443515,22.81656167644337,0.8428178429603577,95.0,0.7820493910047743,19886830982.57189,95.0,489.14222861842103,1.0771823021450795,-0.8974449786805082,0.0,53.48902874739338,22.5,4.0,4.5,18.0,70.0,-0.0652901919092983,1.0,1.4927207231521606,1.0,0.875,1.0,coarse_b22.5_wc4_wo18_r70
0.5980829148823711,0.8796871690934853,57.41595982870763,0.23963478207588196,95.0,1.8325699700249567,17439215789.433273,95.0,516.6395559210526,1.529867617022013,-1.3372668288136988,0.0,53.98432296177471,30.5,5.5,4.5,24.75,70.0,-1.0783093497157097,1.0,1.0246150493621826,1.0,1.0,1.0,coarse_b30.5_wc5.5_wo24.75_r70
0.5977446449203754,0.8173784319138814,57.383485912356036,0.9645841717720032,95.0,1.8962032563156552,26709806065.168106,95.0,656.6827868009868,3.6959029427611663,-1.6315925569490375,0.0,54.29448045189157,45.0,8.0,4.5,36.0,70.0,-8.305298328399658,1.0,1.4857016801834106,1.0,1.0,1.0,coarse_b45_wc8_wo36_r70
0.5972158004638549,0.8429021643517961,57.33271684453007,0.8797454833984375,95.0,2.086475008063846,24917852639.206512,95.0,559.680998149671,3.6714883739903486,-1.5533211929389121,0.0,54.318275516897884,37.5,8.0,3.5,28.0,70.0,-7.788619160652161,1.0,1.197923183441162,1.0,1.0,1.0,coarse_b37.5_wc8_wo28_r70
