0.000000000000000000e+00,1.532762918350069958e+04
2.083333333333333218e-02,1.423690091435213981e+04
4.166666666666666435e-02,1.418202460159466864e+04
6.250000000000000000e-02,1.559318994209040829e+04
8.333333333333332871e-02,1.539277127177720467e+04
1.041666666666666574e-01,1.443818484347656340e+04
1.250000000000000000e-01,1.318679275228964252e+04
1.458333333333333148e-01,1.449737062924550264e+04
1.666666666666666574e-01,1.572917387203618273e+04
1.875000000000000000e-01,1.446226373195673295e+04
2.083333333333333148e-01,1.359577685899044081e+04
2.291666666666666574e-01,1.445514907154274624e+04
2.500000000000000000e-01,1.531488342318652576e+04
2.708333333333333148e-01,1.445062835380694378e+04
2.916666666666666297e-01,1.358656489409961068e+04
3.125000000000000000e-01,1.448773687820398118e+04
3.333333333333333148e-01,1.530970219409201309e+04
3.541666666666666297e-01,1.444648588504938380e+04
3.750000000000000000e-01,1.350577813699362014e+04
3.958333333333333148e-01,1.461512184467026600e+04
4.166666666666666297e-01,1.530260903113337918e+04
4.375000000000000000e-01,1.443927829362829652e+04
4.583333333333333148e-01,1.357611403707915815e+04
4.791666666666666297e-01,1.443477603197867211e+04
5.000000000000000000e-01,1.529488832725384782e+04
5.208333333333332593e-01,1.443474104466801873e+04
5.416666666666666297e-01,1.357420626754655314e+04
5.625000000000000000e-01,1.491418618998546663e+04
5.833333333333332593e-01,1.529404814741540758e+04
6.041666666666666297e-01,1.379942077423883893e+04
6.250000000000000000e-01,1.345835776119933143e+04
6.458333333333332593e-01,1.529551799613747789e+04
6.666666666666666297e-01,1.529337622780661695e+04
6.875000000000000000e-01,1.357655619442094394e+04
7.083333333333332593e-01,1.363272678935110889e+04
7.291666666666666297e-01,1.529331780373953370e+04
7.500000000000000000e-01,1.529108946178476617e+04
7.708333333333332593e-01,1.357475450046694823e+04
7.916666666666666297e-01,1.349079111020187702e+04
8.125000000000000000e-01,1.529560031635237101e+04
8.333333333333332593e-01,1.538477779655595441e+04
8.541666666666666297e-01,1.357830368385597831e+04
8.750000000000000000e-01,1.360501696560108394e+04
8.958333333333332593e-01,1.529341405236159699e+04
9.166666666666666297e-01,1.529114031170859744e+04
9.375000000000000000e-01,1.357456136394280838e+04
9.583333333333332593e-01,1.384331238347132603e+04
9.791666666666666297e-01,1.529572370704419518e+04
1.000000000000000000e+00,1.529308067984422814e+04
1.020833333333333259e+00,1.357633866664983725e+04
1.041666666666666519e+00,1.333848127824797484e+04
1.062500000000000000e+00,1.529413920211709410e+04
1.083333333333333259e+00,1.529259161274696453e+04
1.104166666666666519e+00,1.357512545882697304e+04
1.125000000000000000e+00,1.364740785380623856e+04
1.145833333333333259e+00,1.529423978586693920e+04
1.166666666666666519e+00,1.529285271578420725e+04
1.187500000000000000e+00,1.357414508025971008e+04
1.208333333333333259e+00,1.358313508176759569e+04
1.229166666666666519e+00,1.529233061768453263e+04
1.250000000000000000e+00,1.529089582847919883e+04
1.270833333333333259e+00,1.353513895287235573e+04
1.291666666666666519e+00,1.377692548558953786e+04
1.312500000000000000e+00,1.529816229356228723e+04
1.333333333333333259e+00,1.523791272490320262e+04
1.354166666666666519e+00,1.357768061621263769e+04
1.375000000000000000e+00,1.357602753424097318e+04
1.395833333333333259e+00,1.529322676068392320e+04
1.416666666666666519e+00,1.529198072042973581e+04
1.437500000000000000e+00,1.357382038931446732e+04
1.458333333333333259e+00,1.361009721374058427e+04
1.479166666666666519e+00,1.529231247111626362e+04
1.500000000000000000e+00,1.529060524575208547e+04
1.520833333333333259e+00,1.382939768930100036e+04
1.541666666666666519e+00,1.330899227851524483e+04
1.562500000000000000e+00,1.529604535354717882e+04
1.583333333333333259e+00,1.553705386188391640e+04
1.604166666666666519e+00,1.357841160953891813e+04
1.625000000000000000e+00,1.332356503111226630e+04
1.645833333333333259e+00,1.529482282970650340e+04
1.666666666666666519e+00,1.529247959906039614e+04
1.687500000000000000e+00,1.357524588710982061e+04
1.708333333333333259e+00,1.375344682625216592e+04
1.729166666666666519e+00,1.529443284845177186e+04
1.750000000000000000e+00,1.529208835882751737e+04
1.770833333333333259e+00,1.357485787147793963e+04
1.791666666666666519e+00,1.376937838669228950e+04
1.812500000000000000e+00,1.529289469546067630e+04
1.833333333333333259e+00,1.529098165368948321e+04
1.854166666666666519e+00,1.331011086982378038e+04
1.875000000000000000e+00,1.367200042207137085e+04
1.895833333333333259e+00,1.529501496752450112e+04
1.916666666666666519e+00,1.529247754981420803e+04
1.937500000000000000e+00,1.357576313673959521e+04
1.958333333333333259e+00,1.357542602584301130e+04
1.979166666666666519e+00,1.529131889342010254e+04
2.000000000000000000e+00,1.528912792371631804e+04
2.020833333333333037e+00,1.332755133086599017e+04
2.041666666666666519e+00,1.404260156617327448e+04
2.062500000000000000e+00,1.529654696602266267e+04
2.083333333333333037e+00,1.491655058759774693e+04
2.104166666666666519e+00,1.357982325817330275e+04
2.125000000000000000e+00,1.424508536705707957e+04
2.145833333333333037e+00,1.529542425944135539e+04
2.166666666666666519e+00,1.443437472769367741e+04
2.187500000000000000e+00,1.357530911955328338e+04
2.208333333333333037e+00,1.443409600560629769e+04
2.229166666666666519e+00,1.529223312598572011e+04
2.250000000000000000e+00,1.443283186994996504e+04
2.270833333333333037e+00,1.394142162116633335e+04
2.291666666666666519e+00,1.443380345037886582e+04
2.312500000000000000e+00,1.389471818781095499e+04
2.333333333333333037e+00,1.448018627607818053e+04
2.354166666666666519e+00,1.292850245520737371e+04
2.375000000000000000e+00,1.254399154147208537e+04
2.395833333333333037e+00,1.578552543701751711e+04
2.416666666666666519e+00,1.501591822659356694e+04
2.437500000000000000e+00,1.364406248831085395e+04
2.458333333333333037e+00,1.457924760962966684e+04
2.479166666666666519e+00,1.592827675191018716e+04
2.500000000000000000e+00,1.368494460557958519e+04
2.520833333333333037e+00,1.348977654098941275e+04
2.541666666666666519e+00,1.528556927051842285e+04
2.562500000000000000e+00,1.513520864288222947e+04
2.583333333333333037e+00,1.321365819987672148e+04
2.604166666666666519e+00,1.466070477885877335e+04
2.625000000000000000e+00,1.557461967008097054e+04
2.645833333333333037e+00,1.376097626242603292e+04
2.666666666666666519e+00,1.397727237930248884e+04
2.687500000000000000e+00,1.524429144422673198e+04
2.708333333333333037e+00,1.449220070196247252e+04
2.729166666666666519e+00,1.434009712091481924e+04
2.750000000000000000e+00,1.448666008659980798e+04
2.770833333333333037e+00,1.424846566401370001e+04
2.791666666666666519e+00,1.448006269777663329e+04
2.812500000000000000e+00,1.525618841303310910e+04
2.833333333333333037e+00,1.427592413748556646e+04
2.854166666666666519e+00,1.360549169268065089e+04
2.875000000000000000e+00,1.492290605976796360e+04
2.895833333333333037e+00,1.531243982103358576e+04
2.916666666666666519e+00,1.343078661416016985e+04
2.937500000000000000e+00,1.361536577451469930e+04
2.958333333333333037e+00,1.595519155880573453e+04
2.979166666666666519e+00,1.469450910629471036e+04
3.000000000000000000e+00,1.277572440589337566e+04
3.020833333333333037e+00,1.425612795577523502e+04
3.041666666666666519e+00,1.616482885132708179e+04
3.062500000000000000e+00,1.431276839313556775e+04
3.083333333333333037e+00,1.272941275445407518e+04
3.104166666666666519e+00,1.511642946214752737e+04
3.125000000000000000e+00,1.584398321715538623e+04
3.145833333333333037e+00,1.355727197670467285e+04
3.166666666666666519e+00,1.321954406924164141e+04
3.187500000000000000e+00,1.530035398024538517e+04
3.208333333333333037e+00,1.544711986910191263e+04
3.229166666666666519e+00,1.333205484295956921e+04
3.250000000000000000e+00,1.367953804080357077e+04
3.270833333333333037e+00,1.545660276484040151e+04
3.291666666666666519e+00,1.463661104726045960e+04
3.312500000000000000e+00,1.391642840299340241e+04
3.333333333333333037e+00,1.444440129509678809e+04
3.354166666666666519e+00,1.468789969364561694e+04
3.375000000000000000e+00,1.444279085576885336e+04
3.395833333333333037e+00,1.447178478261100463e+04
3.416666666666666519e+00,1.487934913523680370e+04
3.437500000000000000e+00,1.414817811983314095e+04
3.458333333333333037e+00,1.425044288061129555e+04
3.479166666666666519e+00,1.523012089099924196e+04
3.500000000000000000e+00,1.463404989557903536e+04
3.520833333333333037e+00,1.327174700629879953e+04
3.541666666666666519e+00,1.447639917227693513e+04
3.562500000000000000e+00,1.553971035672452490e+04
3.583333333333333037e+00,1.396859908840611388e+04
3.604166666666666519e+00,1.357712309456602816e+04
3.625000000000000000e+00,1.530375443474159329e+04
3.645833333333333037e+00,1.469987910930524595e+04
3.666666666666666519e+00,1.358541376561309517e+04
3.687500000000000000e+00,1.453283742134267595e+04
3.708333333333333037e+00,1.530330279496398725e+04
3.729166666666666519e+00,1.383248442444026659e+04
3.750000000000000000e+00,1.395113212344709609e+04
3.770833333333333037e+00,1.530195650215910428e+04
3.791666666666666519e+00,1.460871043713523977e+04
3.812500000000000000e+00,1.358279229872427095e+04
3.833333333333333037e+00,1.470329444612419320e+04
3.854166666666666519e+00,1.525803159857146238e+04
3.875000000000000000e+00,1.360026692698591796e+04
3.895833333333333037e+00,1.413504290418261371e+04
3.916666666666666519e+00,1.530121436439724494e+04
3.937500000000000000e+00,1.453697349000979739e+04
3.958333333333333037e+00,1.375382298809086569e+04
3.979166666666666519e+00,1.463228367622446603e+04
4.000000000000000000e+00,1.515185225150470069e+04
4.020833333333333037e+00,1.384698528754262588e+04
4.041666666666666075e+00,1.424435552061155249e+04
4.062500000000000000e+00,1.527999197048460701e+04
4.083333333333333037e+00,1.435637686795317859e+04
4.104166666666666075e+00,1.340495692782961123e+04
4.125000000000000000e+00,1.513458238875530878e+04
4.145833333333333037e+00,1.495234110386599787e+04
4.166666666666666075e+00,1.358245481496467983e+04
4.187500000000000000e+00,1.425852899720098503e+04
4.208333333333333037e+00,1.530261553182264470e+04
4.229166666666666075e+00,1.432142822602312663e+04
4.250000000000000000e+00,1.354037286647157453e+04
4.270833333333333037e+00,1.492737967018286145e+04
4.291666666666666075e+00,1.485213605576249029e+04
4.312500000000000000e+00,1.383256960861694097e+04
4.333333333333333037e+00,1.446157467093867308e+04
4.354166666666666075e+00,1.554699237047331917e+04
4.375000000000000000e+00,1.407361025038119260e+04
4.395833333333333037e+00,1.348609778683708282e+04
4.416666666666666075e+00,1.530549135898695386e+04
4.437500000000000000e+00,1.469284380603656973e+04
4.458333333333333037e+00,1.358458060838150777e+04
4.479166666666666075e+00,1.453773201449277258e+04
4.500000000000000000e+00,1.530427703693338844e+04
4.520833333333333037e+00,1.381971691974014902e+04
4.541666666666666075e+00,1.403279453748201195e+04
4.562500000000000000e+00,1.556150131471192435e+04
4.583333333333333037e+00,1.455150461591685962e+04
4.604166666666666075e+00,1.328854064299194579e+04
4.625000000000000000e+00,1.481401841225969110e+04
4.645833333333333037e+00,1.520628456349850967e+04
4.666666666666666075e+00,1.358222694483560554e+04
4.687500000000000000e+00,1.418694233727995015e+04
4.708333333333333037e+00,1.530253829922050863e+04
4.729166666666666075e+00,1.449090082463431099e+04
4.750000000000000000e+00,1.358489423503735452e+04
4.770833333333333037e+00,1.497303929960185633e+04
4.791666666666666075e+00,1.513116078519882285e+04
4.812500000000000000e+00,1.358088788266457414e+04
4.833333333333333037e+00,1.420212159238410823e+04
4.854166666666666075e+00,1.519734910611877422e+04
4.875000000000000000e+00,1.441710413456737297e+04
4.895833333333333037e+00,1.358395456859035039e+04
4.916666666666666075e+00,1.507211550446647743e+04
4.937500000000000000e+00,1.499011409649131747e+04
4.958333333333333037e+00,1.358216247350335107e+04
4.979166666666666075e+00,1.423580296634811384e+04
