0.000000000000000000e+00,-1.515940409683426333e+04
2.083333333333333218e-02,6.553500000000000728e+04
4.166666666666666435e-02,6.553500000000000728e+04
6.250000000000000000e-02,6.553500000000000728e+04
8.333333333333332871e-02,6.553500000000000728e+04
1.041666666666666574e-01,6.553500000000000728e+04
1.250000000000000000e-01,6.553500000000000728e+04
1.458333333333333148e-01,6.553500000000000728e+04
1.666666666666666574e-01,6.553500000000000728e+04
1.875000000000000000e-01,6.553500000000000728e+04
2.083333333333333148e-01,5.211008610179803509e+04
2.291666666666666574e-01,1.999999999999999636e+04
2.500000000000000000e-01,1.999999999999999636e+04
2.708333333333333148e-01,1.999999999999999636e+04
2.916666666666666297e-01,1.999999999999999636e+04
3.125000000000000000e-01,1.999999999999999636e+04
3.333333333333333148e-01,1.999999999999999636e+04
3.541666666666666297e-01,1.999999999999999636e+04
3.750000000000000000e-01,1.999999999999999636e+04
3.958333333333333148e-01,1.999999999999999636e+04
4.166666666666666297e-01,1.999999999999999636e+04
4.375000000000000000e-01,1.999999999999999636e+04
4.583333333333333148e-01,1.999999999999999636e+04
4.791666666666666297e-01,1.999999999999999636e+04
5.000000000000000000e-01,1.999999999999999636e+04
5.208333333333332593e-01,1.999999999999999636e+04
5.416666666666666297e-01,1.999999999999999636e+04
5.625000000000000000e-01,1.999999999999999636e+04
5.833333333333332593e-01,1.999999999999999636e+04
6.041666666666666297e-01,1.999999999999999636e+04
6.250000000000000000e-01,1.999999999999999636e+04
6.458333333333332593e-01,1.999999999999999636e+04
6.666666666666666297e-01,1.999999999999999636e+04
6.875000000000000000e-01,1.999999999999999636e+04
7.083333333333332593e-01,1.999999999999999636e+04
7.291666666666666297e-01,1.999999999999999636e+04
7.500000000000000000e-01,1.999999999999999636e+04
7.708333333333332593e-01,1.999999999999999636e+04
7.916666666666666297e-01,1.999999999999999636e+04
8.125000000000000000e-01,1.999999999999999636e+04
8.333333333333332593e-01,1.999999999999999636e+04
8.541666666666666297e-01,1.999999999999999636e+04
8.750000000000000000e-01,1.999999999999999636e+04
8.958333333333332593e-01,1.999999999999999636e+04
9.166666666666666297e-01,1.999999999999999636e+04
9.375000000000000000e-01,1.999999999999999636e+04
9.583333333333332593e-01,1.999999999999999636e+04
9.791666666666666297e-01,1.999999999999999636e+04
1.000000000000000000e+00,1.999999999999999636e+04
1.020833333333333259e+00,2.036246109102552145e+04
1.041666666666666519e+00,2.466322021460835094e+04
1.062500000000000000e+00,2.686682560884845952e+04
1.083333333333333259e+00,2.935739260267868303e+04
1.104166666666666519e+00,3.164349907482745766e+04
1.125000000000000000e+00,3.160129563084690380e+04
1.145833333333333259e+00,3.846048284103224432e+04
1.166666666666666519e+00,4.907228758633455436e+04
1.187500000000000000e+00,5.039950138386499020e+04
1.208333333333333259e+00,4.875650181950893602e+04
1.229166666666666519e+00,5.999497968669324473e+04
1.250000000000000000e+00,6.553500000000000728e+04
1.270833333333333259e+00,6.553500000000000728e+04
1.291666666666666519e+00,6.553500000000000728e+04
1.312500000000000000e+00,6.553500000000000728e+04
1.333333333333333259e+00,6.553500000000000728e+04
1.354166666666666519e+00,6.553500000000000728e+04
1.375000000000000000e+00,6.553500000000000728e+04
1.395833333333333259e+00,6.553500000000000728e+04
1.416666666666666519e+00,6.553500000000000728e+04
1.437500000000000000e+00,6.553500000000000728e+04
1.458333333333333259e+00,6.392794226820005133e+04
1.479166666666666519e+00,5.692061050529510976e+04
1.500000000000000000e+00,4.908000620770423848e+04
1.520833333333333259e+00,5.105925971226616821e+04
1.541666666666666519e+00,4.707256488470023032e+04
1.562500000000000000e+00,4.548964084078314045e+04
1.583333333333333259e+00,4.385944240652067674e+04
1.604166666666666519e+00,3.606457608608779992e+04
1.625000000000000000e+00,3.516441460213791288e+04
1.645833333333333259e+00,3.198445531198549725e+04
1.666666666666666519e+00,3.294499777043409995e+04
1.687500000000000000e+00,4.123476830569346930e+04
1.708333333333333259e+00,4.459342178271950979e+04
1.729166666666666519e+00,4.725041470836161170e+04
1.750000000000000000e+00,4.389006208594007330e+04
1.770833333333333259e+00,4.292062383854858490e+04
1.791666666666666519e+00,5.324298551298978418e+04
1.812500000000000000e+00,5.465681892326289380e+04
1.833333333333333259e+00,4.612110147185299138e+04
1.854166666666666519e+00,4.876763611117515393e+04
1.875000000000000000e+00,5.433915881130235357e+04
1.895833333333333259e+00,5.120139566881758219e+04
1.916666666666666519e+00,5.034054123184041237e+04
1.937500000000000000e+00,3.873247104994967231e+04
1.958333333333333259e+00,3.630929181860872632e+04
1.979166666666666519e+00,3.698090658616845030e+04
2.000000000000000000e+00,3.728956022297706659e+04
2.020833333333333037e+00,3.773062691615752556e+04
2.041666666666666519e+00,3.499475334976299200e+04
2.062500000000000000e+00,2.913440498896968347e+04
2.083333333333333037e+00,2.693624815129168564e+04
2.104166666666666519e+00,1.999999999999999636e+04
2.125000000000000000e+00,1.999999999999999636e+04
2.145833333333333037e+00,1.999999999999999636e+04
2.166666666666666519e+00,1.999999999999999636e+04
2.187500000000000000e+00,2.025042704436046188e+04
2.208333333333333037e+00,2.174533388999710223e+04
2.229166666666666519e+00,2.201518190879256508e+04
2.250000000000000000e+00,2.257677742714690976e+04
2.270833333333333037e+00,2.188560827888290441e+04
2.291666666666666519e+00,2.311978560872483285e+04
2.312500000000000000e+00,2.432608142821264846e+04
2.333333333333333037e+00,2.337064651034235430e+04
2.354166666666666519e+00,2.826946181496246936e+04
2.375000000000000000e+00,3.837024463999593718e+04
2.395833333333333037e+00,3.861010596038759104e+04
2.416666666666666519e+00,3.580760083072270209e+04
2.437500000000000000e+00,4.248656331764266361e+04
2.458333333333333037e+00,4.987838151299375022e+04
2.479166666666666519e+00,4.431376221251322568e+04
2.500000000000000000e+00,4.373181210310638562e+04
2.520833333333333037e+00,4.976913833662775869e+04
2.541666666666666519e+00,5.213799055714309361e+04
2.562500000000000000e+00,5.194016429124944261e+04
2.583333333333333037e+00,5.121641731880416773e+04
2.604166666666666519e+00,4.695736342579881602e+04
2.625000000000000000e+00,5.258443085150451225e+04
2.645833333333333037e+00,5.933815983847174357e+04
2.666666666666666519e+00,5.311170537349615188e+04
2.687500000000000000e+00,4.998862477618300909e+04
2.708333333333333037e+00,5.320162804799740843e+04
2.729166666666666519e+00,5.627445027297741763e+04
2.750000000000000000e+00,5.273258211067000957e+04
2.770833333333333037e+00,4.904749263107350271e+04
2.791666666666666519e+00,5.168223603397842089e+04
2.812500000000000000e+00,5.415844006031967001e+04
2.833333333333333037e+00,4.908952744757151959e+04
2.854166666666666519e+00,4.577540362626400747e+04
2.875000000000000000e+00,4.823328100639580225e+04
2.895833333333333037e+00,4.959949950968799385e+04
2.916666666666666519e+00,4.489703170976163528e+04
2.937500000000000000e+00,4.090362181817503733e+04
2.958333333333333037e+00,4.263417174265649373e+04
2.979166666666666519e+00,4.301240375310214586e+04
3.000000000000000000e+00,3.721845646048691560e+04
3.020833333333333037e+00,3.258993040955700417e+04
3.041666666666666519e+00,3.349578972473691829e+04
3.062500000000000000e+00,3.386208038609335927e+04
3.083333333333333037e+00,3.018283502232716637e+04
3.104166666666666519e+00,2.701064221305907995e+04
3.125000000000000000e+00,2.650426556983771661e+04
3.145833333333333037e+00,2.528601026751681638e+04
3.166666666666666519e+00,2.276946500826574629e+04
3.187500000000000000e+00,2.211307477996033049e+04
3.208333333333333037e+00,2.203758849071878285e+04
3.229166666666666519e+00,2.102406333930201436e+04
3.250000000000000000e+00,2.027164705759690696e+04
3.270833333333333037e+00,2.152709227548710624e+04
3.291666666666666519e+00,2.011485873527019430e+04
3.312500000000000000e+00,1.999999999999999636e+04
3.333333333333333037e+00,2.080855354446682759e+04
3.354166666666666519e+00,2.234820422749943100e+04
3.375000000000000000e+00,2.273285215955743115e+04
3.395833333333333037e+00,2.394633163758143201e+04
3.416666666666666519e+00,2.696075416541307277e+04
3.437500000000000000e+00,2.788008932825452939e+04
3.458333333333333037e+00,2.829084510677351136e+04
3.479166666666666519e+00,3.264880988789565527e+04
3.500000000000000000e+00,3.381154640956882213e+04
3.520833333333333037e+00,3.263248574106589876e+04
3.541666666666666519e+00,3.864710478272933688e+04
3.562500000000000000e+00,4.139071777886536438e+04
3.583333333333333037e+00,3.643817410272080451e+04
3.604166666666666519e+00,4.045350020481172396e+04
3.625000000000000000e+00,4.774385569152535027e+04
3.645833333333333037e+00,4.589617372595181951e+04
3.666666666666666519e+00,4.358220074652553740e+04
3.687500000000000000e+00,4.704091964917463338e+04
3.708333333333333037e+00,4.875249987141224119e+04
3.729166666666666519e+00,5.309536550042782619e+04
3.750000000000000000e+00,5.045344721575692529e+04
3.770833333333333037e+00,4.631965663877250336e+04
3.791666666666666519e+00,5.352618188999179256e+04
3.812500000000000000e+00,5.747259195461222407e+04
3.833333333333333037e+00,5.033739071213880379e+04
3.854166666666666519e+00,4.560938517013040837e+04
3.875000000000000000e+00,5.182736533829456312e+04
3.895833333333333037e+00,5.788784772549429908e+04
3.916666666666666519e+00,5.101846974390110699e+04
3.937500000000000000e+00,4.398573216899548424e+04
3.958333333333333037e+00,4.959240266271148721e+04
3.979166666666666519e+00,5.505857482810501824e+04
4.000000000000000000e+00,4.760483961374391220e+04
4.020833333333333037e+00,4.001379757355320180e+04
4.041666666666666075e+00,4.539772428660272271e+04
4.062500000000000000e+00,4.922811180541286740e+04
4.083333333333333037e+00,4.217719155973308807e+04
4.104166666666666075e+00,3.418511178031662712e+04
4.125000000000000000e+00,3.893301415210281993e+04
4.145833333333333037e+00,4.362969810972915002e+04
4.166666666666666075e+00,3.549465073118228611e+04
4.187500000000000000e+00,2.752347284672316891e+04
4.208333333333333037e+00,3.201658217585954480e+04
4.229166666666666075e+00,3.672197804657793313e+04
4.250000000000000000e+00,2.777510974088419971e+04
4.270833333333333037e+00,2.127874449754888701e+04
4.291666666666666075e+00,2.562974215552188616e+04
4.312500000000000000e+00,3.033354590189266310e+04
4.333333333333333037e+00,2.334247683455041624e+04
4.354166666666666075e+00,1.999999999999999636e+04
4.375000000000000000e+00,2.190639165880571090e+04
4.395833333333333037e+00,2.455952138598452802e+04
4.416666666666666075e+00,2.151479800427074588e+04
4.437500000000000000e+00,2.010103919148898058e+04
4.458333333333333037e+00,2.427011798772542897e+04
4.479166666666666075e+00,2.471028080320854497e+04
4.500000000000000000e+00,2.146844005619628660e+04
4.520833333333333037e+00,2.486494742904002487e+04
4.541666666666666075e+00,2.905533181741979206e+04
4.562500000000000000e+00,2.719012374070609803e+04
4.583333333333333037e+00,2.729546500834839753e+04
4.604166666666666075e+00,3.317016453773038666e+04
4.625000000000000000e+00,3.498953018388850614e+04
4.645833333333333037e+00,3.197715731569396667e+04
4.666666666666666075e+00,3.264672859362755844e+04
4.687500000000000000e+00,4.011306866944119247e+04
4.708333333333333037e+00,4.359977033549383486e+04
4.729166666666666075e+00,3.787166606216551008e+04
4.750000000000000000e+00,3.802290581443334668e+04
4.770833333333333037e+00,4.837115360010414588e+04
4.791666666666666075e+00,4.917950467696761916e+04
4.812500000000000000e+00,3.992640173889840662e+04
4.833333333333333037e+00,4.640755184842257586e+04
4.854166666666666075e+00,5.346883529864509910e+04
4.875000000000000000e+00,4.907404909658750694e+04
4.895833333333333037e+00,4.373864898478810210e+04
4.916666666666666075e+00,5.023936750771409424e+04
4.937500000000000000e+00,5.701297237213023618e+04
4.958333333333333037e+00,5.023744748854180943e+04
4.979166666666666075e+00,4.449762234493911819e+04
5.000000000000000000e+00,5.080688410439867585e+04
5.020833333333333037e+00,5.699834059460974822e+04
5.041666666666666075e+00,4.993152003438413522e+04
5.062500000000000000e+00,4.331209654386351758e+04
5.083333333333333037e+00,4.904824340095563821e+04
5.104166666666666075e+00,5.468756666723996750e+04
5.125000000000000000e+00,4.739148452728091797e+04
5.145833333333333037e+00,3.994844829156701599e+04
5.166666666666666075e+00,4.519578571750007541e+04
5.187500000000000000e+00,5.037632585195382126e+04
5.208333333333333037e+00,4.219449596770432254e+04
5.229166666666666075e+00,3.483559079836406454e+04
5.250000000000000000e+00,3.975497902221020195e+04
5.270833333333333037e+00,4.465212806548280059e+04
5.291666666666666075e+00,3.670553687255628756e+04
5.312500000000000000e+00,2.872562691699856805e+04
5.333333333333333037e+00,3.275891812696316993e+04
5.354166666666666075e+00,3.795792069146836002e+04
5.375000000000000000e+00,3.053537469485948168e+04
5.395833333333333037e+00,2.271442663894219004e+04
5.416666666666666075e+00,2.910025005072510612e+04
5.437500000000000000e+00,3.301111053033730423e+04
5.458333333333333037e+00,2.557624235766451602e+04
5.479166666666666075e+00,1.999999999999999636e+04
5.500000000000000000e+00,2.408117594953119988e+04
5.520833333333333037e+00,2.916537458900450656e+04
5.541666666666666075e+00,2.345785773013728976e+04
5.562500000000000000e+00,1.999999999999999636e+04
5.583333333333333037e+00,2.487287941989542378e+04
5.604166666666666075e+00,2.922728546463793464e+04
5.625000000000000000e+00,2.171840693883382482e+04
5.645833333333333037e+00,2.165615085472802821e+04
5.666666666666666075e+00,3.029354910543225196e+04
5.687500000000000000e+00,3.214718730667181808e+04
5.708333333333333037e+00,2.640136293522902270e+04
5.729166666666666075e+00,2.718985575115555184e+04
5.750000000000000000e+00,3.570856782327911787e+04
5.770833333333333037e+00,3.808719389421259984e+04
5.791666666666666075e+00,3.062605873830557175e+04
5.812500000000000000e+00,3.272515818094855786e+04
5.833333333333333037e+00,4.402003642872543423e+04
5.854166666666666075e+00,4.356512198348127276e+04
5.875000000000000000e+00,3.497727849318634981e+04
5.895833333333333037e+00,3.907461761562689935e+04
5.916666666666666075e+00,5.005243511244587717e+04
5.937500000000000000e+00,4.600729491000120470e+04
5.958333333333333037e+00,3.967124273661376355e+04
5.979166666666666075e+00,4.852203047406114638e+04
6.000000000000000000e+00,5.370102288192976266e+04
6.020833333333333037e+00,4.619883085843892331e+04
6.041666666666666075e+00,4.261038987110340531e+04
6.062500000000000000e+00,5.262306576596807281e+04
6.083333333333333037e+00,5.610470508654761215e+04
6.104166666666666075e+00,4.627319390625824599e+04
6.125000000000000000e+00,4.343912171461316757e+04
6.145833333333333037e+00,5.289971288056379126e+04
6.166666666666666075e+00,5.583577501392002159e+04
6.187500000000000000e+00,4.494955093505392870e+04
6.208333333333333037e+00,4.209971414223581814e+04
6.229166666666666075e+00,5.103914228874828405e+04
6.250000000000000000e+00,5.270382416860038211e+04
6.270833333333333037e+00,4.299408228933103237e+04
6.291666666666666075e+00,3.940614326413629169e+04
6.312500000000000000e+00,4.730029268683870032e+04
6.333333333333333037e+00,4.932676890809096221e+04
6.354166666666666075e+00,3.848543924944450555e+04
6.375000000000000000e+00,3.397146655769610516e+04
6.395833333333333037e+00,4.219979635086228518e+04
6.416666666666666075e+00,4.400045965377980610e+04
6.437500000000000000e+00,3.272397340383487972e+04
6.458333333333333037e+00,2.940847414972283150e+04
6.479166666666666075e+00,3.656194212529028300e+04
6.500000000000000000e+00,3.835734521567905904e+04
6.520833333333333037e+00,2.621920660066814526e+04
6.541666666666666075e+00,2.308495379412353941e+04
6.562500000000000000e+00,3.153014384012443406e+04
6.583333333333333037e+00,3.245491992006823784e+04
6.604166666666666075e+00,2.216713910694908554e+04
6.625000000000000000e+00,2.069646523324279769e+04
6.645833333333333037e+00,2.983950267123855883e+04
6.666666666666666075e+00,3.034720046872173771e+04
6.687500000000000000e+00,2.015522147502290318e+04
6.708333333333333037e+00,2.010292587003847075e+04
6.729166666666666075e+00,3.139371366861590286e+04
6.750000000000000000e+00,3.037042899537368794e+04
6.770833333333333037e+00,2.048836428289233299e+04
6.791666666666666075e+00,2.343779154055334948e+04
6.812500000000000000e+00,3.516533842919662129e+04
6.833333333333333037e+00,3.266189133452368696e+04
6.854166666666666075e+00,2.476745540048511612e+04
6.875000000000000000e+00,3.049145861540510305e+04
6.895833333333333037e+00,4.021816090625809738e+04
6.916666666666666075e+00,3.393916045073721034e+04
6.937500000000000000e+00,3.029251521713126203e+04
6.958333333333333037e+00,4.113137852317749639e+04
6.979166666666666075e+00,4.500018173281772033e+04
7.000000000000000000e+00,3.735409643720728491e+04
7.020833333333333037e+00,3.538526354488731158e+04
7.041666666666666075e+00,4.614729192007301754e+04
7.062500000000000000e+00,5.042730819470728602e+04
7.083333333333333037e+00,4.181620110586406372e+04
7.104166666666666075e+00,3.950307971344898397e+04
7.125000000000000000e+00,4.988070058559770405e+04
7.145833333333333037e+00,5.275590505134683190e+04
7.166666666666666075e+00,4.471068188575331442e+04
7.187500000000000000e+00,4.193915292829546524e+04
7.208333333333333037e+00,5.184257832252661319e+04
7.229166666666666075e+00,5.523297678518717294e+04
7.250000000000000000e+00,4.570018916656143119e+04
7.270833333333333037e+00,4.242649737515224842e+04
7.291666666666666075e+00,5.181940234656151733e+04
7.312500000000000000e+00,5.470411386178175599e+04
7.333333333333333037e+00,4.311487458308773785e+04
7.354166666666666075e+00,4.155869347585953801e+04
7.375000000000000000e+00,5.187119190323470684e+04
7.395833333333333037e+00,5.229793480186821398e+04
7.416666666666666075e+00,3.864034471336699789e+04
7.437500000000000000e+00,3.768688985848064476e+04
7.458333333333333037e+00,4.873326671348905802e+04
7.479166666666666075e+00,4.773736755630987318e+04
7.500000000000000000e+00,3.436114661553464975e+04
7.520833333333333037e+00,3.313102895975574211e+04
7.541666666666666075e+00,4.466761638698569732e+04
7.562500000000000000e+00,4.262651028777335159e+04
7.583333333333333037e+00,2.928733039777510930e+04
7.604166666666666075e+00,2.837115858153401859e+04
7.625000000000000000e+00,3.880757300509745255e+04
7.645833333333333037e+00,3.779919091323995235e+04
7.666666666666666075e+00,2.443352799651817259e+04
7.687500000000000000e+00,2.340168285591213498e+04
7.708333333333333037e+00,3.528224019729755673e+04
7.729166666666666075e+00,3.438407070918609679e+04
7.750000000000000000e+00,2.105012693271807802e+04
7.770833333333333037e+00,2.056685667878788809e+04
7.791666666666666075e+00,3.095249660945338110e+04
7.812500000000000000e+00,3.212118555980868405e+04
7.833333333333333037e+00,2.018458457541583994e+04
7.854166666666666075e+00,2.056748100635380251e+04
7.875000000000000000e+00,3.363056392224726733e+04
7.895833333333333037e+00,3.398076596791039628e+04
7.916666666666666075e+00,2.212260009450642974e+04
7.937500000000000000e+00,2.297169774414575295e+04
7.958333333333333037e+00,3.593980022040982294e+04
7.979166666666666075e+00,3.719059989093473996e+04
8.000000000000000000e+00,2.612891048810228676e+04
8.020833333333332149e+00,2.743458485990406189e+04
8.041666666666666075e+00,4.134047854240417655e+04
8.062500000000000000e+00,4.204816396532197541e+04
8.083333333333332149e+00,3.101537417486031700e+04
8.104166666666666075e+00,3.223184906128825605e+04
8.125000000000000000e+00,4.580357661428801657e+04
8.145833333333332149e+00,4.637595752312380500e+04
8.166666666666666075e+00,3.565262699288205476e+04
8.187500000000000000e+00,3.718616628640439012e+04
8.208333333333332149e+00,5.041348414772328397e+04
8.229166666666666075e+00,4.960091484090056474e+04
8.250000000000000000e+00,3.923013746579217695e+04
8.270833333333332149e+00,4.256214567028744932e+04
8.291666666666666075e+00,5.263923939276031160e+04
8.312500000000000000e+00,5.037285426254340564e+04
8.333333333333332149e+00,4.123885351564057055e+04
8.354166666666666075e+00,4.466695268714588019e+04
8.375000000000000000e+00,5.438271669330372970e+04
8.395833333333332149e+00,5.113984440187094879e+04
8.416666666666666075e+00,4.144355765592050739e+04
8.437500000000000000e+00,4.439943660100471607e+04
8.458333333333332149e+00,5.365463812568152935e+04
8.479166666666666075e+00,4.919113797740355949e+04
8.500000000000000000e+00,3.983339211131726915e+04
8.520833333333332149e+00,4.237055875290055701e+04
8.541666666666666075e+00,5.122760676181998133e+04
8.562500000000000000e+00,4.696572238218728307e+04
8.583333333333332149e+00,3.667688083930678113e+04
8.604166666666666075e+00,4.013833369289281836e+04
8.625000000000000000e+00,4.687204799727552017e+04
8.645833333333332149e+00,4.252709386835640908e+04
8.666666666666666075e+00,3.241158664989767567e+04
8.687500000000000000e+00,3.445837463066798955e+04
8.708333333333332149e+00,4.288292667894635088e+04
8.729166666666666075e+00,3.853615692743912223e+04
8.750000000000000000e+00,2.780044636928087129e+04
8.770833333333332149e+00,2.884107414361574047e+04
8.791666666666666075e+00,3.847330473215561506e+04
8.812500000000000000e+00,3.430980549758126290e+04
8.833333333333332149e+00,2.410493057779167793e+04
8.854166666666666075e+00,2.629500613076999070e+04
8.875000000000000000e+00,3.526090433813523123e+04
8.895833333333332149e+00,3.156256549869121955e+04
8.916666666666666075e+00,2.161916887587176825e+04
8.937500000000000000e+00,2.463392448925752251e+04
8.958333333333332149e+00,3.320179745095245744e+04
8.979166666666666075e+00,3.113198420756233827e+04
9.000000000000000000e+00,2.195634655285724511e+04
9.020833333333332149e+00,2.568854696020912161e+04
9.041666666666666075e+00,3.563936582333733531e+04
9.062500000000000000e+00,3.299726781245257735e+04
9.083333333333332149e+00,2.435301490827589441e+04
9.104166666666666075e+00,2.845823240214963153e+04
9.125000000000000000e+00,3.902423596101839212e+04
9.145833333333332149e+00,3.607099772073493659e+04
9.166666666666666075e+00,2.836259561673140706e+04
9.187500000000000000e+00,3.218216455512811444e+04
9.208333333333332149e+00,4.270008790614616009e+04
9.229166666666666075e+00,4.130714642086998356e+04
9.250000000000000000e+00,3.279829776758870867e+04
9.270833333333332149e+00,3.757376092019754287e+04
9.291666666666666075e+00,4.767706810295288597e+04
9.312500000000000000e+00,4.543489768872172135e+04
9.333333333333332149e+00,3.672839525457889249e+04
9.354166666666666075e+00,4.074851571029993647e+04
9.375000000000000000e+00,5.108663318990173138e+04
9.395833333333332149e+00,4.853696311931470700e+04
9.416666666666666075e+00,3.949407462905978900e+04
9.437500000000000000e+00,4.315450478882343305e+04
9.458333333333332149e+00,5.249546267342901410e+04
9.479166666666666075e+00,5.016498824560295179e+04
9.500000000000000000e+00,4.071179051467691170e+04
9.520833333333332149e+00,4.395789183153145859e+04
9.541666666666666075e+00,5.349643630100528389e+04
9.562500000000000000e+00,5.012154660658774810e+04
9.583333333333332149e+00,4.024235741881542344e+04
9.604166666666666075e+00,4.254342307398988487e+04
9.625000000000000000e+00,5.154540737044786511e+04
9.645833333333332149e+00,4.843599523054278689e+04
9.666666666666666075e+00,3.818428925848273502e+04
9.687500000000000000e+00,4.066249607602560718e+04
9.708333333333332149e+00,4.946258982172383548e+04
9.729166666666666075e+00,4.538734599609539873e+04
9.750000000000000000e+00,3.485602924970762979e+04
9.770833333333332149e+00,3.756342702057447605e+04
9.791666666666666075e+00,4.567145609455049998e+04
9.812500000000000000e+00,4.143248718428122083e+04
9.833333333333332149e+00,3.078030884347434767e+04
9.854166666666666075e+00,3.293179855851254979e+04
9.875000000000000000e+00,4.150242425718209415e+04
9.895833333333332149e+00,3.701226464760551607e+04
9.916666666666666075e+00,2.674366242013754891e+04
9.937500000000000000e+00,2.821662916599239907e+04
9.958333333333332149e+00,3.770238882642512908e+04
9.979166666666666075e+00,3.389279771397294098e+04
