0.000000000000000000e+00,-5.851838173446440987e-05
2.083333333333333218e-02,-1.118353333748807498e-04
4.166666666666666435e-02,-2.170009072394126263e-04
6.250000000000000000e-02,-3.683806667399804123e-04
8.333333333333332871e-02,-5.363537527807820922e-04
1.041666666666666574e-01,-7.188241913512578244e-04
1.250000000000000000e-01,-9.168198166625978222e-04
1.458333333333333148e-01,-1.130562215098110867e-03
1.666666666666666574e-01,-1.337661378463731246e-03
1.875000000000000000e-01,-1.359115727827261283e-03
2.083333333333333148e-01,-1.342340514619396385e-03
2.291666666666666574e-01,-1.313328041939037854e-03
2.500000000000000000e-01,-1.272297707803107716e-03
2.708333333333333148e-01,-1.219870716213909429e-03
2.916666666666666297e-01,-1.156658491163693779e-03
3.125000000000000000e-01,-1.083264246152035402e-03
3.333333333333333148e-01,-1.000283846356298011e-03
3.541666666666666297e-01,-9.083063481149688178e-04
3.750000000000000000e-01,-8.079143774472934353e-04
3.958333333333333148e-01,-6.996844220172229300e-04
4.166666666666666297e-01,-5.841870738563160375e-04
4.375000000000000000e-01,-4.619872436807202624e-04
4.583333333333333148e-01,-3.336443607853344074e-04
4.791666666666666297e-01,-1.997125715981107775e-04
5.000000000000000000e-01,-6.074095575038705405e-05
5.208333333333332593e-01,8.272620164312313165e-05
5.416666666666666297e-01,2.301489809378971330e-04
5.625000000000000000e-01,3.809909247666501885e-04
5.833333333333332593e-01,5.347164481554839361e-04
6.041666666666666297e-01,6.907817068533701190e-04
6.250000000000000000e-01,8.486130931587339971e-04
6.458333333333332593e-01,1.007610725212618619e-03
6.666666666666666297e-01,1.167183326622436802e-03
6.875000000000000000e-01,1.326752736023604964e-03
7.083333333333332593e-01,1.485748758519888453e-03
7.291666666666666297e-01,1.643607243549801474e-03
7.500000000000000000e-01,1.799769629454913431e-03
7.708333333333332593e-01,1.953682953470239816e-03
7.916666666666666297e-01,2.104800025790559779e-03
8.125000000000000000e-01,2.252579670502226437e-03
8.333333333333332593e-01,2.396486998810968150e-03
8.541666666666666297e-01,2.535993702531678506e-03
8.750000000000000000e-01,2.670578366035683375e-03
8.958333333333332593e-01,2.803425737382540892e-03
9.166666666666666297e-01,2.967538189460190191e-03
9.375000000000000000e-01,3.135391671920040833e-03
9.583333333333332593e-01,3.129824200560738824e-03
9.791666666666666297e-01,3.232695474140070361e-03
1.000000000000000000e+00,3.739826506366875428e-03
1.020833333333333259e+00,3.717051801998267572e-03
1.041666666666666519e+00,2.791109154285395175e-03
1.062500000000000000e+00,2.481665449682836193e-03
1.083333333333333259e+00,4.654942404717012962e-03
1.104166666666666519e+00,7.998277972362301605e-03
1.125000000000000000e+00,9.462810403487280364e-03
1.145833333333333259e+00,1.097987986805111331e-02
1.166666666666666519e+00,1.797009073328972167e-02
1.187500000000000000e+00,2.808485281282046067e-02
1.208333333333333259e+00,3.104978384912379999e-02
1.229166666666666519e+00,1.473107299527948687e-02
1.250000000000000000e+00,1.292891803760687179e-02
1.270833333333333259e+00,5.498507072121346789e-02
1.291666666666666519e+00,1.284571723891340389e-01
1.312500000000000000e+00,2.164039752214600154e-01
1.333333333333333259e+00,3.012469446633636028e-01
1.354166666666666519e+00,3.765906621301948198e-01
1.375000000000000000e+00,4.370179934869867222e-01
1.395833333333333259e+00,4.777738213332207162e-01
1.416666666666666519e+00,4.972601046259710333e-01
1.437500000000000000e+00,4.998431000612693631e-01
1.458333333333333259e+00,4.909796605479332388e-01
1.479166666666666519e+00,4.696012210431414480e-01
1.500000000000000000e+00,4.335115608827070921e-01
1.520833333333333259e+00,3.865141423074424654e-01
1.541666666666666519e+00,3.339786139601121917e-01
1.562500000000000000e+00,2.802014007943415264e-01
1.583333333333333259e+00,2.285361381056493224e-01
1.604166666666666519e+00,1.777686995244058821e-01
1.625000000000000000e+00,1.263578103804658126e-01
1.645833333333333259e+00,7.564005446060861892e-02
1.666666666666666519e+00,2.717192561862520617e-02
1.687500000000000000e+00,-1.729708233919941690e-02
1.708333333333333259e+00,-5.723396680743491477e-02
1.729166666666666519e+00,-9.373767195420369680e-02
1.750000000000000000e+00,-1.275204521871064756e-01
1.770833333333333259e+00,-1.585608444263211514e-01
1.791666666666666519e+00,-1.869658790622971412e-01
1.812500000000000000e+00,-2.120908154599939754e-01
1.833333333333333259e+00,-2.344017514216689413e-01
1.854166666666666519e+00,-2.536454761049553031e-01
1.875000000000000000e+00,-2.698961377956297092e-01
1.895833333333333259e+00,-2.825842413450473378e-01
1.916666666666666519e+00,-2.927566706098366223e-01
1.937500000000000000e+00,-2.995694147540529095e-01
1.958333333333333259e+00,-3.022507140709935203e-01
1.979166666666666519e+00,-3.011843351834121996e-01
2.000000000000000000e+00,-2.973395960684094286e-01
2.020833333333333037e+00,-2.910458960897484015e-01
2.041666666666666519e+00,-2.813422289987596026e-01
2.062500000000000000e+00,-2.675581031418799993e-01
2.083333333333333037e+00,-2.505224496566907377e-01
2.104166666666666519e+00,-2.316930732495320333e-01
2.125000000000000000e+00,-2.124630874069804165e-01
2.145833333333333037e+00,-1.920419425857389506e-01
2.166666666666666519e+00,-1.688325233329585617e-01
2.187500000000000000e+00,-1.438429066596887129e-01
2.208333333333333037e+00,-1.191130431058240458e-01
2.229166666666666519e+00,-9.659604422056762563e-02
2.250000000000000000e+00,-7.519548986872102991e-02
2.270833333333333037e+00,-5.338843376453256823e-02
2.291666666666666519e+00,-3.257082983666612086e-02
2.312500000000000000e+00,-1.535234772798852246e-02
2.333333333333333037e+00,-8.091324565176285545e-04
2.354166666666666519e+00,1.335116811017508613e-02
2.375000000000000000e+00,2.536885400239113561e-02
2.395833333333333037e+00,3.228476968875496067e-02
2.416666666666666519e+00,3.544301534938261444e-02
2.437500000000000000e+00,3.787095557897621895e-02
2.458333333333333037e+00,3.813156632710923422e-02
2.479166666666666519e+00,3.449309218017077017e-02
2.500000000000000000e+00,2.932713286963976873e-02
2.520833333333333037e+00,2.605093717223304350e-02
2.541666666666666519e+00,2.313223115413624506e-02
2.562500000000000000e+00,1.748408324648478840e-02
2.583333333333333037e+00,1.105472334931227422e-02
2.604166666666666519e+00,7.260131231236071486e-03
2.625000000000000000e+00,4.537778241572859063e-03
2.645833333333333037e+00,-2.123586718628907907e-04
2.666666666666666519e+00,-5.126873900186811051e-03
2.687500000000000000e+00,-7.051729843584294936e-03
2.708333333333333037e+00,-7.631230444102255969e-03
2.729166666666666519e+00,-9.840438956648036792e-03
2.750000000000000000e+00,-1.209563943250972252e-02
2.770833333333333037e+00,-1.305923787329467053e-02
2.791666666666666519e+00,-1.475913626106055247e-02
2.812500000000000000e+00,-1.848801848420059124e-02
2.833333333333333037e+00,-2.203378573442863614e-02
2.854166666666666519e+00,-2.332841655213622675e-02
2.875000000000000000e+00,-2.405667060005078212e-02
2.895833333333333037e+00,-2.670007522545150835e-02
2.916666666666666519e+00,-2.969291277106316657e-02
2.937500000000000000e+00,-3.035814643206852237e-02
2.958333333333333037e+00,-2.989517407829403103e-02
2.979166666666666519e+00,-3.055053475544537364e-02
3.000000000000000000e+00,-3.105935215159628601e-02
3.020833333333333037e+00,-3.005713695890327095e-02
3.041666666666666519e+00,-2.903303121895753694e-02
3.062500000000000000e+00,-3.000487840738268186e-02
3.083333333333333037e+00,-3.166901683987175670e-02
3.104166666666666519e+00,-3.176433178963070786e-02
3.125000000000000000e+00,-3.126409634604941645e-02
3.145833333333333037e+00,-3.206952062360167444e-02
3.166666666666666519e+00,-3.296848113758137078e-02
3.187500000000000000e+00,-3.184091212560087591e-02
3.208333333333333037e+00,-2.961476756745997849e-02
3.229166666666666519e+00,-2.812783246265286932e-02
3.250000000000000000e+00,-2.658178387944882398e-02
3.270833333333333037e+00,-2.407159240577454867e-02
3.291666666666666519e+00,-2.184546345953805591e-02
3.312500000000000000e+00,-2.087619183633609640e-02
3.333333333333333037e+00,-1.979086479310345273e-02
3.354166666666666519e+00,-1.755202791616818775e-02
3.375000000000000000e+00,-1.548381626467326341e-02
3.395833333333333037e+00,-1.526128226859949436e-02
3.416666666666666519e+00,-1.570110630380431443e-02
3.437500000000000000e+00,-1.476402250232107180e-02
3.458333333333333037e+00,-1.337032314186971209e-02
3.479166666666666519e+00,-1.338409359107396723e-02
3.500000000000000000e+00,-1.361413533600237119e-02
3.520833333333333037e+00,-1.189862106645614946e-02
3.541666666666666519e+00,-9.183502029960887575e-03
3.562500000000000000e+00,-7.420695723031692399e-03
3.583333333333333037e+00,-5.612296089794882592e-03
3.604166666666666519e+00,-3.169102122485393386e-03
3.625000000000000000e+00,-1.585409677255781484e-03
3.645833333333333037e+00,-7.072581313459812887e-04
3.666666666666666519e+00,1.361082454234484665e-03
3.687500000000000000e+00,3.596087604967147106e-03
3.708333333333333037e+00,3.830215793597637353e-03
3.729166666666666519e+00,3.436659225186609271e-03
3.750000000000000000e+00,4.942307330215328989e-03
3.770833333333333037e+00,7.272601058356942608e-03
3.791666666666666519e+00,8.168385309234967723e-03
3.812500000000000000e+00,8.852089362750047499e-03
3.833333333333333037e+00,1.031841126982642465e-02
3.854166666666666519e+00,1.093303676668869011e-02
3.875000000000000000e+00,9.978782120751737011e-03
3.895833333333333037e+00,9.237851139724603464e-03
3.916666666666666519e+00,8.496116586833689019e-03
3.937500000000000000e+00,5.821233915447723145e-03
3.958333333333333037e+00,2.704031944353733202e-03
3.979166666666666519e+00,1.850242424434548260e-03
4.000000000000000000e+00,2.083318100898857647e-03
4.020833333333333037e+00,1.044852874387288896e-03
4.041666666666666075e+00,7.925534129829297136e-05
4.062500000000000000e+00,6.370039354806058748e-04
4.083333333333333037e+00,1.015678871414562798e-03
4.104166666666666075e+00,-1.116298338379380882e-03
4.125000000000000000e+00,-4.264287640821459550e-03
4.145833333333333037e+00,-5.806024526567890760e-03
4.166666666666666075e+00,-6.913151369715882233e-03
4.187500000000000000e+00,-9.896394545106941554e-03
4.208333333333333037e+00,-1.328943417905829004e-02
4.229166666666666075e+00,-1.447505634826641227e-02
4.250000000000000000e+00,-1.459803528562073939e-02
4.270833333333333037e+00,-1.591597930826995841e-02
4.291666666666666075e+00,-1.700114075013774845e-02
4.312500000000000000e+00,-1.535843792650369057e-02
4.333333333333333037e+00,-1.212623941934519965e-02
4.354166666666666075e+00,-9.669508411393116024e-03
4.375000000000000000e+00,-7.788585977856045048e-03
4.395833333333333037e+00,-4.567534755206771949e-03
4.416666666666666075e+00,-1.135309753625264335e-03
4.437500000000000000e+00,2.625470385600555583e-04
4.458333333333333037e+00,9.757422084548554109e-04
4.479166666666666075e+00,3.378916786022078192e-03
4.500000000000000000e+00,6.335288646298059892e-03
4.520833333333333037e+00,7.605082217944642356e-03
4.541666666666666075e+00,8.434632273838204783e-03
4.562500000000000000e+00,1.057403073084830364e-02
4.583333333333333037e+00,1.266760278044133312e-02
4.604166666666666075e+00,1.241145996272040308e-02
4.625000000000000000e+00,1.106068038658597485e-02
4.645833333333333037e+00,1.080184854086644122e-02
4.666666666666666075e+00,1.049279168689794609e-02
4.687500000000000000e+00,7.842652570660611083e-03
4.708333333333333037e+00,4.090008159552620259e-03
4.729166666666666075e+00,1.408103173084904658e-03
4.750000000000000000e+00,-1.244935152540749311e-03
4.770833333333333037e+00,-5.421739765744451427e-03
4.791666666666666075e+00,-9.646937497932252248e-03
4.812500000000000000e+00,-1.175377099821005300e-02
4.833333333333333037e+00,-1.286057004779370995e-02
4.854166666666666075e+00,-1.529318551013895099e-02
4.875000000000000000e+00,-1.783282423582562351e-02
4.895833333333333037e+00,-1.827833614842011220e-02
4.916666666666666075e+00,-1.776903974931165822e-02
4.937500000000000000e+00,-1.863901854705313915e-02
4.958333333333333037e+00,-1.964600455751081345e-02
4.979166666666666075e+00,-1.857373086846464058e-02
5.000000000000000000e+00,-1.657201685068510413e-02
5.020833333333333037e+00,-1.590053579609380929e-02
5.041666666666666075e+00,-1.527457462998424442e-02
5.062500000000000000e+00,-1.243884153713182249e-02
5.083333333333333037e+00,-8.551091250245439201e-03
5.104166666666666075e+00,-6.003595911112926883e-03
5.125000000000000000e+00,-3.608789175053426883e-03
5.145833333333333037e+00,3.287134443766790174e-04
5.166666666666666075e+00,4.379461595562638559e-03
5.187500000000000000e+00,6.133497423379234356e-03
5.208333333333333037e+00,6.849995625713839464e-03
5.229166666666666075e+00,8.814634995028118938e-03
5.250000000000000000e+00,1.084344146352988515e-02
5.270833333333333037e+00,1.050378855955208177e-02
5.291666666666666075e+00,9.029352117676407719e-03
5.312500000000000000e+00,8.717784288779690388e-03
5.333333333333333037e+00,8.388447728353547878e-03
5.354166666666666075e+00,5.595058172565331792e-03
5.375000000000000000e+00,1.629861151455313812e-03
5.395833333333333037e+00,-1.179907843854742381e-03
5.416666666666666075e+00,-3.838822778997243428e-03
5.437500000000000000e+00,-7.427015538949681243e-03
5.458333333333333037e+00,-1.021849637404905441e-02
5.479166666666666075e+00,-1.119245870338857890e-02
5.500000000000000000e+00,-1.197089204758320161e-02
5.520833333333333037e+00,-1.393946843481965597e-02
5.541666666666666075e+00,-1.539617843603820375e-02
5.562500000000000000e+00,-1.420275229367127211e-02
5.583333333333333037e+00,-1.162344740503802598e-02
5.604166666666666075e+00,-1.011179439715851995e-02
5.625000000000000000e+00,-8.498449516113110516e-03
5.645833333333333037e+00,-5.077791696825380285e-03
5.666666666666666075e+00,-1.287349537246791891e-03
5.687500000000000000e+00,4.408327626700962905e-04
5.708333333333333037e+00,1.384802293555550609e-03
5.729166666666666075e+00,3.842103100662587999e-03
5.750000000000000000e+00,6.635744341503083468e-03
5.770833333333333037e+00,7.369952590893083522e-03
5.791666666666666075e+00,7.259345984871237029e-03
5.812500000000000000e+00,8.567536196153472533e-03
5.833333333333333037e+00,1.006616716923363491e-02
5.854166666666666075e+00,9.313669581663179542e-03
5.875000000000000000e+00,7.532258754366946522e-03
5.895833333333333037e+00,6.986947919467141610e-03
5.916666666666666075e+00,6.520152059195275830e-03
5.937500000000000000e+00,3.735429774584768901e-03
5.958333333333333037e+00,-1.044825004268025697e-04
5.979166666666666075e+00,-2.725933070580333940e-03
6.000000000000000000e+00,-5.095733040428524971e-03
6.020833333333333037e+00,-8.346080815026328190e-03
6.041666666666666075e+00,-1.080917972062366526e-02
6.062500000000000000e+00,-1.127652909039396009e-02
6.083333333333333037e+00,-1.134642240936792855e-02
6.104166666666666075e+00,-1.325045061813989559e-02
6.125000000000000000e+00,-1.569532966365684568e-02
6.145833333333333037e+00,-1.642617074614214148e-02
6.166666666666666075e+00,-1.657007519576290597e-02
6.187500000000000000e+00,-1.834734205772144827e-02
6.208333333333333037e+00,-2.043904842364359375e-02
6.229166666666666075e+00,-2.058280589065639501e-02
6.250000000000000000e+00,-1.993136235032429843e-02
6.270833333333333037e+00,-2.087682870856655964e-02
6.291666666666666075e+00,-2.221551408380800091e-02
6.312500000000000000e+00,-2.170004586636372149e-02
6.333333333333333037e+00,-2.048021112787377918e-02
6.354166666666666075e+00,-2.091957834303321759e-02
6.375000000000000000e+00,-2.175005583238328807e-02
6.395833333333333037e+00,-2.070686370513486266e-02
6.416666666666666075e+00,-1.895740658258265529e-02
6.437500000000000000e+00,-1.889758405149370712e-02
6.458333333333333037e+00,-1.929112137018171649e-02
6.479166666666666075e+00,-1.788117377467125096e-02
6.500000000000000000e+00,-1.583379746653790915e-02
6.520833333333333037e+00,-1.550682713725547515e-02
6.541666666666666075e+00,-1.562708332036101544e-02
6.562500000000000000e+00,-1.393013033382737263e-02
6.583333333333333037e+00,-1.159494175566454233e-02
6.604166666666666075e+00,-1.103142212917167589e-02
6.625000000000000000e+00,-1.104900929573380229e-02
6.645833333333333037e+00,-9.406368358577683192e-03
6.666666666666666075e+00,-7.303544280683744831e-03
6.687500000000000000e+00,-6.844299713199692749e-03
6.708333333333333037e+00,-6.669206868420630117e-03
6.729166666666666075e+00,-4.527366992005391576e-03
6.750000000000000000e+00,-1.612438296787237907e-03
6.770833333333333037e+00,-3.395154713011592097e-04
6.791666666666666075e+00,5.792041976960187822e-04
6.812500000000000000e+00,3.420710256782467235e-03
6.833333333333333037e+00,6.986191922908949019e-03
6.854166666666666075e+00,8.877380988321475694e-03
6.875000000000000000e+00,1.039649463307034880e-02
6.895833333333333037e+00,1.381136704151273396e-02
6.916666666666666075e+00,1.791186278523483263e-02
6.937500000000000000e+00,2.029269406429369538e-02
6.958333333333333037e+00,2.213607592073697089e-02
6.979166666666666075e+00,2.564718527082935490e-02
7.000000000000000000e+00,2.949083690736430119e-02
7.020833333333333037e+00,3.122484800525780757e-02
7.041666666666666075e+00,3.193096106554434849e-02
7.062500000000000000e+00,3.376605303902346922e-02
7.083333333333333037e+00,3.535669283657792011e-02
7.104166666666666075e+00,3.427877043008224073e-02
7.125000000000000000e+00,3.162020665771776706e-02
7.145833333333333037e+00,2.955267872759169065e-02
7.166666666666666075e+00,2.704224320818581981e-02
7.187500000000000000e+00,2.352086919610883037e-02
7.208333333333333037e+00,2.060423631193206845e-02
7.229166666666666075e+00,1.821351378285141279e-02
7.250000000000000000e+00,1.443792898487268432e-02
7.270833333333333037e+00,1.033691664868160130e-02
7.291666666666666075e+00,8.091143595140489267e-03
7.312500000000000000e+00,6.316415381037140779e-03
7.333333333333333037e+00,2.522323706916997955e-03
7.354166666666666075e+00,-2.232740144648254297e-03
7.375000000000000000e+00,-5.662359071919322549e-03
7.395833333333333037e+00,-8.292345095823126788e-03
7.416666666666666075e+00,-1.180306137045968908e-02
7.437500000000000000e+00,-1.494591831649735858e-02
7.458333333333333037e+00,-1.554136443830905247e-02
7.479166666666666075e+00,-1.496016111529378280e-02
7.500000000000000000e+00,-1.569920736765556546e-02
7.520833333333333037e+00,-1.670597826846202325e-02
7.541666666666666075e+00,-1.579288446542611093e-02
7.562500000000000000e+00,-1.433244716578380498e-02
7.583333333333333037e+00,-1.481910401893286357e-02
7.604166666666666075e+00,-1.620251453211426010e-02
7.625000000000000000e+00,-1.622602406734125272e-02
7.645833333333333037e+00,-1.562003198460130450e-02
7.666666666666666075e+00,-1.595862286089557228e-02
7.687500000000000000e+00,-1.589710615810686206e-02
7.708333333333333037e+00,-1.325523781417346954e-02
7.729166666666666075e+00,-9.411945193004145338e-03
7.750000000000000000e+00,-6.865252146909424369e-03
7.770833333333333037e+00,-4.568418434521550123e-03
7.791666666666666075e+00,-3.386267395695627836e-04
7.812500000000000000e+00,4.448887765871814212e-03
7.833333333333333037e+00,7.300676494597710744e-03
7.854166666666666075e+00,9.267528889494711097e-03
7.875000000000000000e+00,1.253712175439438900e-02
7.895833333333333037e+00,1.573873898401488558e-02
7.916666666666666075e+00,1.638195199869218327e-02
7.937500000000000000e+00,1.552143772012043454e-02
7.958333333333333037e+00,1.538706985131901329e-02
7.979166666666666075e+00,1.507393418770262492e-02
8.000000000000000000e+00,1.358722159364894252e-02
8.020833333333332149e+00,1.242877671738315190e-02
8.041666666666666075e+00,1.265552436996428103e-02
8.062500000000000000e+00,1.260428828913815434e-02
8.083333333333332149e+00,1.127182384756094009e-02
8.104166666666666075e+00,1.022369919690650081e-02
8.125000000000000000e+00,1.064101233291069558e-02
8.145833333333332149e+00,1.085844972610838961e-02
8.166666666666666075e+00,9.490798265147201013e-03
8.187500000000000000e+00,8.066288643046095122e-03
8.208333333333332149e+00,8.796642153522077345e-03
8.229166666666666075e+00,1.033335390543490932e-02
8.250000000000000000e+00,1.017725505879284696e-02
8.270833333333332149e+00,9.386010646843584090e-03
8.291666666666666075e+00,1.015999690379536073e-02
8.312500000000000000e+00,1.111665733156439947e-02
8.333333333333332149e+00,9.749006524650702388e-03
8.354166666666666075e+00,7.118492062106919135e-03
8.375000000000000000e+00,5.471481569934659624e-03
8.395833333333332149e+00,3.898694214995358613e-03
8.416666666666666075e+00,1.245474031738082969e-03
8.437500000000000000e+00,-8.979921583628211381e-04
8.458333333333332149e+00,-7.367511187373178370e-04
8.479166666666666075e+00,2.223118914201048524e-04
8.500000000000000000e+00,-5.038477135052519271e-04
8.520833333333332149e+00,-1.869252067354688516e-03
8.541666666666666075e+00,-1.679774724148937626e-03
8.562500000000000000e+00,-1.302934272448218666e-03
8.583333333333332149e+00,-3.225504240691217522e-03
8.604166666666666075e+00,-6.358354729196324072e-03
8.625000000000000000e+00,-8.337742082300267712e-03
8.645833333333332149e+00,-9.290666611610289699e-03
8.666666666666666075e+00,-1.117249585627924820e-02
8.687500000000000000e+00,-1.294911496188650216e-02
8.708333333333332149e+00,-1.244026391932999583e-02
8.729166666666666075e+00,-1.101409708398816759e-02
8.750000000000000000e+00,-1.116793268984277165e-02
8.770833333333332149e+00,-1.186151187905759921e-02
8.791666666666666075e+00,-1.090952815494695624e-02
8.812500000000000000e+00,-9.621785876872181523e-03
8.833333333333332149e+00,-1.004009979699716643e-02
8.854166666666666075e+00,-1.092708185006484312e-02
8.875000000000000000e+00,-1.009483874347712369e-02
8.895833333333332149e+00,-8.840656533899433900e-03
8.916666666666666075e+00,-9.340193349305109249e-03
8.937500000000000000e+00,-1.040617629162794017e-02
8.958333333333332149e+00,-9.844377174865333660e-03
8.979166666666666075e+00,-8.928429204703314942e-03
9.000000000000000000e+00,-9.330674078713357619e-03
9.020833333333332149e+00,-9.640679512987299429e-03
9.041666666666666075e+00,-7.669976110189154032e-03
9.062500000000000000e+00,-4.800670929221068084e-03
9.083333333333332149e+00,-3.536556450790017021e-03
9.104166666666666075e+00,-2.824985652407106113e-03
9.125000000000000000e+00,-4.730806752646878792e-04
9.145833333333332149e+00,2.141304212182817447e-03
9.166666666666666075e+00,2.518585945670837045e-03
9.187500000000000000e+00,1.714941885567473944e-03
9.208333333333332149e+00,1.975678878494967986e-03
9.229166666666666075e+00,2.433768149981754662e-03
9.250000000000000000e+00,1.722556912276493584e-03
9.270833333333332149e+00,1.309624977165976725e-03
9.291666666666666075e+00,3.381839655145309296e-03
9.312500000000000000e+00,6.560118830740198186e-03
9.333333333333332149e+00,8.348377868867797730e-03
9.354166666666666075e+00,9.872235484508513209e-03
9.375000000000000000e+00,1.334433172164581349e-02
9.395833333333332149e+00,1.743627439873953952e-02
9.416666666666666075e+00,1.966722892654308372e-02
9.437500000000000000e+00,2.107488620248474526e-02
9.458333333333332149e+00,2.384288188748195925e-02
9.479166666666666075e+00,2.661066400404203322e-02
9.500000000000000000e+00,2.689174435290349677e-02
9.520833333333332149e+00,2.573054736950666083e-02
9.541666666666666075e+00,2.531753992540377446e-02
9.562500000000000000e+00,2.446388471420457220e-02
9.583333333333332149e+00,2.193235367445383818e-02
9.604166666666666075e+00,1.931054665289735559e-02
9.625000000000000000e+00,1.878555479324551733e-02
9.645833333333332149e+00,1.900929940392156320e-02
9.666666666666666075e+00,1.749087044148344566e-02
9.687500000000000000e+00,1.528241938434093949e-02
9.708333333333332149e+00,1.458016025801932639e-02
9.729166666666666075e+00,1.400729106984572453e-02
9.750000000000000000e+00,1.106398632724868956e-02
9.770833333333332149e+00,6.809067063508048023e-03
9.791666666666666075e+00,3.548309269128578722e-03
9.812500000000000000e+00,7.967266685698654732e-04
9.833333333333332149e+00,-3.096334593292256535e-03
9.854166666666666075e+00,-6.863706334375078641e-03
9.875000000000000000e+00,-8.315670047806556289e-03
9.895833333333332149e+00,-8.838353636804196362e-03
9.916666666666666075e+00,-1.092644953035005854e-02
9.937500000000000000e+00,-1.346214731128069116e-02
9.958333333333332149e+00,-1.423501147412801343e-02
9.979166666666666075e+00,-1.455742184930910836e-02
