method,success_rate,collision_rate,occupancy_error,formation_error,episode,reward,actor_loss,critic_loss,stage_index,recovery_score,target_reward,avoidance_reward,collaboration_reward,recovery_reward,smoothness_penalty,consistency_penalty,success_bonus
task_decomposed,0.0,0.0,0.7254892551898956,0.31229467928409577,0.0,32.47736254632968,-0.8341601610183715,0.1134484232354321,0.0,0.8549021489620209,0.16658924317359922,0.9606495805978779,1.3353073666393758,4.43219089776278,0.019539368355664985,0.017419060536942966,0.0
task_decomposed,0.0,0.0,0.7683851277828216,0.645696385383606,1.0,31.47723021758527,-0.9596124490102133,0.014344162332188142,0.0,0.8463229744434356,0.1379008179306984,0.9601343600749973,1.0513148258447647,4.431246326804164,0.01542766267219734,0.006483269028027274,0.0
task_decomposed,0.0,0.0,1.2532463812828063,0.4210833106040955,2.0,26.510091841979737,-1.2210136604309083,0.021638117246329785,0.0,0.7999999999999998,0.00122925591468811,0.9603782916069035,1.2425205261945722,4.431693534612657,0.01691863764204,0.028324014028401304,0.0
task_decomposed,0.0,0.0,1.0289440727233887,0.4126138678789139,3.0,26.364169309930368,-1.506147403717041,0.03666148014366627,0.0,0.7999999999999998,0.0007950053215026855,0.9602556102275852,1.2495764242351055,4.431468618750576,0.019345747536612744,0.08793980200035426,0.0
single_stream_mlp,0.0,0.0,1.3201653337478638,0.401806740283966,0.0,26.319760762911226,-0.739715987443924,0.0440213124169723,0.0,0.7999999999999998,0.0008654873371124267,0.9602952253818512,1.2588087003707884,4.431541246533396,0.021612861783570927,0.10709640664545368,0.0
single_stream_mlp,0.0,0.0,1.424168174266815,0.23265853488445282,1.0,26.50498189728357,-0.853453172577752,0.005469059424572869,0.0,0.7999999999999998,0.0024841873645782466,0.9605578787326816,1.4028911038696774,4.4320227776765835,0.017629414571555615,0.05303392780726291,0.0
single_stream_mlp,0.0,0.0,1.1273877716064453,0.3833362717628479,2.0,26.528057954722232,-1.0151782870292663,0.01155805136077106,0.0,0.7999999999999998,0.0013150755167007444,0.9603520510196688,1.2745748951911928,4.431645426869397,0.01562578631874566,0.023327089910182806,0.0
single_stream_mlp,0.0,0.0,0.6974170410633087,0.6407745395898821,3.0,32.88351964737527,-1.2964295959472656,0.025265128733590245,0.0,0.8605165917873383,0.1803078832626343,0.960052651762963,1.05540306840539,4.431096528232102,0.019881630030655083,0.057308399674768695,0.0
without_curriculum,0.0,0.0,1.5726000368595123,0.7446748356819153,0.0,38.70274519151962,-0.7309747368097306,0.14134813173012317,1.0,0.8001060168743132,-0.011319826304912564,0.9495369136476524,0.967026389670372,2.2150648481249795,0.016470267967192493,0.0,0.0
without_curriculum,0.0,0.0,1.3253081035614014,0.47103463172912596,1.0,38.80662071338705,-0.9015740619765388,0.009256099657106557,1.0,0.8012016220092772,-0.0050508660078048715,0.948898256077767,1.1996205630302428,2.2201581782698616,0.018240629338793814,0.0,0.0
without_curriculum,0.0,0.0,1.79504709482193,0.5655448616743088,2.0,39.11206338408153,-1.2411949396133424,0.013786518815904855,1.0,0.7999999999999998,-0.011622562050819399,0.9516601132249839,1.1192868675768373,2.2647799519300444,0.01877076186736133,0.0,0.0
without_curriculum,0.0,0.0,2.0730524277687072,0.7360898070335388,3.0,38.472826692042986,-1.6401113080978393,0.030332714784890413,1.0,0.7999999999999998,-0.011071569800376893,0.9448442564964301,0.9743236640214922,2.1983493540287005,0.015907878408272555,0.0,0.0
without_pyramid_per,0.0,0.0,0.6092714667320251,0.14433078974485397,0.0,35.151119125928055,-0.5656035259366036,0.09037090693355392,0.0,0.8781457066535951,0.24118264365196226,0.9614604098796843,1.4790226402431728,4.4336774181127545,0.019294763147217262,0.028170750815129212,0.0
without_pyramid_per,0.0,0.0,1.3905647444725036,0.10811324203014376,1.0,26.80208958483921,-0.7012403938505385,0.017249730121540397,0.0,0.7999999999999998,0.00736334276199341,0.961577859163284,1.5099445799648756,4.4338927417993546,0.016586801347169895,0.0,0.0
without_pyramid_per,0.0,0.0,0.6477444398403168,0.14639559698104856,2.0,34.276666567668315,-1.0440916728973388,0.008376680691726505,0.0,0.8704511120319367,0.2162319692969322,0.9610556287765504,1.476795309472084,4.4329353194236765,0.017847838195311036,0.016952445391025358,0.0
without_pyramid_per,0.0,0.0,1.3124728465080262,0.06308129990100861,3.0,26.844995191399818,-1.3700096368789674,0.019260679497383536,0.0,0.7999999999999998,0.00867949080467224,0.9618606362342835,1.5485516373574735,4.43441116642952,0.01746403929153523,0.0020386594896862607,0.0
uniform_replay,0.0,0.0,1.201949508190155,0.14795127868652344,0.0,26.69345992059989,-0.539289590716362,0.07132861650499858,0.0,0.7999999999999998,0.0058207366466522205,0.9612836029529573,1.4757389498949052,4.433353272080423,0.01979445097597393,0.01851421362911207,0.0
uniform_replay,0.0,0.0,0.5390312469005585,0.21177899742126466,1.0,36.56462069302214,-0.7317885292900933,0.034296706367872264,0.0,0.8921937506198883,0.2797070055305958,0.9607522185444834,1.4208654404938221,4.4323790673315555,0.018425096699379064,0.012702761635556939,0.0
uniform_replay,0.0,0.0,0.6483388662338256,0.2892874517440796,2.0,34.147711990295555,-1.0424350094795227,0.014510115906596184,0.0,0.8703322267532348,0.2122139728069305,0.9603844317197803,1.3545541696906092,4.4317047914862675,0.017849818376687906,0.005410253082390384,0.0
uniform_replay,0.0,0.0,0.9738105797767639,0.3642966700792314,3.0,27.08967547347809,-1.3574699687957763,0.02353118557482958,0.0,0.8052378840446474,0.01601183360815048,0.9601791003942494,1.2905567808926106,4.431328350722791,0.01868016018801468,0.0,0.0
td_only_priority,0.0,0.0,1.6958118152618409,0.09822467708587647,0.0,26.800673330255513,-0.8524608016014099,0.04371585347689688,0.0,0.7999999999999998,0.008292794704437256,0.9617829129695891,1.5185890896081928,4.43426867377758,0.018594168543486226,0.014551323797880005,0.0
td_only_priority,1.0,0.0,0.35440459087491033,0.013196750164031984,1.0,46.14825319640564,-1.0234633949067857,0.08718150736469972,0.0,0.9291190818250179,0.4028759015202521,0.9633254262953993,1.5926624263718727,4.589096614874899,0.017464736893212495,0.0,0.38
td_only_priority,0.0,0.0,1.3938022947311401,0.10013563609123231,2.0,26.937710086231515,-1.4064023303985596,0.0445437965542078,0.0,0.7999999999999998,0.011097750663757322,0.9623780894279479,1.5176591469883918,4.435359830617906,0.01849198034279366,0.0,0.0
td_only_priority,0.0,0.0,0.8105640995502472,0.03529856252670288,3.0,31.232533962037582,-1.7114002418518066,0.0472335615940392,0.0,0.838864886045456,0.1305233163833618,0.9629847124814986,1.5734783864140511,4.436471972882748,0.02128431626498165,0.0,0.0
high_old_mix,0.0,0.0,1.5609806156158448,0.07483998084068298,0.0,26.92207531533993,-0.35867655128240583,0.037095216789135806,0.0,0.7999999999999998,0.010557778358459472,0.9622623810768124,1.5390254608750344,4.435147698640822,0.01722272435238812,0.0,0.0
high_old_mix,0.0,0.0,0.5712619453668595,0.11664267921447756,1.0,35.89357827210998,-0.6326252553198073,0.02950627876347617,0.0,0.8857476109266281,0.26002651917934405,0.9610872974395757,1.5021222363471984,4.4329933786392255,0.016334172545434168,0.0,0.0
high_old_mix,0.0,0.0,1.1335915756225585,0.29040497025847434,2.0,26.506499763619576,-0.8640698432922364,0.01100329571403563,0.0,0.7999999999999998,-0.00047519159317016655,0.9605039398670202,1.353743705125153,4.431923889756207,0.01698416939087757,0.0,0.0
high_old_mix,0.0,0.0,0.8511206901073456,0.09350933694839479,3.0,30.313690024324664,-1.144730019569397,0.016109495870769024,0.0,0.8314070370197296,0.10452750688791271,0.9622660084962849,1.523160740172863,4.435154348909857,0.015056579274830801,0.0,0.0
contribution_only_priority,0.0,0.0,0.666291036605835,0.2528830687999725,0.0,33.81468608831525,-0.5147734194993973,0.10596789179467841,0.0,0.8667417926788329,0.20403530555963514,0.960878223896027,1.386073986065388,4.432610077142717,0.02112550996953998,0.020871667404870377,0.0
contribution_only_priority,0.0,0.0,1.6163906621932984,0.01490384912490845,1.0,27.046239591648543,-0.6195457908842299,0.013983071536610001,0.0,0.7999999999999998,0.014150844573974608,0.9630323238372799,1.5908694393873213,4.436559260368347,0.02063659380615522,0.0,0.0
contribution_only_priority,0.0,0.0,0.6583773839473724,0.24715434753894808,2.0,33.94431682447841,-0.9575734567642212,0.007244649543426931,0.0,0.8683245232105256,0.20723890620470048,0.9605095363855366,1.3905132637083528,4.431934150040152,0.018106947270647832,0.0177304550245604,0.0
contribution_only_priority,0.0,0.0,0.5510877597332001,0.22553104799985887,3.0,36.305796712146005,-1.2947964477539062,0.020194796808063985,0.0,0.8897824480533599,0.2717332982420921,0.9605550169944767,1.4089461290270087,4.432017531156541,0.016254075049810735,0.0018454556546551443,0.0
rare_only_priority,0.0,0.0,1.1321408343315125,0.19950072598457338,0.0,26.7230393968477,-0.652884590625763,0.055498401781446056,0.0,0.7999999999999998,0.006117142438888553,0.9613501017093659,1.4319995015740397,4.433475186467174,0.01890924589333675,0.011195933090983148,0.0
rare_only_priority,0.0,0.0,1.469395203590393,0.06174174189567566,1.0,26.839237728569945,-0.7870907253689237,0.005478451702449667,0.0,0.7999999999999998,0.008540399074554443,0.9618300855159757,1.5496546191573148,4.43435515677929,0.018586894697439238,0.0,0.0
rare_only_priority,0.0,0.0,1.4119905185699464,0.08412366795539857,2.0,26.80863702375366,-1.0273920583724976,0.012327460441738367,0.0,0.7999999999999998,0.00796363890171051,0.9617089326381683,1.530488636982441,4.434133043169977,0.019704938519720563,0.0020162408244458183,0.0
rare_only_priority,0.0,0.0,1.1246579968929291,0.02681794357299805,3.0,27.07483796402644,-1.2887934589385985,0.02863161588087678,0.0,0.8013308284282684,0.014791217088699338,0.9623140139579767,1.5799044309139245,4.435242358922959,0.01666469510668407,0.0012206121388750803,0.0
balanced_sample_ratio,0.0,0.0,1.2543499541282654,0.5962503428459168,0.0,26.420875909473573,-0.6328229323029518,0.051978828017844966,0.0,0.7999999999999998,-0.0019061517715454098,0.9600175530910497,1.093207687187195,4.431032180666928,0.01809862988039326,0.012150595615375646,0.0
balanced_sample_ratio,0.0,0.0,1.6719557905197144,0.7124380495548249,1.0,26.25779278587706,-0.7288658089107938,0.007250406644552162,0.0,0.7999999999999998,-0.007086174130439759,0.9600000000000007,0.9944276578783989,4.4310000000000045,0.01827623635677812,0.0,0.0
balanced_sample_ratio,0.0,0.0,0.9789920258522034,0.7369527652263641,2.0,27.335287973687638,-0.9444240522384644,0.009634857503697277,0.0,0.8086427407264708,0.02312895816564561,0.9600005847215659,0.9735908317327496,4.431001071989541,0.01901712060208163,0.0036462349022424235,0.0
balanced_sample_ratio,0.0,0.0,1.6829748964309692,0.7495635821819306,3.0,26.421544046589894,-1.2106909990310668,0.02077983310446143,0.0,0.7999999999999998,-0.002382261872291565,0.9600000000000007,0.9628709551453589,4.4310000000000045,0.019294774183375017,0.0007577146370576715,0.0
low_old_mix,0.0,0.0,1.6408631801605225,0.3869431655406952,0.0,26.521008162807078,-0.13031095042824745,0.04219648038576308,0.0,0.7999999999999998,0.0005305781364440916,0.9603148205280307,1.2714655999064441,4.431577170968057,0.02097090367078266,0.001836030615052539,0.0
low_old_mix,0.0,0.0,1.6053787994384765,0.25203252971172335,1.0,26.65582606326432,-0.3639260166221195,0.0033064854490619743,0.0,0.7999999999999998,0.00386887502670288,0.9608460216522217,1.3867593750059604,4.432551039695742,0.019689918967856962,0.0,0.0
low_old_mix,0.0,0.0,0.934682891368866,0.06918182277679444,2.0,29.50773365330903,-0.6514929008483886,0.002033626131596975,0.0,0.8220695085525513,0.082215811252594,0.9634301326274871,1.5451972720384597,4.437288576483726,0.0189417526716779,0.0,0.0
low_old_mix,1.0,0.0,0.5588577432930469,0.013882862567901612,3.0,39.74683629505101,-1.0378349423408508,0.009047100476454944,0.0,0.8883802863061427,0.2913636192679405,0.9656191629320382,1.5947552569046615,4.521301798708738,0.017516197711817196,0.0,0.2
high_rare_ratio,0.0,0.0,1.1262598741054535,0.42155706548690797,0.0,26.654294711266626,-0.490795823931694,0.033483139067692194,0.0,0.8000198996067046,0.004689445853233337,0.9611571403741839,1.2430264914393423,4.433121424019337,0.01713450960306357,0.022357922576768403,0.0
high_rare_ratio,0.0,0.0,0.8211047077178955,0.20828930974006654,1.0,30.461557675108217,-0.7165994379255507,0.007475126902327726,0.0,0.8364969515800474,0.10940974575281145,0.9606458702087407,1.4237076019644739,4.432184095382695,0.017574436072284916,0.0,0.0
high_rare_ratio,0.0,0.0,1.232392909526825,0.11098332166671755,2.0,27.03194270281955,-0.901829149723053,0.006762947351671755,0.0,0.7999999999999998,0.01328019213676452,0.9628807325363159,1.5090250312089921,4.436281342983247,0.015958068000861067,0.0,0.0
high_rare_ratio,0.0,0.0,0.8264361941814422,0.12399950265884402,3.0,30.47388443474377,-1.1532684636116028,0.017351190028712153,0.0,0.8347564947605132,0.10945813792943956,0.9616568244695668,1.496533384621143,4.434037511527543,0.017708399970321347,0.0,0.0
