episode,reward,average_reward,exploration_noise,actor_loss,critic_loss
1.0,-39.37237298395485,-39.37237298395485,0.15,0.1410204917192459,0.847480297088623
2.0,-105.19400047834692,-72.28318673115089,0.1496969696969697,0.3320876955986023,2.793074369430542
3.0,-97.37294459409512,-80.6464393521323,0.14939393939393938,0.49874424934387207,3.943282127380371
4.0,-263.0243459701469,-126.24091600663596,0.14909090909090908,0.6842178106307983,9.154253005981445
5.0,-172.10829693041237,-135.41439219139124,0.14878787878787877,0.830073356628418,12.763984680175781
6.0,-74.34778312577873,-125.23662401378915,0.14848484848484847,0.9887740612030029,9.412126541137695
7.0,-398.15240718700255,-164.22459303853392,0.14818181818181816,1.2012972831726074,13.031888961791992
8.0,-264.7000124866143,-176.78402046954398,0.1478787878787879,1.4130980968475342,13.482039451599121
9.0,-61.28543338235467,-163.95084412652295,0.14757575757575758,1.6156749725341797,13.503191947937012
10.0,-77.86181527525187,-155.34194124139586,0.14727272727272728,1.7514774799346924,7.388055801391602
11.0,-131.71783929336453,-153.19429560975664,0.14696969696969697,1.9430553913116455,10.41112995147705
12.0,-43.87529863426462,-144.0843791951323,0.14666666666666667,2.0689399242401123,5.8007307052612305
13.0,-60.30491617610678,-137.63980511674575,0.14636363636363636,2.2682852745056152,4.604281425476074
14.0,-29.50743008623831,-129.91606404313808,0.14606060606060606,2.4298593997955322,4.256329536437988
15.0,-30.698229705868286,-123.30154175398675,0.14575757575757575,2.4509034156799316,4.614347457885742
16.0,-28.267794936243444,-117.36193257787777,0.14545454545454545,2.5626254081726074,4.9765191078186035
17.0,-33.835704228468245,-112.4486250279125,0.14515151515151514,2.7083468437194824,4.203823089599609
18.0,-41.72255503423512,-108.51939891715264,0.14484848484848484,2.613002300262451,3.254823923110962
19.0,-35.38168598435586,-104.67004560490018,0.14454545454545453,2.774317979812622,4.719181060791016
20.0,-27.758031718805434,-100.82444491059545,0.14424242424242423,2.531717538833618,3.6431798934936523
21.0,-24.124237032793463,-97.17205405927155,0.14393939393939392,2.5786068439483643,3.765899181365967
22.0,-31.760520827770232,-94.19880254874874,0.14363636363636365,2.4161863327026367,3.282287359237671
23.0,-31.626642079837623,-91.47827383270912,0.14333333333333334,2.165700912475586,2.5491936206817627
24.0,-49.34840517137201,-89.72286263848677,0.14303030303030304,2.3393614292144775,3.1204745769500732
25.0,-61.62232424237874,-88.59884110264245,0.14272727272727273,2.210007905960083,2.638611316680908
26.0,-40.737501601129765,-86.75802035258427,0.14242424242424243,2.1039304733276367,2.3556504249572754
27.0,-70.5361537356861,-86.15721047788435,0.14212121212121212,1.8182435035705566,2.115089178085327
28.0,-37.90685995072126,-84.43398367334281,0.14181818181818182,1.7738356590270996,2.0321409702301025
29.0,-31.591150007920803,-82.61181699522481,0.1415151515151515,1.6501264572143555,1.995638132095337
30.0,-38.59328621095047,-81.144532635749,0.1412121212121212,1.4562491178512573,1.3765512704849243
31.0,-84.99742933679372,-81.26881962610527,0.1409090909090909,1.4695945978164673,1.7309449911117554
32.0,-36.79936841251329,-79.8791492756805,0.1406060606060606,1.3539464473724365,1.4494786262512207
33.0,-40.65282760169357,-78.69047286131726,0.1403030303030303,1.372464895248413,1.6630332469940186
34.0,-55.55291646393016,-78.00995649668823,0.13999999999999999,1.3220638036727905,1.3037378787994385
35.0,-39.18693006895482,-76.90072717018157,0.1396969696969697,1.0534913539886475,0.9141214489936829
36.0,-46.20789426695555,-76.04814847842528,0.1393939393939394,1.0843229293823242,1.0327119827270508
37.0,-38.359052817011246,-75.02952427136003,0.1390909090909091,0.9471175074577332,0.9722754955291748
38.0,-154.82747937645763,-77.12947045833629,0.1387878787878788,1.0008000135421753,1.1485130786895752
39.0,-41.698596742283556,-76.22098651689903,0.1384848484848485,0.9979207515716553,1.1099815368652344
40.0,-53.5965621345681,-75.65537590734077,0.13818181818181818,1.0786066055297852,1.5102976560592651
41.0,-37.54132706569508,-74.72576495998356,0.13787878787878788,0.9772891402244568,1.1958608627319336
42.0,-43.7563476276584,-73.98839788064248,0.13757575757575757,1.0604439973831177,1.7223789691925049
43.0,-43.3357772892341,-73.27554623898182,0.13727272727272727,1.0560493469238281,0.939250648021698
44.0,-41.344730465213075,-72.54984588048707,0.13696969696969696,0.9753499031066895,1.2388538122177124
45.0,-45.611312886979434,-71.95121181396468,0.13666666666666666,0.8231670260429382,0.7185059785842896
46.0,-41.126395208016035,-71.28110710513971,0.13636363636363635,0.8141688704490662,0.5109037756919861
47.0,-39.37652373267338,-70.60228618232128,0.13606060606060605,0.8785451054573059,0.5304952263832092
48.0,-42.16477130744606,-70.00983795576138,0.13575757575757574,0.9021933078765869,0.6903660297393799
49.0,-46.630114259826954,-69.532700737477,0.13545454545454544,0.9775606393814087,0.5776394009590149
50.0,-40.42120968122035,-68.95047091635188,0.13515151515151513,0.9127871990203857,0.4685176908969879
51.0,-42.356265873182565,-68.42901591550542,0.13484848484848486,0.8089912533760071,0.6103571653366089
52.0,-43.53268962134608,-67.9502404098485,0.13454545454545455,1.1868538856506348,1.0780203342437744
53.0,-41.01528807077557,-67.44203376194146,0.13424242424242425,0.9868186116218567,0.5958602428436279
54.0,-44.95509159509092,-67.02560890699978,0.13393939393939394,0.9993151426315308,0.6377426385879517
55.0,-42.812369767297064,-66.58536819536883,0.13363636363636364,1.1140621900558472,0.8717168569564819
56.0,-40.43677650804166,-66.11842905809513,0.13333333333333333,1.34328031539917,0.6523129940032959
57.0,-41.86585114132613,-65.69294523499393,0.13303030303030303,1.0210235118865967,0.6838623285293579
58.0,-39.10453930168879,-65.23452444304039,0.13272727272727272,0.9846518039703369,0.2812097668647766
59.0,-37.74320439957083,-64.76856986603242,0.13242424242424242,1.1857858896255493,0.47839611768722534
60.0,-40.077169983834025,-64.35704653466246,0.1321212121212121,0.7974586486816406,0.34005481004714966
61.0,-38.26837067399174,-63.929363323831794,0.1318181818181818,1.125430703163147,0.7636499404907227
62.0,-39.575713036721574,-63.53656251274937,0.13151515151515153,0.9214205741882324,0.36465737223625183
63.0,-42.611543180793525,-63.204419348750065,0.13121212121212122,0.8839993476867676,0.3461128771305084
64.0,-37.45080244569108,-62.802019084639774,0.13090909090909092,1.1218851804733276,0.574420690536499
65.0,-38.20468517809641,-62.423598563000645,0.13060606060606061,0.9284200668334961,0.24769635498523712
66.0,-41.24657362843864,-62.102734548840616,0.1303030303030303,1.0824337005615234,0.4241883158683777
67.0,-38.72030613850802,-61.75374308002968,0.13,1.1169428825378418,0.42834794521331787
68.0,-39.99439955344424,-61.43375273405048,0.1296969696969697,0.9682837724685669,0.27557772397994995
69.0,-40.23914171047509,-61.12658445834649,0.1293939393939394,1.016550064086914,0.457821249961853
70.0,-42.18664619084447,-60.8560139116679,0.1290909090909091,0.9594932794570923,0.34472373127937317
71.0,-37.62773010209203,-60.52885498477246,0.12878787878787878,0.9318633079528809,0.2295881062746048
72.0,-37.67364931013435,-60.21142157262471,0.12848484848484848,0.9329955577850342,0.5846191644668579
73.0,-40.93843036238104,-59.94740799440219,0.12818181818181817,1.0960571765899658,0.4942980110645294
74.0,-38.16647367177429,-59.65307104409641,0.12787878787878787,1.0741398334503174,0.717650294303894
75.0,-42.13702066814294,-59.419523705750365,0.12757575757575756,1.0507029294967651,0.5097675323486328
76.0,-41.07256310768426,-59.17811632946001,0.12727272727272726,0.8552320003509521,0.43610498309135437
77.0,-40.29577200750355,-58.932891078525515,0.12696969696969695,0.9387447237968445,0.22070375084877014
78.0,-42.416475138952954,-58.7211421562233,0.12666666666666668,0.8993561863899231,0.22042877972126007
79.0,-38.42449359036982,-58.464222554123886,0.12636363636363637,0.8385818600654602,0.19670972228050232
80.0,-38.93898972738534,-58.22015714378966,0.12606060606060607,0.9836491346359253,0.2556028962135315
81.0,-39.13812662158162,-57.984576520058695,0.12575757575757576,1.1309435367584229,0.24809269607067108
82.0,-40.3756358613784,-57.7698333412943,0.12545454545454546,1.0034412145614624,0.23117439448833466
83.0,-38.88602877669037,-57.542317623648465,0.12515151515151515,1.0744365453720093,0.18479634821414948
84.0,-39.7242163967574,-57.33019737094738,0.12484848484848485,1.016796350479126,0.2707556486129761
85.0,-38.055689284345135,-57.10343845228147,0.12454545454545454,1.084953784942627,0.30912432074546814
86.0,-43.31710123699158,-56.94313220559206,0.12424242424242424,1.099956750869751,0.19602710008621216
87.0,-39.13800428975373,-56.73847556288127,0.12393939393939393,0.912451446056366,0.31287646293640137
88.0,-37.744482098892334,-56.52263472806323,0.12363636363636364,1.014563798904419,0.1731237918138504
89.0,-36.426013286039236,-56.296829992759584,0.12333333333333334,0.9732273817062378,0.24253617227077484
90.0,-40.251883784914384,-56.11855281267242,0.12303030303030303,1.0592554807662964,0.40851831436157227
91.0,-36.411463475570784,-55.901991391385586,0.12272727272727273,1.1497313976287842,0.35540127754211426
92.0,-37.39713416025043,-55.700851638873246,0.12242424242424242,1.157108187675476,0.2055480182170868
93.0,-34.57881203758298,-55.47373293348303,0.12212121212121212,0.910150408744812,0.26631516218185425
94.0,-41.5648952640593,-55.32576657529767,0.12181818181818183,1.021976113319397,0.42527857422828674
95.0,-35.20639415839687,-55.11398370775134,0.12151515151515152,1.0167666673660278,0.3066158890724182
96.0,-33.34690708019771,-54.88724332621433,0.12121212121212122,1.0234378576278687,0.15833978354930878
97.0,-35.70546588534489,-54.68949304331877,0.12090909090909091,0.9780184626579285,0.14968129992485046
98.0,-34.51976037011482,-54.483679444612605,0.1206060606060606,0.900948166847229,0.17828741669654846
99.0,-38.003638089448216,-54.317214380419024,0.1203030303030303,1.0683255195617676,0.12055827677249908
100.0,-33.00971954495181,-54.10413943206435,0.12,1.0232527256011963,0.37112903594970703
101.0,-34.237475499976426,-53.907439789172386,0.11969696969696969,1.068556547164917,0.6302497386932373
102.0,-33.36817620653892,-53.70607445993088,0.1193939393939394,1.184600591659546,0.442464679479599
103.0,-37.892843233421445,-53.552547943168655,0.1190909090909091,1.0790820121765137,0.17946499586105347
104.0,-34.514304288686255,-53.369487908029406,0.11878787878787879,1.040380835533142,0.17588397860527039
105.0,-31.206934478506444,-53.15841597060538,0.1184848484848485,1.1729602813720703,0.15168482065200806
106.0,-33.8169259384973,-52.975949083510024,0.1181818181818182,0.9246181845664978,0.13134890794754028
107.0,-29.10578911448829,-52.75286347632291,0.11787878787878789,1.1100045442581177,0.2852542996406555
108.0,-32.39426089366898,-52.564357896853885,0.11757575757575758,0.9072320461273193,0.09175117313861847
109.0,-30.791347241809124,-52.3646055055232,0.11727272727272728,0.9031845927238464,0.13685370981693268
110.0,-31.489762105699626,-52.174834201888444,0.11696969696969697,0.9162494540214539,0.19583472609519958
111.0,-30.227921898500064,-51.97711427122729,0.11666666666666667,1.1859177350997925,0.15387330949306488
112.0,-30.943556869379247,-51.78931465156792,0.11636363636363636,1.0074816942214966,0.3046834468841553
113.0,-30.721913149394098,-51.60287747013275,0.11606060606060606,1.0328744649887085,0.1537935584783554
114.0,-30.340632963180543,-51.416366553405105,0.11575757575757575,1.0434434413909912,0.20227627456188202
115.0,-31.747183901933024,-51.245330182522736,0.11545454545454545,1.120252013206482,0.5586793422698975
116.0,-28.962859377358107,-51.05323991696097,0.11515151515151514,1.160516619682312,0.1909908950328827
117.0,-29.341871026298033,-50.867672661485216,0.11484848484848485,0.9557150602340698,0.13697509467601776
118.0,-28.62246330231428,-50.67915393810241,0.11454545454545455,1.0065221786499023,0.15695393085479736
119.0,-27.38366162017919,-50.48339349845599,0.11424242424242424,0.8372644186019897,0.044909849762916565
120.0,-27.670717269089074,-50.29328786321128,0.11393939393939395,1.1732912063598633,0.32662448287010193
121.0,-28.825851858966054,-50.11587103672992,0.11363636363636365,1.041234016418457,0.15556621551513672
122.0,-27.64350249003619,-49.93167129454391,0.11333333333333334,1.0262635946273804,0.2350236177444458
123.0,-30.26087609615643,-49.771746130329376,0.11303030303030304,1.008520483970642,0.15261350572109222
124.0,-34.39917947330978,-49.647773818579225,0.11272727272727273,0.9604526162147522,0.17292408645153046
125.0,-29.09583014547825,-49.48335826919442,0.11242424242424243,1.0269362926483154,0.10214608907699585
126.0,-29.118776988459285,-49.3217346082362,0.11212121212121212,1.0842667818069458,0.18622589111328125
127.0,-27.873815881693737,-49.152853358420906,0.11181818181818182,1.096733570098877,0.3093400001525879
128.0,-28.656671205931342,-48.99272693535457,0.11151515151515151,1.0740211009979248,0.0871698334813118
129.0,-30.76181691993261,-48.851402051514086,0.1112121212121212,1.0633527040481567,0.2599785625934601
130.0,-31.26134995913599,-48.71609395849579,0.1109090909090909,0.8952541351318359,0.16548274457454681
131.0,-32.05421115271747,-48.58890401341352,0.11060606060606061,1.0291577577590942,0.06482748687267303
132.0,-29.781091482657942,-48.446420585150214,0.1103030303030303,0.9541481733322144,0.15872694551944733
133.0,-29.570719738083426,-48.30449802239031,0.11,1.054978609085083,0.17685091495513916
134.0,-29.674595903698354,-48.165468902101566,0.10969696969696971,0.8841489553451538,0.06634873151779175
135.0,-32.69502189895138,-48.05087299837453,0.1093939393939394,0.9727782011032104,0.17209255695343018
136.0,-33.057477578381075,-47.940627443815764,0.1090909090909091,1.093534231185913,0.20469389855861664
137.0,-30.29199883621186,-47.81180533719092,0.1087878787878788,0.8851039409637451,0.17921721935272217
138.0,-29.168147630619934,-47.67670636830272,0.10848484848484849,1.0229823589324951,0.1507081836462021
139.0,-32.39011788256467,-47.56673091157079,0.10818181818181818,0.8365683555603027,0.06450619548559189
140.0,-32.062499176897106,-47.45598639918026,0.10787878787878788,1.057631254196167,0.22304080426692963
141.0,-29.680927713843996,-47.329922153184974,0.10757575757575757,1.085166335105896,0.5206266641616821
142.0,-29.745898238522933,-47.20609099885636,0.10727272727272727,1.0467571020126343,0.15560610592365265
143.0,-29.298838932579386,-47.080865459931346,0.10696969696969696,0.9558546543121338,0.09833142161369324
144.0,-30.853690355161962,-46.96817674392601,0.10666666666666666,0.8684220910072327,0.05962839722633362
145.0,-29.978827663883564,-46.85100881923606,0.10636363636363637,1.0010327100753784,0.13508054614067078
146.0,-30.411549235181884,-46.738409780989116,0.10606060606060606,0.9661518931388855,0.24685296416282654
147.0,-29.93965293878282,-46.62413252355913,0.10575757575757576,0.9216097593307495,0.10820933431386948
148.0,-28.67175550898537,-46.50283267886607,0.10545454545454547,0.8989059925079346,0.08201228082180023
149.0,-29.60397321301207,-46.38941751466571,0.10515151515151516,0.9188321828842163,0.2116151750087738
150.0,-30.982638575881715,-46.28670565507382,0.10484848484848486,1.0049437284469604,0.13790464401245117
151.0,-27.58078245939687,-46.162825369009724,0.10454545454545455,1.128312110900879,0.15707391500473022
152.0,-27.333701811823996,-46.03894955613351,0.10424242424242425,0.9050486087799072,0.06494003534317017
153.0,-27.15579258305952,-45.91553022951211,0.10393939393939394,0.9837576746940613,0.08869696408510208
154.0,-30.78803310617804,-45.817299728711234,0.10363636363636364,0.9251357913017273,0.09179794788360596
155.0,-29.804814348276707,-45.71399337141811,0.10333333333333333,1.0323060750961304,0.1320880502462387
156.0,-29.344089939910916,-45.609058093011015,0.10303030303030303,1.1790828704833984,0.17961907386779785
157.0,-30.254541542008518,-45.51125862453329,0.10272727272727274,0.8629617691040039,0.10150483250617981
158.0,-27.763303682766857,-45.398929795787936,0.10242424242424243,0.848388135433197,0.05929189547896385
159.0,-31.799795904767237,-45.31340065181925,0.10212121212121213,1.0391589403152466,0.12758298218250275
160.0,-30.965200623683636,-45.2237244016434,0.10181818181818182,1.0671535730361938,0.1399436593055725
161.0,-30.0928064330481,-45.12974354469561,0.10151515151515152,0.9273141026496887,0.09397230297327042
162.0,-32.941939242585796,-45.054510184806034,0.10121212121212123,0.8410413265228271,0.07408725470304489
163.0,-27.743362606805746,-44.94830682543181,0.10090909090909092,0.9873127937316895,0.1139572411775589
164.0,-28.60331572999712,-44.8486422455816,0.10060606060606062,0.9346726536750793,0.27965766191482544
165.0,-28.78392324043671,-44.751280312217084,0.10030303030303031,0.9686365127563477,0.08151094615459442
166.0,-29.528190502338113,-44.6595749519166,0.1,0.9363573789596558,0.18574193120002747
167.0,-27.058120842743666,-44.55417702311916,0.1,0.9545643925666809,0.07353953272104263
168.0,-28.18685823907144,-44.456752506547446,0.1,0.9451680779457092,0.07687641680240631
169.0,-27.250621809461155,-44.354941082304336,0.1,1.1379704475402832,0.12219122797250748
170.0,-28.67794163292274,-44.26272343848444,0.1,0.9130837917327881,0.04218602925539017
171.0,-29.247648236528036,-44.17491598116306,0.1,0.8905199766159058,0.054673753678798676
172.0,-28.556177479401228,-44.08410936196677,0.1,0.932127833366394,0.1353827565908432
173.0,-29.699155245069413,-44.00095933816968,0.1,0.8426674008369446,0.0923449695110321
174.0,-28.02411338016391,-43.90913838438803,0.1,1.0232338905334473,0.5056934952735901
175.0,-28.012875307525974,-43.81830259537739,0.1,0.8796811103820801,0.03830541670322418
176.0,-28.396267617447304,-43.73067739663915,0.1,1.023231029510498,0.3191486597061157
177.0,-30.88509158818051,-43.65810346551792,0.1,1.0522377490997314,0.19916407763957977
178.0,-27.36045535155572,-43.56654364465297,0.1,0.8003555536270142,0.047951895743608475
179.0,-27.555631392588836,-43.47709720749059,0.1,0.8824437260627747,0.03602868318557739
180.0,-26.68186034320388,-43.38379033602233,0.1,0.8303942680358887,0.09515875577926636
181.0,-32.70631682435051,-43.32479876965951,0.1,0.9110715985298157,0.1386849284172058
182.0,-26.897333898994837,-43.23453797366684,0.1,0.8362895846366882,0.03255723416805267
183.0,-30.201637585181743,-43.163319938757084,0.1,0.9098694920539856,0.09734570235013962
184.0,-29.65309682684019,-43.089894813148845,0.1,1.0723668336868286,0.3455832600593567
185.0,-27.35674586552195,-43.0048507647833,0.1,0.8934730291366577,0.09766041487455368
186.0,-29.591446398478002,-42.9327356875451,0.1,0.9233788251876831,0.04194888100028038
187.0,-26.48697724863887,-42.844790455251484,0.1,1.0629292726516724,0.09041061997413635
188.0,-31.8635525199119,-42.786379615169885,0.1,0.8379448056221008,0.07229960709810257
189.0,-26.51655929069966,-42.700295909749414,0.1,1.0210998058319092,0.07588562369346619
190.0,-30.156492504896594,-42.634275891829134,0.1,1.0084569454193115,0.20455020666122437
191.0,-26.22582946745679,-42.548367795366445,0.1,0.8962481021881104,0.06211097538471222
192.0,-62.81907878001221,-42.65394441507814,0.1,0.8984744548797607,0.07181781530380249
193.0,-27.833814638690093,-42.577156177894786,0.1,1.1288281679153442,0.15202000737190247
194.0,-28.904724650084972,-42.50667972672051,0.1,0.9733214378356934,0.08852840214967728
195.0,-25.56439728983678,-42.41979622704418,0.1,0.9673460125923157,0.11177631467580795
196.0,-27.163142691832036,-42.34195615798698,0.1,1.1323843002319336,0.3091510832309723
197.0,-27.853170100122227,-42.268409020637414,0.1,0.7882230877876282,0.031136367470026016
198.0,-27.12575691693928,-42.191930979709646,0.1,0.967070996761322,0.09065516293048859
199.0,-28.49137003878132,-42.123083939805475,0.1,0.869625449180603,0.0476558655500412
200.0,-26.412002567137826,-42.04452853294214,0.1,0.8945053815841675,0.032310597598552704
201.0,-28.325112529448234,-41.97627273192973,0.1,0.941533088684082,0.06644324213266373
202.0,-29.796000898105557,-41.91597435651476,0.1,0.9098403453826904,0.0794297382235527
203.0,-27.635026447288695,-41.84562485942497,0.1,1.1416250467300415,0.27579739689826965
204.0,-27.472422962146812,-41.77516798737949,0.1,0.897473931312561,0.08122452348470688
205.0,-26.634584807232024,-41.7013114840617,0.1,0.969061017036438,0.09296128153800964
206.0,-26.927072499832143,-41.62959187734214,0.1,0.9409804940223694,0.15039339661598206
207.0,-25.835356353363025,-41.55329122263693,0.1,0.9271039366722107,0.0670883059501648
208.0,-25.69820900922641,-41.47706486584168,0.1,1.0325332880020142,0.055289655923843384
209.0,-41.33807909241877,-41.4763998621411,0.1,0.9017375707626343,0.13174554705619812
210.0,-27.524578996771012,-41.40996261992505,0.1,0.9727989435195923,0.09834785759449005
211.0,-28.435405890457332,-41.348471829737996,0.1,1.0040533542633057,0.09428910166025162
212.0,-28.426118452730588,-41.28751733267664,0.1,1.0619683265686035,0.12376052141189575
213.0,-30.832274101395157,-41.23843168370349,0.1,1.005204439163208,0.08117678016424179
214.0,-26.76201549388934,-41.1707848790782,0.1,0.9659215807914734,0.07628507167100906
215.0,-28.388778622006065,-41.11133368718483,0.1,0.916854739189148,0.08608786761760712
216.0,-30.25845738314092,-41.06108888948093,0.1,0.901555061340332,0.05492518097162247
217.0,-45.53397673724685,-41.081701275876156,0.1,1.0500518083572388,0.09347771853208542
218.0,-28.58462549857795,-41.024375240200484,0.1,0.9445695281028748,0.09378544986248016
219.0,-25.560292804188794,-40.95376299163422,0.1,0.9568579196929932,0.08820944279432297
220.0,-27.965543370507657,-40.89472562972001,0.1,1.0068883895874023,0.08214819431304932
221.0,-29.682294220197946,-40.843990645966514,0.1,0.969428300857544,0.09905744343996048
222.0,-30.26654799785465,-40.79634450791196,0.1,0.8922197222709656,0.044434886425733566
223.0,-37.61451173293462,-40.78207619950399,0.1,0.9488481283187866,0.12228672951459885
224.0,-29.606098522222602,-40.732183442016115,0.1,1.084330677986145,0.10581234097480774
225.0,-28.23925853217952,-40.676659331305736,0.1,1.0121121406555176,0.11418423801660538
226.0,-28.412924374081197,-40.62239501733571,0.1,0.8709977865219116,0.05602290481328964
227.0,-30.752228368073702,-40.57891410698654,0.1,1.1771332025527954,0.14708462357521057
228.0,-26.25426651639864,-40.516086705273445,0.1,0.9323569536209106,0.08422805368900299
229.0,-29.845296999486163,-40.46948937031367,0.1,0.9348957538604736,0.06933686882257462
230.0,-30.098205695301296,-40.42439683259622,0.1,0.9121306538581848,0.05590646713972092
231.0,-29.624879870249423,-40.377645676915066,0.1,0.8811836838722229,0.027826379984617233
232.0,-31.512540630623697,-40.339434017232776,0.1,1.0172573328018188,0.28526756167411804
233.0,-28.70349228326231,-40.28949435313848,0.1,0.9828335642814636,0.08643873035907745
234.0,-27.95406349729747,-40.236778836660534,0.1,0.9231485724449158,0.10988382995128632
235.0,-34.05457157464698,-40.21047157171579,0.1,1.127063512802124,0.12475544214248657
236.0,-31.633672462869438,-40.17412920261051,0.1,0.8735240697860718,0.07284917682409286
237.0,-27.63496382078156,-40.1212213318011,0.1,0.9276407361030579,0.08020594716072083
238.0,-26.947303887363525,-40.06586873749674,0.1,1.026056170463562,0.059251993894577026
239.0,-27.27864744528197,-40.01236571953769,0.1,0.9745916128158569,0.10406573116779327
240.0,-29.646053600497545,-39.96917275237502,0.1,1.0148894786834717,0.057718098163604736
241.0,-26.994996448094025,-39.91533799592572,0.1,0.9405962228775024,0.0698981061577797
242.0,-28.109976936830208,-39.86655551221045,0.1,0.983443021774292,0.03666597232222557
243.0,-28.801707177166826,-39.82102115692221,0.1,0.9150786399841309,0.07336241006851196
244.0,-31.308143036137334,-39.78613231216489,0.1,0.9781551361083984,0.2065275013446808
245.0,-27.328480819961985,-39.73528475505386,0.1,1.0336644649505615,0.05875590443611145
246.0,-26.65657111671171,-39.682119252458975,0.1,1.0790016651153564,0.07596036791801453
247.0,-27.492379173170775,-39.6327680780489,0.1,1.0349587202072144,0.06238759309053421
248.0,-30.232461384357883,-39.59486361557433,0.1,0.9315824508666992,0.0824764296412468
249.0,-28.041273123025892,-39.54846365375688,0.1,1.0755794048309326,0.14881202578544617
250.0,-25.635794073925354,-39.49281297543755,0.1,0.9101231694221497,0.12908586859703064
251.0,-29.380317939748053,-39.452524150594165,0.1,0.9351096153259277,0.21029512584209442
252.0,-31.039290622109547,-39.41913830325891,0.1,1.0308066606521606,0.06355320662260056
253.0,-26.455321629904212,-39.367897921150785,0.1,1.0111944675445557,0.1144523099064827
254.0,-27.488575660064814,-39.321128935870924,0.1,0.9501091241836548,0.5540821552276611
255.0,-26.297055668532266,-39.27005413874411,0.1,1.022019386291504,0.10812612622976303
256.0,-28.79939306061715,-39.22915311890767,0.1,0.8690535426139832,0.05493113398551941
257.0,-26.126708081178368,-39.17817084249627,0.1,1.1840194463729858,0.16296690702438354
258.0,-24.999248209851793,-39.123213778028656,0.1,0.9365736842155457,0.050740934908390045
259.0,-29.646600932534785,-39.08662453924296,0.1,0.9239138960838318,0.03358668088912964
260.0,-26.710471750702713,-39.039023951594736,0.1,0.8746587038040161,0.03537033870816231
261.0,-25.888035370688886,-38.98863702216598,0.1,0.9146067500114441,0.05881892889738083
262.0,-28.835266956103442,-38.94988370130314,0.1,1.113632082939148,0.3580966889858246
263.0,-27.887819885951465,-38.90782262215732,0.1,0.8746240139007568,0.051161933690309525
264.0,-25.789687130320818,-38.85813271499127,0.1,0.9044036865234375,0.03791838139295578
265.0,-27.945556661579758,-38.81695318271425,0.1,1.194576621055603,0.08326821029186249
266.0,-25.801250507903752,-38.768021969651045,0.1,0.9285504221916199,0.07106506824493408
267.0,-30.75198423769325,-38.73799935642274,0.1,1.0912963151931763,0.08520005643367767
268.0,-28.493942645750938,-38.699775264218744,0.1,0.9793698787689209,0.10001463443040848
269.0,-28.143063709419224,-38.66053098334588,0.1,1.0311956405639648,0.09510718286037445
270.0,-28.17380857691169,-38.621691270729464,0.1,0.8819296360015869,0.030826088041067123
271.0,-36.83024293796625,-38.615080760276456,0.1,0.9349175691604614,0.06342802941799164
272.0,-25.194979235436765,-38.56574215172925,0.1,0.9292594194412231,0.08603231608867645
273.0,-31.19559582350776,-38.53874527873211,0.1,0.9404327869415283,0.08653264492750168
274.0,-25.475757084286307,-38.49107013933632,0.1,0.9753522872924805,0.08342685550451279
275.0,-31.268248251266776,-38.46480533247062,0.1,1.0006234645843506,0.2019903063774109
276.0,-27.97948008524254,-38.426815023603844,0.1,0.9208094477653503,0.05094572529196739
277.0,-29.151269072713333,-38.39332929814937,0.1,0.937649130821228,0.0514925979077816
278.0,-33.44639232233167,-38.375534560826274,0.1,0.9401507377624512,0.10110240429639816
279.0,-26.599446511641144,-38.333326359933146,0.1,0.979353129863739,0.041269004344940186
280.0,-29.228724105050787,-38.30080992330856,0.1,0.8734064102172852,0.01979154907166958
281.0,-29.121660112636164,-38.26814390974745,0.1,0.9986289143562317,0.34245565533638
282.0,-29.290237764222546,-38.23630736313212,0.1,1.1032946109771729,0.04154151305556297
283.0,-27.158563051838428,-38.197163390300695,0.1,0.8981048464775085,0.04487404227256775
284.0,-26.082309527753388,-38.154505454164955,0.1,0.917682409286499,0.04425974562764168
285.0,-30.85078975997167,-38.128878381553754,0.1,0.9438979029655457,0.026668241247534752
286.0,-25.21311931638047,-38.08371838482238,0.1,1.0118961334228516,0.09097253531217575
287.0,-28.987649461440743,-38.05202476488029,0.1,0.9746220111846924,0.057061053812503815
288.0,-25.793955136905424,-38.009462023116484,0.1,0.8993576169013977,0.04149807244539261
289.0,-26.960378627479074,-37.97122990064023,0.1,0.9364774823188782,0.028862107545137405
290.0,-25.58058288665488,-37.92850353162648,0.1,0.9775353074073792,0.07947303354740143
291.0,-26.956439356319606,-37.89079884373883,0.1,0.9319040775299072,0.035391923040151596
292.0,-26.617276522563046,-37.852190890584126,0.1,0.8780983090400696,0.0233150701969862
293.0,-28.99266475229524,-37.821953600009756,0.1,1.0346869230270386,0.06659632176160812
294.0,-26.88544801073149,-37.78475460140677,0.1,1.1524977684020996,0.08620166033506393
295.0,-25.376996413746383,-37.74269440416046,0.1,0.9092757105827332,0.04284108057618141
296.0,-27.529569373700358,-37.70819060338188,0.1,1.0606789588928223,0.07753574848175049
297.0,-27.354350047791375,-37.67332918736979,0.1,0.9380592107772827,0.04796665534377098
298.0,-60.30744290873409,-37.74928258911934,0.1,1.0619393587112427,0.13487283885478973
299.0,-30.76102440543473,-37.725910488170555,0.1,1.099834680557251,0.06799858063459396
300.0,-26.83760047517717,-37.68961612146058,0.1,0.9237267374992371,0.069658562541008
301.0,-29.172879689332333,-37.661321316038226,0.1,0.8839523792266846,0.05916852131485939
302.0,-25.60542705786647,-37.621401136375404,0.1,1.0820198059082031,0.0487217977643013
303.0,-27.01928393878043,-37.58641065057476,0.1,0.9465221166610718,0.07803132385015488
304.0,-27.191162710997745,-37.55221575603668,0.1,0.9880030751228333,0.05671371892094612
305.0,-90.89630955893892,-37.72711442424292,0.1,1.1321983337402344,0.17615512013435364
306.0,-26.219901458499955,-37.689509153113036,0.1,1.0841127634048462,0.07996018975973129
307.0,-43.319040006026626,-37.70784638716162,0.1,0.9259142875671387,0.03862364590167999
308.0,-62.867696801721486,-37.78953421318292,0.1,0.9660332202911377,0.04574529826641083
309.0,-26.753219008573797,-37.75381798274729,0.1,0.9000816345214844,0.051004525274038315
310.0,-30.005470704939217,-37.7288233141092,0.1,1.0111303329467773,0.04265265911817551
311.0,-33.27812053401722,-37.71451237269412,0.1,1.0403592586517334,0.09758707135915756
312.0,-28.737399193085736,-37.68573957404151,0.1,0.9238101243972778,0.029537387192249298
313.0,-34.66697854064405,-37.67609497010095,0.1,1.0730977058410645,0.11263149231672287
314.0,-28.030722433212212,-37.64537722316819,0.1,0.9600698351860046,0.058086737990379333
315.0,-51.980775633105075,-37.69088642446957,0.1,0.9532275795936584,0.03581542149186134
316.0,-28.902439324398078,-37.66307488301365,0.1,0.9963096380233765,0.09168275445699692
317.0,-26.29188776256051,-37.62720363026774,0.1,1.1481698751449585,0.13992010056972504
318.0,-81.91902165813372,-37.76648607689625,0.1,1.0330982208251953,0.09203134477138519
319.0,-54.46403292241012,-37.818829483935474,0.1,1.0364038944244385,0.09915458410978317
320.0,-57.405103859025985,-37.88003659135764,0.1,1.0489590167999268,0.07210850715637207
321.0,-28.620728328848777,-37.85119139427817,0.1,1.096754550933838,0.08098752051591873
322.0,-31.951786497607827,-37.832870261058694,0.1,1.1653547286987305,0.0847620889544487
323.0,-25.118865582114083,-37.79350801747063,0.1,0.9626003503799438,0.05203212797641754
324.0,-36.80127571057528,-37.79044557207898,0.1,1.127516269683838,0.11126105487346649
325.0,-24.456793717620897,-37.74941895098834,0.1,0.980718195438385,0.03648177161812782
326.0,-28.410316395480187,-37.720771397137085,0.1,0.9378774166107178,0.047293521463871
327.0,-33.40789034953341,-37.707582158459395,0.1,1.1251227855682373,0.14082500338554382
328.0,-27.06722490182146,-37.67514204487209,0.1,0.9073558449745178,0.03311663120985031
329.0,-54.44040687740781,-37.72610029664271,0.1,1.076821208000183,0.07242923229932785
330.0,-24.592548050067855,-37.686301653471276,0.1,0.8996572494506836,0.027160530909895897
331.0,-26.39207435306162,-37.65218012084164,0.1,1.0097723007202148,0.048271819949150085
332.0,-27.772351760696623,-37.62242160168457,0.1,0.9334234595298767,0.07577651739120483
333.0,-26.21757890325971,-37.58817282481243,0.1,0.9301912188529968,0.08180811256170273
334.0,-93.60503238862829,-37.75588797320709,0.1,1.0132646560668945,0.1065107062458992
335.0,-70.00356319919229,-37.85214969029958,0.09951807228915663,1.0372508764266968,0.14914916455745697
336.0,-26.056246753409503,-37.81704283632074,0.09903614457831326,1.1025512218475342,0.15537361800670624
337.0,-28.704570922395213,-37.79000286031503,0.09855421686746989,0.934655487537384,0.03464137762784958
338.0,-61.12717381305992,-37.8590477447906,0.09807228915662651,1.0038797855377197,0.04339925944805145
339.0,-66.16608697334306,-37.9425493354353,0.09759036144578313,1.0285403728485107,0.03489501401782036
340.0,-25.680084372125567,-37.9064832620138,0.09710843373493977,1.0523070096969604,0.07096627354621887
341.0,-30.727001164737157,-37.88542906231505,0.09662650602409639,1.0649263858795166,0.126054584980011
342.0,-25.606948569137607,-37.84952707256891,0.09614457831325302,0.9749440550804138,0.037499409168958664
343.0,-25.885827260976658,-37.81464748128147,0.09566265060240964,1.0701202154159546,0.13210159540176392
344.0,-27.073046279512344,-37.7834218963926,0.09518072289156627,1.126570701599121,0.1215699315071106
345.0,-26.993641114840283,-37.752147169489554,0.0946987951807229,1.1795278787612915,0.05419275909662247
346.0,-48.28588048294188,-37.78259148542439,0.09421686746987952,1.028695821762085,0.0596044547855854
347.0,-28.857163819903512,-37.756869791863814,0.09373493975903616,1.061852216720581,0.10168889164924622
348.0,-47.97748384654987,-37.78623937248072,0.09325301204819278,1.0043728351593018,0.06235658377408981
349.0,-25.115847000665966,-37.749934523277815,0.0927710843373494,1.0855334997177124,0.5995985269546509
350.0,-29.011066120554457,-37.724966327841464,0.09228915662650602,1.0453784465789795,0.06973768025636673
351.0,-27.32691644728184,-37.69534225410767,0.09180722891566266,1.0204499959945679,0.06210535019636154
352.0,-28.676360681827646,-37.669720147368245,0.09132530120481928,1.002751350402832,0.07139703631401062
353.0,-24.606525482959118,-37.632713930188615,0.0908433734939759,0.9542994499206543,0.08857578784227371
354.0,-28.20186454579234,-37.60607311271857,0.09036144578313253,1.0987136363983154,0.09581221640110016
355.0,-24.547966116759927,-37.569289712729955,0.08987951807228917,0.9653622508049011,0.11058782041072845
356.0,-107.82389778829962,-37.76663411743662,0.08939759036144579,1.0662152767181396,0.09002912044525146
357.0,-58.00161140728743,-37.82331472609165,0.08891566265060241,1.052866816520691,0.05283438786864281
358.0,-26.168847380345685,-37.790760348030915,0.08843373493975903,1.0371840000152588,0.12144628912210464
359.0,-26.126162049081177,-37.75826843076364,0.08795180722891567,1.012597918510437,0.07147078961133957
360.0,-26.482645877264442,-37.72694725700392,0.0874698795180723,0.9714429378509521,0.02550164982676506
361.0,-55.730230013304386,-37.77681784635656,0.08698795180722892,1.0715677738189697,0.0730968490242958
362.0,-27.062375344522298,-37.74721993889292,0.08650602409638555,1.0061228275299072,0.033514901995658875
363.0,-100.65944203087278,-37.92053184548241,0.08602409638554218,1.077592134475708,0.05404268205165863
364.0,-24.843935098312798,-37.88460712914402,0.0855421686746988,1.06997811794281,0.0394083708524704
365.0,-78.0999408332631,-37.99478612559366,0.08506024096385542,1.1141924858093262,0.03923464193940163
366.0,-26.51963123971364,-37.963433243391805,0.08457831325301206,0.9749525785446167,0.021852685138583183
367.0,-27.73643579892814,-37.9355667653415,0.08409638554216868,1.319732666015625,0.0956113338470459
368.0,-25.33501283720252,-37.90132612966721,0.0836144578313253,1.2343052625656128,0.17627234756946564
369.0,-25.8501875622198,-37.86866721756031,0.08313253012048194,1.0608620643615723,0.0381772518157959
370.0,-26.573413550341503,-37.8381395049462,0.08265060240963856,1.032254695892334,0.09593823552131653
371.0,-31.132754816114904,-37.820065691768754,0.08216867469879519,1.100936770439148,0.0771566778421402
372.0,-27.895922210253772,-37.79338788671092,0.08168674698795181,0.997779369354248,0.10032068938016891
373.0,-45.67912994576618,-37.814529286333055,0.08120481927710843,1.2223410606384277,0.11074517667293549
374.0,-26.870526019157847,-37.785267245511726,0.08072289156626507,1.0776686668395996,0.05786319822072983
375.0,-98.70556271146052,-37.94772136675426,0.08024096385542169,1.0226179361343384,0.05286518484354019
376.0,-83.01816396165064,-38.06758956514494,0.07975903614457833,0.9611287713050842,0.060316625982522964
377.0,-63.9539012350142,-38.13625352182894,0.07927710843373495,1.2747951745986938,0.11718110740184784
378.0,-24.506709471484648,-38.100196526986764,0.07879518072289157,1.10776948928833,0.09920003265142441
379.0,-56.47355679031462,-38.148675050109006,0.0783132530120482,1.031952142715454,0.05683339759707451
380.0,-50.552074404200546,-38.18131557472503,0.07783132530120482,1.1127057075500488,0.057038564234972
381.0,-27.795961060514674,-38.15405742639377,0.07734939759036144,1.3494101762771606,0.11023726314306259
382.0,-28.48921550968662,-38.12875679310396,0.07686746987951808,1.1550862789154053,0.1481689214706421
383.0,-27.17432045126334,-38.10015513163702,0.0763855421686747,1.0367238521575928,0.09550361335277557
384.0,-26.646823733486233,-38.07032874778766,0.07590361445783134,1.146157145500183,0.8168125152587891
385.0,-27.467238865513355,-38.04278825458695,0.07542168674698796,1.1134737730026245,0.06034153699874878
386.0,-28.242196173593403,-38.0173981196621,0.07493975903614458,0.9820444583892822,0.02748543582856655
387.0,-26.6025407819252,-37.987902364267434,0.0744578313253012,1.2121946811676025,0.07097869366407394
388.0,-28.968018649076114,-37.96465524129013,0.07397590361445784,1.1718380451202393,0.13346943259239197
389.0,-26.598956609703603,-37.9354375070187,0.07349397590361446,1.1026101112365723,0.08841550350189209
390.0,-26.777540681697428,-37.9068275151589,0.07301204819277109,1.0624325275421143,0.068703293800354
391.0,-25.715346996858713,-37.87564725807885,0.07253012048192772,1.1108627319335938,0.07661183923482895
392.0,-26.225458344630898,-37.845927388401684,0.07204819277108435,1.1089366674423218,0.057543978095054626
393.0,-28.37850992325693,-37.821837267625234,0.07156626506024097,1.1063292026519775,0.047458481043577194
394.0,-95.65773819871248,-37.968628894353884,0.07108433734939759,1.2022231817245483,0.0912102684378624
395.0,-24.637596644437874,-37.93487944561992,0.07060240963855421,1.0229495763778687,0.10780413448810577
396.0,-28.26920155864209,-37.91047116812755,0.07012048192771085,1.117019534111023,0.09673938900232315
397.0,-28.786075712554155,-37.88748780425961,0.06963855421686747,1.0885791778564453,0.07276808470487595
398.0,-76.37402641065418,-37.98418765000432,0.0691566265060241,1.1079612970352173,0.11140947788953781
399.0,-33.0553552004043,-37.97183468647148,0.06867469879518073,1.1654096841812134,0.11612549424171448
400.0,-30.770117432437836,-37.9538303933364,0.06819277108433736,1.0423301458358765,0.04666950926184654
401.0,-26.414777253940702,-37.92505469972195,0.06771084337349398,1.083833932876587,0.3116270899772644
402.0,-89.35871726733167,-38.052999133969735,0.0672289156626506,1.0364794731140137,0.0460197851061821
403.0,-46.92569688849617,-38.075015753708016,0.06674698795180722,1.139652132987976,0.3243791460990906
404.0,-28.199054924957455,-38.05057030611209,0.06626506024096386,1.0729643106460571,0.19762438535690308
405.0,-57.58409809072472,-38.09880123891361,0.0657831325301205,1.0446312427520752,0.1281987428665161
406.0,-24.8777138360776,-38.06623698422682,0.06530120481927712,1.1403826475143433,0.11892561614513397
407.0,-59.46269310861844,-38.1188081294956,0.06481927710843374,0.9822320938110352,0.045882027596235275
408.0,-27.045540343318137,-38.09166776727457,0.06433734939759037,1.020871639251709,0.05700336769223213
409.0,-27.26118344506249,-38.06518736550877,0.06385542168674699,1.1285407543182373,0.1731272041797638
410.0,-27.122370385285468,-38.03849756799603,0.06337349397590361,0.9582782983779907,0.030536245554685593
411.0,-24.98934077076847,-38.00674779476677,0.06289156626506025,1.016022801399231,0.06946738064289093
412.0,-25.73877282785252,-37.97697115649756,0.06240963855421687,1.1533483266830444,0.09060325473546982
413.0,-26.497030526585874,-37.94917469008131,0.0619277108433735,1.1404120922088623,0.09303085505962372
414.0,-24.691575593780726,-37.91715150385836,0.06144578313253012,1.1346442699432373,0.13839326798915863
415.0,-26.153639993211254,-37.88880569298933,0.06096385542168675,1.1302363872528076,0.05493958294391632
416.0,-86.83980481515428,-38.006476363956075,0.06048192771084338,0.9895192980766296,0.031208733096718788
417.0,-115.8663652749673,-38.19319072585298,0.060000000000000005,1.114295482635498,0.17320317029953003
418.0,-24.561111605004406,-38.160578096377265,0.059518072289156634,1.0727643966674805,0.08077783137559891
419.0,-74.22046556384302,-38.24663988030917,0.05903614457831326,1.170163869857788,0.1851050704717636
420.0,-32.14559481948963,-38.23211358254531,0.05855421686746989,1.1748204231262207,0.11085116118192673
421.0,-46.14972142893821,-38.250920252014176,0.058072289156626516,1.1388022899627686,0.07740368694067001
422.0,-28.475396716035903,-38.227755504298585,0.05759036144578313,1.2430344820022583,0.09423033893108368
423.0,-26.071544927544892,-38.19901741782872,0.05710843373493976,1.081106424331665,0.06240461394190788
424.0,-54.894429618044526,-38.23839338999905,0.05662650602409639,1.2875845432281494,0.16622330248355865
425.0,-100.79160599210265,-38.38557741965105,0.056144578313253014,1.2132771015167236,0.13554120063781738
426.0,-84.63373131677508,-38.4941411611936,0.055662650602409644,1.1361398696899414,0.06419605016708374
427.0,-24.757990927156058,-38.46197219109046,0.055180722891566274,1.2207200527191162,0.09837459027767181
428.0,-88.35258699854602,-38.57853904811722,0.05469879518072289,1.2299225330352783,0.08823513984680176
429.0,-75.96311228146078,-38.66568257546768,0.05421686746987952,1.145705223083496,0.047631535679101944
430.0,-25.2912555513205,-38.63457925680688,0.05373493975903615,1.1533197164535522,0.14845010638237
431.0,-37.1725268419832,-38.631187023825845,0.05325301204819277,1.2381476163864136,0.04728922247886658
432.0,-52.99697635211051,-38.66444116578946,0.0527710843373494,1.1096893548965454,0.728043258190155
433.0,-42.15967858734076,-38.67251330764062,0.05228915662650603,1.1500428915023804,0.16585570573806763
434.0,-56.97097386089154,-38.71467565914581,0.051807228915662654,1.231431484222412,0.1302979737520218
435.0,-25.405403084575664,-38.68407963023875,0.05132530120481928,1.1277724504470825,0.09304764866828918
436.0,-25.08061538222246,-38.65287902416532,0.05084337349397591,1.0674384832382202,0.1670738011598587
437.0,-25.57949626417831,-38.62296281647656,0.05036144578313253,1.0965800285339355,0.0668724924325943
438.0,-25.468015906657094,-38.59292869111168,0.04987951807228916,1.0586562156677246,0.052696872502565384
439.0,-25.819494023011067,-38.56383202899756,0.04939759036144579,1.0501022338867188,0.05858141928911209
440.0,-25.811820254288612,-38.534850184055024,0.04891566265060242,1.0299487113952637,0.054234135895967484
441.0,-62.13694633066592,-38.58836967645098,0.04843373493975904,1.0673421621322632,0.0680985227227211
442.0,-29.55977985877544,-38.567943002655326,0.04795180722891567,1.0820430517196655,0.11514218151569366
443.0,-25.161065538204273,-38.53767917090713,0.0474698795180723,1.0820701122283936,0.08947673439979553
444.0,-25.446416044235228,-38.50819434404526,0.046987951807228916,1.10470712184906,0.046097882091999054
445.0,-26.6914003578946,-38.481639750817955,0.046506024096385545,1.3448717594146729,0.1788468211889267
446.0,-29.73573034009314,-38.46203008846207,0.046024096385542175,1.249302625656128,0.17752307653427124
447.0,-64.65436409415852,-38.520625913978165,0.0455421686746988,1.1030102968215942,0.04046721011400223
448.0,-76.77346746074036,-38.60601172100219,0.04506024096385543,1.1673369407653809,0.07488182932138443
449.0,-29.16629126146436,-38.58498784470033,0.04457831325301206,1.0835469961166382,0.08556871116161346
450.0,-25.061535907536744,-38.55493572928441,0.04409638554216868,1.2733502388000488,0.13698428869247437
451.0,-24.650742498465117,-38.52410603254201,0.04361445783132531,1.185023307800293,0.19926394522190094
452.0,-51.16087188798701,-38.552063479124854,0.04313253012048193,1.0916380882263184,0.13326840102672577
453.0,-31.379481291025876,-38.53622996436084,0.042650602409638555,1.1818355321884155,0.05959223210811615
454.0,-25.654583438206462,-38.50785629359838,0.042168674698795185,1.1834938526153564,0.0832802802324295
455.0,-28.823873097682373,-38.48657281404692,0.041686746987951814,1.186105489730835,0.08403842151165009
456.0,-27.819521630718373,-38.46318015794313,0.04120481927710844,1.0381464958190918,0.04207338020205498
457.0,-28.78506388543174,-38.44200266062909,0.04072289156626507,1.1572654247283936,0.2681002616882324
458.0,-26.69710966399871,-38.41635878945742,0.040240963855421696,1.0212384462356567,0.054244622588157654
459.0,-66.09524894608185,-38.476661382391235,0.03975903614457831,1.1393481492996216,0.07453542947769165
460.0,-27.908981334697454,-38.453688164896256,0.03927710843373494,1.1857599020004272,0.06176728382706642
461.0,-28.713086871022824,-38.432558877924734,0.03879518072289157,1.1282129287719727,0.17095008492469788
462.0,-69.61974519111023,-38.50006361020435,0.038313253012048194,1.108534812927246,0.04452371969819069
463.0,-26.131381573760883,-38.47334939414292,0.037831325301204824,1.1721850633621216,0.07007790356874466
464.0,-24.840642100619153,-38.4439685594586,0.03734939759036145,1.2507216930389404,0.19560188055038452
465.0,-26.75157412914559,-38.41882362519986,0.03686746987951807,1.213557481765747,0.1477700173854828
466.0,-26.62366344430484,-38.393512122665754,0.036385542168674706,1.1920926570892334,0.08501160144805908
467.0,-26.642245271429417,-38.36834881035047,0.03590361445783133,1.1211047172546387,0.1354343295097351
468.0,-47.576376155880276,-38.388024082456305,0.03542168674698795,1.0610359907150269,0.05519754812121391
469.0,-25.73526343429985,-38.36104591476301,0.03493975903614459,1.1229243278503418,0.26847022771835327
470.0,-27.682058269099798,-38.33832466445309,0.03445783132530121,1.2452139854431152,0.12689156830310822
471.0,-57.81235351325013,-38.379670797890014,0.033975903614457834,1.121625542640686,0.07848519831895828
472.0,-30.461614284291866,-38.362895254429006,0.033493975903614456,1.2328044176101685,0.2974717915058136
473.0,-26.066389200999403,-38.33689841287841,0.03301204819277109,1.0807743072509766,0.09155531227588654
474.0,-92.36588442826178,-38.450883615442514,0.032530120481927716,1.037280559539795,0.07512648403644562
475.0,-25.447957288241014,-38.42350903370104,0.03204819277108434,1.0818276405334473,0.09275546669960022
476.0,-59.20648180460557,-38.467170741202935,0.031566265060240975,1.074410319328308,0.026633523404598236
477.0,-25.057853608747244,-38.439058965243916,0.031084337349397584,1.114999532699585,0.06252074241638184
478.0,-26.366948140598836,-38.41380350326767,0.03060240963855422,1.2426223754882812,0.19865034520626068
479.0,-26.632139678904785,-38.389207127851456,0.030120481927710843,1.12533438205719,0.03291281685233116
480.0,-31.334754618024455,-38.37451035178933,0.02963855421686748,1.257494330406189,0.354698121547699
481.0,-26.157389293517916,-38.34911093170975,0.029156626506024103,1.2517235279083252,0.06923109292984009
482.0,-27.614172805601264,-38.32683927584646,0.028674698795180725,1.1443089246749878,0.09215005487203598
483.0,-66.99301590365303,-38.38618953801583,0.028192771084337362,1.2803417444229126,0.05761545151472092
484.0,-85.58528795689345,-38.483708336401946,0.027710843373493985,1.286753535270691,0.07590509951114655
485.0,-46.42678815834225,-38.50008582057089,0.027228915662650607,1.1481258869171143,0.11164675652980804
486.0,-30.07260844554694,-38.48274533214492,0.02674698795180723,1.0529553890228271,0.06000831723213196
487.0,-92.16154989425924,-38.59296875013694,0.026265060240963853,1.1958117485046387,0.12501603364944458
488.0,-27.58508715657517,-38.570411615723906,0.02578313253012049,1.150767207145691,0.09234460443258286
489.0,-28.23057009007316,-38.54926674552829,0.025301204819277112,1.1005295515060425,0.06412502378225327
490.0,-27.02137522166595,-38.525740436295926,0.024819277108433735,1.0994125604629517,0.07245422154664993
491.0,-52.29569849204272,-38.55378515738706,0.02433734939759037,1.2410300970077515,0.0811513140797615
492.0,-27.086173491901718,-38.53047700359543,0.023855421686746994,1.0001142024993896,0.10510421544313431
493.0,-28.262565755634572,-38.50964959741295,0.023373493975903617,0.9751848578453064,0.09012308716773987
494.0,-27.24640858117491,-38.486849514384126,0.02289156626506024,1.2165288925170898,0.12409155070781708
495.0,-26.685105791036037,-38.46300760787232,0.022409638554216876,1.170055866241455,0.036155469715595245
496.0,-27.164058450516315,-38.44022746844216,0.0219277108433735,1.1486939191818237,0.06215553730726242
497.0,-27.332155368663365,-38.41787722276856,0.021445783132530122,1.1274936199188232,0.11493278294801712
498.0,-24.513351880095435,-38.38995648914873,0.02096385542168676,1.2801525592803955,0.16488881409168243
499.0,-25.552591556403787,-38.364230306918785,0.02048192771084338,1.229574203491211,0.1278582215309143
500.0,-54.694294321583584,-38.39689043494812,0.020000000000000004,1.19166898727417,0.14283041656017303
