0.000000000000000000e+00,-2.040902900923658725e-01
2.083333333333333218e-02,5.030439720102384410e-02
4.166666666666666435e-02,3.029129431118132154e-01
6.250000000000000000e-02,5.533753479056244817e-01
8.333333333333332871e-02,8.016042180409208573e-01
1.041666666666666574e-01,1.047515890417127116e+00
1.250000000000000000e-01,1.291030564219432408e+00
1.458333333333333148e-01,1.532072398839319893e+00
1.666666666666666574e-01,1.770569578109771447e+00
1.875000000000000000e-01,2.006454343815114338e+00
2.083333333333333148e-01,2.239663003197232438e+00
2.291666666666666574e-01,2.470135915895830259e+00
2.500000000000000000e-01,2.697817465588087327e+00
2.708333333333333148e-01,2.922656020822123502e+00
2.916666666666666297e-01,3.144603888480420384e+00
3.125000000000000000e-01,3.363617262220063076e+00
3.333333333333333148e-01,3.579656167284811286e+00
3.541666666666666297e-01,3.672933765532829131e+00
3.750000000000000000e-01,3.528208037148355292e+00
3.958333333333333148e-01,3.387110581712066804e+00
4.166666666666666297e-01,3.247368448412160102e+00
4.375000000000000000e-01,3.108936394007061121e+00
4.583333333333333148e-01,2.971770490749879645e+00
4.791666666666666297e-01,2.835828069892682546e+00
5.000000000000000000e-01,2.701067666906978193e+00
5.208333333333332593e-01,2.567448968594693071e+00
5.416666666666666297e-01,2.434932762165453290e+00
5.625000000000000000e-01,2.303480886294046126e+00
5.833333333333332593e-01,2.173056184132974966e+00
6.041666666666666297e-01,2.043622458230728522e+00
6.250000000000000000e-01,1.915144427291629148e+00
6.458333333333332593e-01,1.787587684704556201e+00
6.666666666666666297e-01,1.660918658763413713e+00
6.875000000000000000e-01,1.535104574500472996e+00
7.083333333333332593e-01,1.410113417053779461e+00
7.291666666666666297e-01,1.285913896491034158e+00
7.500000000000000000e-01,1.162475414014346953e+00
7.708333333333332593e-01,1.039768029472694533e+00
7.916666666666666297e-01,9.177624301116221739e-01
8.125000000000000000e-01,7.964299004925793346e-01
8.333333333333332593e-01,6.757422935171595313e-01
8.541666666666666297e-01,5.556720024943827552e-01
8.750000000000000000e-01,4.361919341919668902e-01
8.958333333333332593e-01,3.172754828152455353e-01
9.166666666666666297e-01,1.988965048600039309e-01
9.375000000000000000e-01,8.102929478799908436e-02
9.583333333333332593e-01,-3.635138294175896401e-02
9.791666666666666297e-01,-1.532572020333493323e-01
1.000000000000000000e+00,-2.696710520182351578e-01
1.020833333333333259e+00,-3.855724768784722367e-01
1.041666666666666519e+00,-5.009414065048808373e-01
1.062500000000000000e+00,-6.157581690574707167e-01
1.083333333333333259e+00,-7.300035027085581829e-01
1.104166666666666519e+00,-8.436585667555791535e-01
1.125000000000000000e+00,-9.567049520920632988e-01
1.145833333333333259e+00,-1.069124691026658969e+00
1.166666666666666519e+00,-1.180900266441458735e+00
1.187500000000000000e+00,-1.292014620282169401e+00
1.208333333333333259e+00,-1.402451161373865940e+00
1.229166666666666519e+00,-1.512193772557155036e+00
1.250000000000000000e+00,-1.621226817140492660e+00
1.270833333333333259e+00,-1.729535144665158342e+00
1.291666666666666519e+00,-1.837104095979876561e+00
1.312500000000000000e+00,-1.943919507622280385e+00
1.333333333333333259e+00,-2.049967715504209309e+00
1.354166666666666519e+00,-2.155235557897114074e+00
1.375000000000000000e+00,-2.259710377712454754e+00
1.395833333333333259e+00,-2.363380024069671848e+00
1.416666666666666519e+00,-2.466232853140799097e+00
1.437500000000000000e+00,-2.568257728255611827e+00
1.458333333333333259e+00,-2.669444019243720767e+00
1.479166666666666519e+00,-2.769781600979322356e+00
1.500000000000000000e+00,-2.869260851079039387e+00
1.520833333333333259e+00,-2.967872646681368742e+00
1.541666666666666519e+00,-3.065608360204678640e+00
1.562500000000000000e+00,-3.162459853934614706e+00
1.583333333333333259e+00,-3.258419473223824969e+00
1.604166666666666519e+00,-3.353480037985011819e+00
1.625000000000000000e+00,-3.447634832002939298e+00
1.645833333333333259e+00,-3.540877589349233912e+00
1.666666666666666519e+00,-3.633202476799016090e+00
1.687500000000000000e+00,-3.724604070520297405e+00
1.708333333333333259e+00,-3.815077324252008406e+00
1.729166666666666519e+00,-3.904617524355993741e+00
1.750000000000000000e+00,-3.993220223832727012e+00
1.770833333333333259e+00,-4.080881141199977691e+00
1.791666666666666519e+00,-4.167595997916532014e+00
1.812500000000000000e+00,-4.253360242478592568e+00
1.833333333333333259e+00,-4.338168552009880941e+00
1.854166666666666519e+00,-4.422013862241441551e+00
1.875000000000000000e+00,-4.504885296624148161e+00
1.895833333333333259e+00,-4.586763178608962654e+00
1.916666666666666519e+00,-4.667604830099287838e+00
1.937500000000000000e+00,-4.747292395457396452e+00
1.958333333333333259e+00,-4.825329025070326239e+00
1.979166666666666519e+00,-4.894360003524293568e+00
2.000000000000000000e+00,1.626299280476373524e-02
2.020833333333333037e+00,-7.943290384244686142e-02
2.041666666666666519e+00,2.207652576476427375e-01
2.062500000000000000e+00,1.662414829286217588e-01
2.083333333333333037e+00,8.656176289776533472e-02
2.104166666666666519e+00,4.700452713958519838e-03
2.125000000000000000e+00,-7.833284828937113475e-02
2.145833333333333037e+00,3.783137446774538504e-02
2.166666666666666519e+00,2.129950895655988857e-02
2.187500000000000000e+00,1.403356189106617913e-02
2.208333333333333037e+00,9.247500948128706266e-03
2.229166666666666519e+00,6.094221431170658565e-03
2.250000000000000000e+00,4.001973931943542118e-03
2.270833333333333037e+00,2.637394652774731341e-03
2.291666666666666519e+00,1.738211677716830494e-03
2.312500000000000000e+00,1.145610946480284803e-03
2.333333333333333037e+00,7.550508856656000523e-04
2.354166666666666519e+00,4.767273320948998971e-04
2.375000000000000000e+00,3.141895760027241247e-04
2.395833333333333037e+00,1.876046696631522570e-04
2.416666666666666519e+00,1.250223236428961437e-04
2.437500000000000000e+00,2.456970574001016150e-05
2.458333333333333037e+00,6.804919474939427615e-05
2.479166666666666519e+00,4.388588708789317727e-05
2.500000000000000000e+00,2.951737514462343670e-05
2.520833333333333037e+00,6.499261426796965058e-05
2.541666666666666519e+00,-6.364273339690314224e-05
2.562500000000000000e+00,1.281945222365507564e-05
2.583333333333333037e+00,2.405161975614286685e-05
2.604166666666666519e+00,-1.566496971831463081e-06
2.625000000000000000e+00,-8.093532972104633405e-06
2.645833333333333037e+00,3.114202404473111196e-05
2.666666666666666519e+00,-3.804462834634814161e-06
2.687500000000000000e+00,-2.894401966713200380e-08
2.708333333333333037e+00,2.505401020181340088e-06
2.729166666666666519e+00,-1.797837545932517989e-05
2.750000000000000000e+00,-2.862765252497831425e-06
2.770833333333333037e+00,-7.249379779417954028e-06
2.791666666666666519e+00,-8.284418081029761016e-06
2.812500000000000000e+00,1.487542145564091714e-05
2.833333333333333037e+00,2.538052478416336771e-05
2.854166666666666519e+00,1.457134962287454268e-03
2.875000000000000000e+00,4.583453055838264054e-03
2.895833333333333037e+00,7.769642802025756786e-03
2.916666666666666519e+00,1.075843887321861238e-02
2.937500000000000000e+00,1.484445218412856413e-02
2.958333333333333037e+00,2.143431752270959570e-02
2.979166666666666519e+00,3.040828641078806294e-02
3.000000000000000000e+00,4.172472927684062194e-02
3.020833333333333037e+00,5.518827468546277232e-02
3.041666666666666519e+00,7.064675562554358079e-02
3.062500000000000000e+00,8.794384120485777834e-02
3.083333333333333037e+00,1.074267905676072471e-01
3.104166666666666519e+00,1.284743937711646800e-01
3.125000000000000000e+00,1.509211042328995056e-01
3.145833333333333037e+00,1.752651378721475084e-01
3.166666666666666519e+00,2.007477018700812021e-01
3.187500000000000000e+00,2.272856201111691787e-01
3.208333333333333037e+00,2.477214265066726151e-01
3.229166666666666519e+00,2.602104655393285837e-01
3.250000000000000000e+00,2.677171111909084078e-01
3.270833333333333037e+00,2.715252480102964272e-01
3.291666666666666519e+00,2.718603420486669919e-01
3.312500000000000000e+00,2.710614940565213571e-01
3.333333333333333037e+00,2.681227491354328252e-01
3.354166666666666519e+00,2.649944421601777567e-01
3.375000000000000000e+00,2.603148357447919170e-01
3.395833333333333037e+00,2.560365707773644695e-01
3.416666666666666519e+00,2.507640982182223199e-01
3.437500000000000000e+00,2.461428178836049530e-01
3.458333333333333037e+00,2.415107472670117161e-01
3.479166666666666519e+00,2.364136952844227979e-01
3.500000000000000000e+00,2.319102593280198410e-01
3.520833333333333037e+00,2.272274283655742744e-01
3.541666666666666519e+00,2.229116296170169376e-01
3.562500000000000000e+00,2.187390249719740609e-01
3.583333333333333037e+00,2.147526596811110966e-01
3.604166666666666519e+00,2.109119058338651265e-01
3.625000000000000000e+00,2.071642376483443793e-01
3.645833333333333037e+00,2.034585451098767928e-01
3.666666666666666519e+00,2.000306231102957633e-01
3.687500000000000000e+00,1.966331777186334229e-01
3.708333333333333037e+00,1.935360991472239722e-01
3.729166666666666519e+00,1.906255140598082931e-01
3.750000000000000000e+00,1.879668551439196700e-01
3.770833333333333037e+00,1.854556062817447060e-01
3.791666666666666519e+00,1.830309622559578853e-01
3.812500000000000000e+00,1.807496240734503545e-01
3.833333333333333037e+00,1.785983409163516000e-01
3.854166666666666519e+00,1.766844554466680539e-01
3.875000000000000000e+00,1.748498089616924989e-01
3.895833333333333037e+00,1.731493472709953185e-01
3.916666666666666519e+00,1.716578992222155542e-01
3.937500000000000000e+00,1.702955292445440527e-01
3.958333333333333037e+00,1.689757395028971543e-01
3.979166666666666519e+00,1.677377414704471492e-01
4.000000000000000000e+00,1.665155864868939906e-01
4.020833333333333037e+00,1.655658266804012624e-01
4.041666666666666075e+00,1.645206906700260041e-01
4.062500000000000000e+00,1.635627183524938355e-01
4.083333333333333037e+00,1.626814760743354460e-01
4.104166666666666075e+00,1.620190758727734215e-01
4.125000000000000000e+00,1.614195007288591610e-01
4.145833333333333037e+00,1.605183131403435937e-01
4.166666666666666075e+00,1.599712950336585615e-01
4.187500000000000000e+00,1.592661725610492462e-01
4.208333333333333037e+00,1.588485138563326682e-01
4.229166666666666075e+00,1.582180857445401601e-01
4.250000000000000000e+00,1.578992698364790614e-01
4.270833333333333037e+00,1.574242993655612377e-01
4.291666666666666075e+00,1.571936995335479759e-01
4.312500000000000000e+00,1.570260833632328434e-01
4.333333333333333037e+00,1.568759070435159497e-01
4.354166666666666075e+00,1.567191961984712723e-01
4.375000000000000000e+00,1.566069972146013622e-01
4.395833333333333037e+00,1.565682708072488882e-01
4.416666666666666075e+00,1.565519401989318715e-01
4.437500000000000000e+00,1.565376084224236464e-01
4.458333333333333037e+00,1.565611994293260867e-01
4.479166666666666075e+00,1.566216730316299099e-01
4.500000000000000000e+00,1.566572089211497321e-01
4.520833333333333037e+00,1.565365240189176554e-01
4.541666666666666075e+00,1.566405357123485942e-01
4.562500000000000000e+00,1.567324945177590856e-01
4.583333333333333037e+00,1.568212556130172686e-01
4.604166666666666075e+00,1.569599026191831614e-01
4.625000000000000000e+00,1.571371284959538206e-01
4.645833333333333037e+00,1.572992896684362596e-01
4.666666666666666075e+00,1.574433945175070237e-01
4.687500000000000000e+00,1.576207396092346169e-01
4.708333333333333037e+00,1.576973376301637197e-01
4.729166666666666075e+00,1.578729762519815449e-01
4.750000000000000000e+00,1.580444938114335673e-01
4.770833333333333037e+00,1.582641402335927816e-01
4.791666666666666075e+00,1.585074828784298062e-01
4.812500000000000000e+00,1.587267597571249689e-01
4.833333333333333037e+00,1.589352186340660666e-01
4.854166666666666075e+00,1.591746625869693565e-01
4.875000000000000000e+00,1.592983241541577888e-01
4.895833333333333037e+00,1.595088250431403731e-01
4.916666666666666075e+00,1.597260558186552881e-01
4.937500000000000000e+00,1.599821320112663203e-01
4.958333333333333037e+00,1.602281400192783478e-01
4.979166666666666075e+00,1.604414892516081714e-01
5.000000000000000000e+00,1.606658146108248530e-01
5.020833333333333037e+00,1.609177446390706590e-01
5.041666666666666075e+00,1.610478987286339814e-01
5.062500000000000000e+00,1.612192015572039006e-01
5.083333333333333037e+00,1.614124431535181869e-01
5.104166666666666075e+00,1.616216277267581714e-01
5.125000000000000000e+00,1.618138509080837839e-01
5.145833333333333037e+00,1.619379999313368124e-01
5.166666666666666075e+00,1.620792254484468842e-01
5.187500000000000000e+00,1.619277541224306283e-01
5.208333333333333037e+00,1.620245036773951541e-01
5.229166666666666075e+00,1.621576153194934922e-01
5.250000000000000000e+00,1.623503464686990305e-01
5.270833333333333037e+00,1.626117265882491558e-01
5.291666666666666075e+00,1.628600246735936452e-01
5.312500000000000000e+00,1.630918125750300263e-01
5.333333333333333037e+00,1.633300319026938507e-01
5.354166666666666075e+00,1.635560947419857913e-01
5.375000000000000000e+00,1.637784966672654052e-01
5.395833333333333037e+00,1.639607094332063419e-01
5.416666666666666075e+00,1.641007174755274023e-01
5.437500000000000000e+00,1.641814360486076041e-01
5.458333333333333037e+00,1.641272498434849514e-01
5.479166666666666075e+00,1.640749462848836715e-01
5.500000000000000000e+00,1.640543344659624869e-01
5.520833333333333037e+00,1.640291622572485619e-01
5.541666666666666075e+00,1.641552290268635250e-01
5.562500000000000000e+00,1.643247792769819415e-01
5.583333333333333037e+00,1.644714123452649390e-01
5.604166666666666075e+00,1.645961684905081490e-01
5.625000000000000000e+00,1.647420490527378434e-01
5.645833333333333037e+00,1.648385295404609652e-01
5.666666666666666075e+00,1.649852214443779663e-01
5.687500000000000000e+00,1.650880284155590849e-01
5.708333333333333037e+00,1.650209786492558284e-01
5.729166666666666075e+00,1.650715715455921273e-01
5.750000000000000000e+00,1.650112302881716064e-01
5.770833333333333037e+00,1.648689219039614906e-01
5.791666666666666075e+00,1.648935471203071546e-01
5.812500000000000000e+00,1.647435384151116622e-01
5.833333333333333037e+00,1.648398764573781872e-01
5.854166666666666075e+00,1.647907543357217119e-01
5.875000000000000000e+00,1.648697658527623344e-01
5.895833333333333037e+00,1.649681759155485483e-01
5.916666666666666075e+00,1.650463718191927665e-01
5.937500000000000000e+00,1.651177219614206604e-01
5.958333333333333037e+00,1.651498069745656883e-01
5.979166666666666075e+00,1.651521789393672612e-01
6.000000000000000000e+00,1.650677176047077588e-01
6.020833333333333037e+00,1.650903942520719203e-01
6.041666666666666075e+00,1.650513430335427967e-01
6.062500000000000000e+00,1.651090188917274937e-01
6.083333333333333037e+00,1.651717935395984882e-01
6.104166666666666075e+00,1.650113833811139574e-01
6.125000000000000000e+00,1.650528197233020467e-01
6.145833333333333037e+00,1.650991093256714559e-01
6.166666666666666075e+00,1.650414739263904307e-01
6.187500000000000000e+00,1.650110308398949344e-01
6.208333333333333037e+00,1.650253916811134369e-01
6.229166666666666075e+00,1.650703128527784558e-01
6.250000000000000000e+00,1.650245876212568796e-01
6.270833333333333037e+00,1.649993645864841763e-01
6.291666666666666075e+00,1.650207244363262882e-01
6.312500000000000000e+00,1.651106939873393520e-01
6.333333333333333037e+00,1.650547128325106083e-01
6.354166666666666075e+00,1.650620469398675350e-01
6.375000000000000000e+00,1.651124638310934034e-01
6.395833333333333037e+00,1.652240680223367730e-01
6.416666666666666075e+00,1.653116731942516626e-01
6.437500000000000000e+00,1.653594245900495696e-01
6.458333333333333037e+00,1.654266326407957677e-01
6.479166666666666075e+00,1.655320302362737750e-01
6.500000000000000000e+00,1.654589790547533745e-01
6.520833333333333037e+00,1.655103355239082030e-01
6.541666666666666075e+00,1.655169957558099980e-01
6.562500000000000000e+00,1.656060948001300270e-01
6.583333333333333037e+00,1.656701052589795720e-01
6.604166666666666075e+00,1.657239131941642130e-01
6.625000000000000000e+00,1.657851418734275772e-01
6.645833333333333037e+00,1.658241698588581170e-01
6.666666666666666075e+00,1.658393286015431289e-01
6.687500000000000000e+00,1.658717436287694968e-01
6.708333333333333037e+00,1.658838172128474509e-01
6.729166666666666075e+00,1.657727264120884281e-01
6.750000000000000000e+00,1.656346503364616030e-01
6.770833333333333037e+00,1.656374672045783369e-01
6.791666666666666075e+00,1.654803963388534194e-01
6.812500000000000000e+00,1.654914018373891405e-01
6.833333333333333037e+00,1.653331650787907836e-01
6.854166666666666075e+00,1.653364697766891989e-01
6.875000000000000000e+00,1.651658449304145571e-01
6.895833333333333037e+00,1.651495380553024694e-01
6.916666666666666075e+00,1.651503081840405285e-01
6.937500000000000000e+00,1.650257427224894879e-01
6.958333333333333037e+00,1.649660293992084581e-01
6.979166666666666075e+00,1.645199634156217505e-01
7.000000000000000000e+00,1.644954878385244956e-01
7.020833333333333037e+00,1.643085357649428646e-01
7.041666666666666075e+00,1.643117175656090001e-01
7.062500000000000000e+00,1.639971597749997345e-01
7.083333333333333037e+00,1.639800384305573067e-01
7.104166666666666075e+00,1.637778383263600313e-01
7.125000000000000000e+00,1.637780431498166156e-01
7.145833333333333037e+00,1.637696657271448253e-01
7.166666666666666075e+00,1.636691461977616557e-01
7.187500000000000000e+00,1.636517981359107143e-01
7.208333333333333037e+00,1.636058391087031882e-01
7.229166666666666075e+00,1.635464590369110904e-01
7.250000000000000000e+00,1.635054857341845802e-01
7.270833333333333037e+00,1.633453375902116367e-01
7.291666666666666075e+00,1.631004972008952558e-01
7.312500000000000000e+00,1.630038322352430624e-01
7.333333333333333037e+00,1.627893558949499442e-01
7.354166666666666075e+00,1.625339123972578681e-01
7.375000000000000000e+00,1.624996786339483468e-01
7.395833333333333037e+00,1.624206446138991289e-01
7.416666666666666075e+00,1.623992046854495774e-01
7.437500000000000000e+00,1.622932173761931496e-01
7.458333333333333037e+00,1.622540910252970037e-01
7.479166666666666075e+00,1.621893780309213440e-01
7.500000000000000000e+00,1.621565397446829704e-01
7.520833333333333037e+00,1.620177355470427127e-01
7.541666666666666075e+00,1.619849108347481415e-01
7.562500000000000000e+00,1.619333555080961773e-01
7.583333333333333037e+00,1.619331247963645970e-01
7.604166666666666075e+00,1.618075817329611144e-01
7.625000000000000000e+00,1.617874722103599949e-01
7.645833333333333037e+00,1.617254919952555436e-01
7.666666666666666075e+00,1.617200407526900585e-01
7.687500000000000000e+00,1.611636495953928383e-01
7.708333333333333037e+00,1.611405336910925745e-01
7.729166666666666075e+00,1.609977060395416104e-01
7.750000000000000000e+00,1.609816250738705656e-01
7.770833333333333037e+00,1.608142028193325912e-01
7.791666666666666075e+00,1.607691713023977065e-01
7.812500000000000000e+00,1.604955876128410230e-01
7.833333333333333037e+00,1.604779747224081843e-01
7.854166666666666075e+00,1.604516933916078636e-01
7.875000000000000000e+00,1.604365743064730399e-01
7.895833333333333037e+00,1.603849867866216083e-01
7.916666666666666075e+00,1.602531312764704230e-01
7.937500000000000000e+00,1.601486502561368652e-01
7.958333333333333037e+00,1.601134448195072613e-01
7.979166666666666075e+00,1.600404869041921474e-01
8.000000000000000000e+00,1.600141371022217596e-01
8.020833333333332149e+00,1.595489906318810214e-01
8.041666666666666075e+00,1.595152449094525693e-01
8.062500000000000000e+00,1.593139100968677668e-01
8.083333333333332149e+00,1.592997219947191179e-01
8.104166666666666075e+00,1.592630763996325527e-01
8.125000000000000000e+00,1.592372970159841306e-01
8.145833333333332149e+00,1.592215642859299840e-01
8.166666666666666075e+00,1.591770601494668647e-01
8.187500000000000000e+00,1.591277290160502400e-01
8.208333333333332149e+00,1.591026637842965774e-01
8.229166666666666075e+00,1.590610326249981277e-01
8.250000000000000000e+00,1.589795205838112069e-01
8.270833333333332149e+00,1.589083117072843943e-01
8.291666666666666075e+00,1.588752326396321024e-01
8.312500000000000000e+00,1.588481908673841370e-01
8.333333333333332149e+00,1.586949645127136155e-01
8.354166666666666075e+00,1.586177050280790368e-01
8.375000000000000000e+00,1.585630312496849326e-01
8.395833333333332149e+00,1.584788304125574754e-01
8.416666666666666075e+00,1.583522399832497651e-01
8.437500000000000000e+00,1.582428398036211104e-01
8.458333333333332149e+00,1.581432526349619283e-01
8.479166666666666075e+00,1.580630592165021553e-01
8.500000000000000000e+00,1.578315366084516724e-01
8.520833333333332149e+00,1.576907035153594649e-01
8.541666666666666075e+00,1.575995747771344047e-01
8.562500000000000000e+00,1.574073274845584347e-01
8.583333333333332149e+00,1.573740528057533117e-01
8.604166666666666075e+00,1.573375371230402442e-01
8.625000000000000000e+00,1.573428540592473890e-01
8.645833333333332149e+00,1.573347289754596090e-01
8.666666666666666075e+00,1.573032997526627452e-01
8.687500000000000000e+00,1.571404559366940401e-01
8.708333333333332149e+00,1.570885375836726383e-01
8.729166666666666075e+00,1.569914755194146971e-01
8.750000000000000000e+00,1.569225284741398996e-01
8.770833333333332149e+00,1.568979498388700100e-01
8.791666666666666075e+00,1.568612360908898662e-01
8.812500000000000000e+00,1.568145558893813962e-01
8.833333333333332149e+00,1.566367896701789941e-01
8.854166666666666075e+00,1.565997813447425890e-01
8.875000000000000000e+00,1.565598716956070335e-01
8.895833333333332149e+00,1.564548075453897347e-01
8.916666666666666075e+00,1.564169982965468164e-01
8.937500000000000000e+00,1.563652500083963226e-01
8.958333333333332149e+00,1.563262066648625492e-01
8.979166666666666075e+00,1.563037161495449967e-01
9.000000000000000000e+00,1.562655154876219088e-01
9.020833333333332149e+00,1.561971786248406435e-01
9.041666666666666075e+00,1.560912772298212459e-01
9.062500000000000000e+00,1.558442377593020622e-01
9.083333333333332149e+00,1.557927284920290478e-01
9.104166666666666075e+00,1.557028643323958850e-01
9.125000000000000000e+00,1.555899116243382729e-01
9.145833333333332149e+00,1.555204313858478682e-01
9.166666666666666075e+00,1.554963005428435796e-01
9.187500000000000000e+00,1.554386948489722975e-01
9.208333333333332149e+00,1.553073199454575448e-01
9.229166666666666075e+00,1.551737090752494108e-01
9.250000000000000000e+00,1.549298254611331527e-01
9.270833333333332149e+00,1.547030003389349984e-01
9.291666666666666075e+00,1.544826786557524367e-01
9.312500000000000000e+00,1.543461629829411541e-01
9.333333333333332149e+00,1.543563216737836308e-01
9.354166666666666075e+00,1.543719305196339098e-01
9.375000000000000000e+00,1.543641714500275652e-01
9.395833333333332149e+00,1.543685149991842753e-01
9.416666666666666075e+00,1.542153612950613040e-01
9.437500000000000000e+00,1.541611620750592826e-01
9.458333333333332149e+00,1.540959005651479086e-01
9.479166666666666075e+00,1.538910814258799831e-01
9.500000000000000000e+00,1.537789651533236768e-01
9.520833333333332149e+00,1.535524948726147421e-01
9.541666666666666075e+00,1.535071800898518413e-01
9.562500000000000000e+00,1.534226223768579145e-01
9.583333333333332149e+00,1.532436478922088174e-01
9.604166666666666075e+00,1.530799983455554125e-01
9.625000000000000000e+00,1.529929217612530368e-01
9.645833333333332149e+00,1.528760404069975654e-01
9.666666666666666075e+00,1.526758708858759472e-01
9.687500000000000000e+00,1.525071646047890528e-01
9.708333333333332149e+00,1.524425922567116398e-01
9.729166666666666075e+00,1.522930283882704960e-01
9.750000000000000000e+00,1.521225458267347064e-01
9.770833333333332149e+00,1.520570355499889226e-01
9.791666666666666075e+00,1.520514716060327176e-01
9.812500000000000000e+00,1.520087715295605491e-01
9.833333333333332149e+00,1.518610535565876329e-01
9.854166666666666075e+00,1.517521643769193795e-01
9.875000000000000000e+00,1.516860839365170577e-01
9.895833333333332149e+00,1.516314918354719488e-01
9.916666666666666075e+00,1.516128310700798620e-01
9.937500000000000000e+00,1.515783625399204360e-01
9.958333333333332149e+00,1.514547752833758643e-01
9.979166666666666075e+00,1.512817943118899555e-01
1.000000000000000000e+01,1.511623438268913655e-01
1.002083333333333215e+01,1.508534224422933279e-01
1.004166666666666607e+01,1.506378921180016039e-01
1.006250000000000000e+01,1.502827134345175175e-01
1.008333333333333215e+01,1.500544868225577311e-01
1.010416666666666607e+01,1.498340727881684598e-01
1.012500000000000000e+01,1.495677728351296198e-01
1.014583333333333215e+01,1.495806014919622562e-01
1.016666666666666607e+01,1.496170138907567670e-01
1.018750000000000000e+01,1.496297373989348423e-01
1.020833333333333215e+01,1.496116931081628298e-01
1.022916666666666607e+01,1.496244775202862365e-01
1.025000000000000000e+01,1.496223457894133579e-01
1.027083333333333215e+01,1.496151401420960092e-01
1.029166666666666607e+01,1.494483365110702011e-01
1.031250000000000000e+01,1.494076135775313230e-01
1.033333333333333215e+01,1.493668952582271059e-01
1.035416666666666607e+01,1.489331621741849521e-01
1.037500000000000000e+01,1.489186940020068017e-01
1.039583333333333215e+01,1.489332828355926786e-01
1.041666666666666607e+01,1.489392667141339333e-01
1.043750000000000000e+01,1.489463178746724403e-01
1.045833333333333215e+01,1.489036334841891407e-01
1.047916666666666607e+01,1.489151463441930612e-01
1.050000000000000000e+01,1.487926681514193106e-01
1.052083333333333215e+01,1.487704897246089897e-01
1.054166666666666607e+01,1.486618200772149845e-01
1.056250000000000000e+01,1.486357748872180751e-01
1.058333333333333215e+01,1.486763939605829088e-01
1.060416666666666607e+01,1.487047868237824366e-01
1.062500000000000000e+01,1.487128153067079905e-01
1.064583333333333215e+01,1.487328606346758342e-01
1.066666666666666607e+01,1.487229960043651433e-01
1.068750000000000000e+01,1.487348403967160004e-01
1.070833333333333215e+01,1.485971931917625111e-01
1.072916666666666607e+01,1.485693521719325116e-01
1.075000000000000000e+01,1.485191689736690135e-01
1.077083333333333215e+01,1.485295604759505339e-01
1.079166666666666607e+01,1.485380968400786539e-01
1.081250000000000000e+01,1.485178006997555089e-01
1.083333333333333215e+01,1.482886178328983728e-01
1.085416666666666607e+01,1.477283835141677271e-01
1.087500000000000000e+01,1.474665432601363901e-01
1.089583333333333215e+01,1.471085633107463708e-01
1.091666666666666607e+01,1.469300863736024976e-01
1.093750000000000000e+01,1.468769742826414593e-01
1.095833333333333215e+01,1.468350332314038720e-01
1.097916666666666607e+01,1.467876459367850606e-01
1.100000000000000000e+01,1.467239156837574221e-01
1.102083333333333215e+01,1.467018965691736510e-01
1.104166666666666607e+01,1.466868095016442830e-01
1.106250000000000000e+01,1.466850612113240748e-01
1.108333333333333215e+01,1.466783560604088821e-01
1.110416666666666607e+01,1.466566638817364820e-01
1.112500000000000000e+01,1.466614936165772654e-01
1.114583333333333215e+01,1.466976247462825622e-01
1.116666666666666607e+01,1.467367499339677361e-01
1.118750000000000000e+01,1.463515621785134169e-01
1.120833333333333215e+01,1.463313678458907086e-01
1.122916666666666607e+01,1.463571892248845541e-01
1.125000000000000000e+01,1.463513044885608738e-01
1.127083333333333215e+01,1.463014329969355432e-01
1.129166666666666607e+01,1.461675556613584448e-01
1.131250000000000000e+01,1.461042391965317044e-01
1.133333333333333215e+01,1.459102682423927544e-01
1.135416666666666607e+01,1.457957937234318491e-01
1.137500000000000000e+01,1.456722566865152613e-01
1.139583333333333215e+01,1.455588991706371349e-01
1.141666666666666607e+01,1.455878313720952166e-01
1.143750000000000000e+01,1.456199388177436826e-01
1.145833333333333215e+01,1.454866843189221715e-01
1.147916666666666607e+01,1.455019453388394501e-01
1.150000000000000000e+01,1.453894097070215774e-01
1.152083333333333215e+01,1.453945820478927953e-01
1.154166666666666607e+01,1.452781247295079903e-01
1.156250000000000000e+01,1.452389620768988476e-01
1.158333333333333215e+01,1.451711051314277801e-01
1.160416666666666607e+01,1.451506257728302218e-01
1.162500000000000000e+01,1.451774660708613773e-01
1.164583333333333215e+01,1.451777473816098507e-01
1.166666666666666607e+01,1.451462693485522926e-01
1.168750000000000000e+01,1.446412357123944004e-01
1.170833333333333215e+01,1.446657288070403447e-01
1.172916666666666607e+01,1.443963215507223508e-01
1.175000000000000000e+01,1.442813467800752036e-01
1.177083333333333215e+01,1.442601100619669841e-01
1.179166666666666607e+01,1.442256671818327174e-01
1.181250000000000000e+01,1.441780909730211446e-01
1.183333333333333215e+01,1.440941463166380554e-01
1.185416666666666607e+01,1.440294680271473615e-01
1.187500000000000000e+01,1.438453186904550263e-01
1.189583333333333215e+01,1.437832524209101959e-01
1.191666666666666607e+01,1.437375450882934780e-01
1.193750000000000000e+01,1.437212418380995615e-01
1.195833333333333215e+01,1.436891954387503056e-01
1.197916666666666607e+01,1.437117085104792635e-01
