time,axis,backend,x,y,z,vx,vy,vz,roll,pitch,yaw,target_x,target_y,target_z,target_vx,target_vy,target_vz,rpm0,rpm1,rpm2,rpm3,reward,disturbance_x,disturbance_y,disturbance_z,x_b0,x_omega_c,x_k,y_b0,y_omega_c,y_k,z_b0,z_omega_c,z_k
0.0,x,gym_env,0.0,0.0,1.0,0.0,0.0,0.0,0.0,-0.0,0.0,0.0,0.0,1.0,0.5,0.0,0.0,14038.8291015625,14898.029296875,14898.029296875,14038.8291015625,-8.209711700751898,0.0,0.0,0.0,30.5,1.5,11.0,30.5,1.5,11.0,300.0,15.0,7.333333333333333
0.020833333333333332,x,gym_env,1.393427965012961e-06,-2.2894487798747387e-22,1.0000022649765015,0.00022294015798252076,-4.3957043372967054e-20,0.00017966001178137958,2.1512492394521185e-18,0.008181506767868996,1.0172525001509352e-20,0.010416666977107525,0.0,1.0,0.5,0.0,0.0,14059.33203125,14918.53125,14918.53125,14059.33203125,-0.10138575347661971,0.0,0.0,0.0,30.5,1.5,11.0,30.5,1.5,11.0,300.0,15.0,7.333333333333333
0.041666666666666664,x,gym_env,3.071381797781214e-05,-6.7452923687808975e-21,1.000015377998352,0.002681031823158264,-5.617383539847611e-19,0.0009209475247189403,4.8419285989490555e-18,0.029994428157806396,9.293353502517952e-20,0.02083333395421505,0.0,1.0,0.5,0.0,0.0,14110.689453125,14969.8896484375,14969.8896484375,14110.689453125,-0.1352173437386751,0.0,0.0,0.0,30.5,1.5,11.0,30.5,1.5,11.0,300.0,15.0,7.333333333333333
0.0625,x,gym_env,0.00016998211503960192,-3.189348332475918e-20,1.000060796737671,0.0102155776694417,-1.75921153762598e-18,0.002986687468364835,8.619259205930113e-18,0.06544173508882523,3.519679355807275e-19,0.03125,0.0,1.0,0.5,0.0,0.0,14177.3466796875,15036.5458984375,15036.5458984375,14177.3466796875,-0.15515183899104595,0.0,0.0,0.0,30.5,1.5,11.0,30.5,1.5,11.0,300.0,15.0,7.333333333333333
0.08333333333333333,x,gym_env,0.0005614038673229516,-9.150202142697408e-20,1.000167965888977,0.025747662410140038,-3.680980609230881e-18,0.006493020337074995,1.1625939137010324e-17,0.11453168094158173,8.865847950386765e-19,0.0416666679084301,0.0,1.0,0.5,0.0,0.0,15103.35546875,14244.15625,14244.15625,15103.35546875,-0.7948537232875824,0.0,0.0,0.0,30.5,1.5,11.0,30.5,1.5,11.0,300.0,15.0,7.333333333333333
0.10416666666666666,x,gym_env,0.0014057215303182602,-1.9888203320584495e-19,1.0003600120544434,0.05177734047174454,-6.210058448741855e-18,0.010858388617634773,1.3329719440632747e-17,0.16068720817565918,1.541040996703894e-18,0.0520833320915699,0.0,1.0,0.5,0.0,0.0,15125.8662109375,14266.666015625,14266.666015625,15125.8662109375,-0.1291448638498783,0.0,0.0,0.0,30.5,1.5,11.0,30.5,1.5,11.0,300.0,15.0,7.333333333333333
0.125,x,gym_env,0.002910955809056759,-3.6264957732456617e-19,1.0006343126296997,0.08690477162599564,-8.959353687600678e-18,0.01453988067805767,1.3418568564588293e-17,0.19289612770080566,2.0458974486858335e-18,0.0625,0.0,1.0,0.5,0.0,0.0,15070.712890625,14280.294921875,14280.294921875,15070.712890625,-0.14058651008009912,0.0,0.0,0.0,30.5,1.5,11.0,30.5,1.5,11.0,300.0,15.0,7.333333333333333
0.14583333333333331,x,gym_env,0.005227316170930862,-5.834119852985107e-19,1.0009632110595703,0.12799376249313354,-1.1686385360272636e-17,0.016485629603266716,1.2947914376574196e-17,0.2118745744228363,2.3795992717874353e-18,0.0729166641831398,0.0,1.0,0.5,0.0,0.0,14208.6220703125,15067.822265625,15067.822265625,14208.6220703125,-0.7734232158899308,0.0,0.0,0.0,30.5,1.5,11.0,30.5,1.5,11.0,300.0,15.0,7.333333333333333
0.16666666666666666,x,gym_env,0.008445789106190205,-8.587511497032445e-19,1.0013096332550049,0.17263279855251312,-1.4152130529773794e-17,0.0166177898645401,1.0063362699853765e-17,0.23401331901550293,2.7121573108970295e-18,0.0833333358168602,0.0,1.0,0.5,0.0,0.0,15042.8603515625,14183.66015625,14183.66015625,15042.8603515625,-0.7997948563814163,0.0,0.0,0.0,30.5,1.5,11.0,30.5,1.5,11.0,300.0,15.0,7.333333333333333
0.1875,x,gym_env,0.012647485360503197,-1.1784464785888508e-18,1.00163733959198,0.22167432308197021,-1.6123828016357243e-17,0.014987795613706112,1.0131372662637262e-17,0.2533648610115051,2.9936313637123394e-18,0.09375,0.0,1.0,0.5,0.0,0.0,15020.82421875,14161.625,14161.625,15020.82421875,-0.12738592412471772,0.0,0.0,0.0,30.5,1.5,11.0,30.5,1.5,11.0,300.0,15.0,7.333333333333333
0.20833333333333331,x,gym_env,0.017914779484272003,-1.5394439177362072e-18,1.001911997795105,0.27385208010673523,-1.818902503630001e-17,0.011911074630916119,1.2320575636930304e-17,0.25893211364746094,3.1432505521400122e-18,0.1041666641831398,0.0,1.0,0.5,0.0,0.0,14446.5634765625,14689.701171875,14689.701171875,14446.5634765625,-0.5468321013331413,0.0,0.0,0.0,30.5,1.5,11.0,30.5,1.5,11.0,300.0,15.0,7.333333333333333
0.22916666666666666,x,gym_env,0.02427910454571247,-1.948807124287422e-18,1.002109169960022,0.326601505279541,-2.0718953631070995e-17,0.00782008282840252,1.5310406726113422e-17,0.2613259255886078,3.2675253401893666e-18,0.1145833358168602,0.0,1.0,0.5,0.0,0.0,14697.82421875,14410.2509765625,14410.2509765625,14697.82421875,-0.31317047255039215,0.0,0.0,0.0,30.5,1.5,11.0,30.5,1.5,11.0,300.0,15.0,7.333333333333333
0.25,x,gym_env,0.031745992600917816,-2.4182062725171228e-18,1.002214789390564,0.3796749711036682,-2.3838481677218752e-17,0.0032193928491324186,1.9909443250763325e-17,0.26251646876335144,3.3745641658149535e-18,0.125,0.0,1.0,0.5,0.0,0.0,14974.697265625,14115.498046875,14115.498046875,14974.697265625,-0.32344846677780154,0.0,0.0,0.0,30.5,1.5,11.0,30.5,1.5,11.0,300.0,15.0,7.333333333333333
0.2708333333333333,x,gym_env,0.04031860828399658,-2.9645452118331373e-18,1.0022231340408325,0.4325554370880127,-2.796253620488968e-17,-0.0014425344998016953,2.52575712294188e-17,0.25364527106285095,3.2571074139645675e-18,0.1354166716337204,0.0,1.0,0.5,0.0,0.0,14464.28515625,14618.107421875,14618.107421875,14464.28515625,-0.4931736083269119,0.0,0.0,0.0,30.5,1.5,11.0,30.5,1.5,11.0,300.0,15.0,7.333333333333333
0.29166666666666663,x,gym_env,0.04996819049119949,-3.610869194101193e-18,1.0021369457244873,0.4832231104373932,-3.3223361887335084e-17,-0.005836425814777613,3.164453548704492e-17,0.24077746272087097,2.9846088911809173e-18,0.1458333283662796,0.0,1.0,0.5,0.0,0.0,14408.7783203125,14678.5048828125,14678.5048828125,14408.7783203125,-0.13626152393817903,0.0,0.0,0.0,30.5,1.5,11.0,30.5,1.5,11.0,300.0,15.0,7.333333333333333
0.3125,x,gym_env,0.060641009360551834,-4.383504276291555e-18,1.001968264579773,0.531383216381073,-3.987225288592612e-17,-0.009534223936498165,3.965310627188122e-17,0.2314889281988144,2.7347978646480653e-18,0.15625,0.0,1.0,0.5,0.0,0.0,14972.7724609375,14113.572265625,14113.572265625,14972.7724609375,-0.5471558690428734,0.0,0.0,0.0,30.5,1.5,11.0,30.5,1.5,11.0,300.0,15.0,7.333333333333333
0.3333333333333333,x,gym_env,0.07229220122098923,-5.31491791783239e-18,1.0017303228378296,0.5775157809257507,-4.813066199425549e-17,-0.012610800564289093,4.623899257757532e-17,0.21570929884910583,2.1177612459432154e-18,0.1666666716337204,0.0,1.0,0.5,0.0,0.0,14930.1923828125,14164.7431640625,14164.7431640625,14930.1923828125,-0.13728698364496233,0.0,0.0,0.0,30.5,1.5,11.0,30.5,1.5,11.0,300.0,15.0,7.333333333333333
0.35416666666666663,x,gym_env,0.08486182242631912,-6.436085137531664e-18,1.0014387369155884,0.6198782920837402,-5.777590557397901e-17,-0.014776686206459999,5.108514931022544e-17,0.18715111911296844,8.019708875181905e-19,0.1770833283662796,0.0,1.0,0.5,0.0,0.0,14133.71484375,14992.9140625,14992.9140625,14133.71484375,-0.7521597059965134,0.0,0.0,0.0,30.5,1.5,11.0,30.5,1.5,11.0,300.0,15.0,7.333333333333333
0.375,x,gym_env,0.09824249148368835,-7.771095502778453e-18,1.0011224746704102,0.6563966274261475,-6.838206171024824e-17,-0.015299834311008453,5.463748637700177e-17,0.1620023250579834,-4.2060272991943213e-19,0.1875,0.0,1.0,0.5,0.0,0.0,14137.046875,14996.2470703125,14996.2470703125,14137.046875,-0.10608878999948503,0.0,0.0,0.0,30.5,1.5,11.0,30.5,1.5,11.0,300.0,15.0,7.333333333333333
0.3958333333333333,x,gym_env,0.11232154816389084,-9.336304855824768e-18,1.0008074045181274,0.6882954835891724,-7.970039388414602e-17,-0.014937784522771835,5.697494989556637e-17,0.15061762928962708,-9.507811450055747e-19,0.1979166716337204,0.0,1.0,0.5,0.0,0.0,14981.6083984375,14122.4091796875,14122.4091796875,14981.6083984375,-0.7909206633329391,0.0,0.0,0.0,30.5,1.5,11.0,30.5,1.5,11.0,300.0,15.0,7.333333333333333
0.41666666666666663,x,gym_env,0.1270340383052826,-1.1143313163990747e-17,1.0004993677139282,0.7178550958633423,-9.149838493420614e-17,-0.014642234891653061,5.956148411401558e-17,0.13650795817375183,-1.6680427924376824e-18,0.2083333283662796,0.0,1.0,0.5,0.0,0.0,14975.7060546875,14116.505859375,14116.505859375,14975.7060546875,-0.10731562497615814,0.0,0.0,0.0,30.5,1.5,11.0,30.5,1.5,11.0,300.0,15.0,7.333333333333333
0.4375,x,gym_env,0.14232291281223297,-1.320264133748745e-17,1.000200867652893,0.7438862919807434,-1.0381747330039508e-16,-0.01403106190264225,6.205803431670882e-17,0.1087159514427185,-3.2440315496364823e-18,0.21875,0.0,1.0,0.5,0.0,0.0,14155.9296875,14962.6396484375,14962.6396484375,14155.9296875,-0.766642976474762,0.0,0.0,0.0,30.5,1.5,11.0,30.5,1.5,11.0,300.0,15.0,7.333333333333333
0.4583333333333333,x,gym_env,0.15808311104774475,-1.5525448869958833e-17,0.9999281167984009,0.7640801668167114,-1.1668889994008772e-16,-0.012386365793645382,6.56797354409314e-17,0.08322906494140625,-4.7351693603705115e-18,0.2291666716337204,0.0,1.0,0.5,0.0,0.0,14400.6552734375,14723.2177734375,14723.2177734375,14400.6552734375,-0.2905343062400818,0.0,0.0,0.0,30.5,1.5,11.0,30.5,1.5,11.0,300.0,15.0,7.333333333333333
0.47916666666666663,x,gym_env,0.17419928312301636,-1.8125532306841665e-17,0.9996949434280396,0.7793862223625183,-1.3032726859140483e-16,-0.010353894904255867,7.017434372196893e-17,0.06602626293897629,-5.764347064918682e-18,0.2395833283662796,0.0,1.0,0.5,0.0,0.0,14982.4775390625,14123.27734375,14123.27734375,14982.4775390625,-0.5653513848781586,0.0,0.0,0.0,30.5,1.5,11.0,30.5,1.5,11.0,300.0,15.0,7.333333333333333
0.5,x,gym_env,0.19058844447135925,-2.1021420493857135e-17,0.9995061755180359,0.7910094857215881,-1.4492831665705605e-16,-0.00816856324672699,7.708077905863958e-17,0.042681965976953506,-7.336406300617549e-18,0.25,0.0,1.0,0.5,0.0,0.0,14599.5693359375,14503.00390625,14503.00390625,14599.5693359375,-0.39250888984203336,0.0,0.0,0.0,30.5,1.5,11.0,30.5,1.5,11.0,300.0,15.0,7.333333333333333
0.5208333333333333,x,gym_env,0.20715802907943726,-2.423956997571714e-17,0.9993632435798645,0.797420084476471,-1.6111966908117722e-16,-0.005957133136689663,8.804216625460848e-17,0.012976600788533688,-9.64687560707209e-18,0.2604166567325592,0.0,1.0,0.5,0.0,0.0,14127.6142578125,14986.8134765625,14986.8134765625,14127.6142578125,-0.4636192310333252,0.0,0.0,0.0,30.5,1.5,11.0,30.5,1.5,11.0,300.0,15.0,7.333333333333333
0.5416666666666666,x,gym_env,0.22378575801849365,-2.782310002339284e-17,0.9992727041244507,0.797883152961731,-1.7958468292885555e-16,-0.003268750384449959,9.96014263624409e-17,-0.009056813083589077,-1.1564092496970959e-17,0.2708333432674408,0.0,1.0,0.5,0.0,0.0,14244.9072265625,14848.048828125,14848.048828125,14244.9072265625,-0.17703281228542328,0.0,0.0,0.0,30.5,1.5,11.0,30.5,1.5,11.0,300.0,15.0,7.333333333333333
0.5625,x,gym_env,0.24036818742752075,-3.1820241884040985e-17,0.9992331862449646,0.7942973971366882,-2.0038396076048912e-16,-0.0009832791984081268,1.1332983196907318e-16,-0.01979791186749935,-1.2568862996774834e-17,0.28125,0.0,1.0,0.5,0.0,0.0,14957.5087890625,14098.30859375,14098.30859375,14957.5087890625,-0.6526180402517319,0.0,0.0,0.0,30.5,1.5,11.0,30.5,1.5,11.0,300.0,15.0,7.333333333333333
0.5833333333333333,x,gym_env,0.25684764981269836,-3.628385736188738e-17,0.9992354512214661,0.7885264754295349,-2.2383880599577313e-16,0.0008271001861430705,1.2601429593799414e-16,-0.0348922461271286,-1.4246190891588424e-17,0.2916666567325592,0.0,1.0,0.5,0.0,0.0,14851.3828125,14184.763671875,14184.763671875,14851.3828125,-0.13740734045505523,0.0,0.0,0.0,30.5,1.5,11.0,30.5,1.5,11.0,300.0,15.0,7.333333333333333
0.6041666666666666,x,gym_env,0.27316635847091675,-4.12679977468787e-17,0.9992697834968567,0.7791641354560852,-2.498888013627667e-16,0.0021689296700060368,1.3962660509129338e-16,-0.061802443116903305,-1.7689202805526068e-17,0.3020833432674408,0.0,1.0,0.5,0.0,0.0,14091.080078125,14950.2802734375,14950.2802734375,14091.080078125,-0.6628276217222213,0.0,0.0,0.0,30.5,1.5,11.0,30.5,1.5,11.0,300.0,15.0,7.333333333333333
0.625,x,gym_env,0.28922179341316223,-4.682767054974971e-17,0.9993304014205933,0.7642555832862854,-2.7849479805743893e-16,0.003355438821017742,1.516911997615018e-16,-0.08469405025243759,-2.0868185285381687e-17,0.3125,0.0,1.0,0.5,0.0,0.0,14085.431640625,14944.6318359375,14944.6318359375,14085.431640625,-0.048897134947776796,0.0,0.0,0.0,30.5,1.5,11.0,30.5,1.5,11.0,300.0,15.0,7.333333333333333
0.6458333333333333,x,gym_env,0.3049108386039734,-5.3011219514220465e-17,0.9994096159934998,0.7452614903450012,-3.092802899347353e-16,0.0040667373687028885,1.6202459143642043e-16,-0.09387198090553284,-2.2161290267206233e-17,0.3229166567325592,0.0,1.0,0.5,0.0,0.0,14375.8369140625,14629.7724609375,14629.7724609375,14375.8369140625,-0.27857132539749146,0.0,0.0,0.0,30.5,1.5,11.0,30.5,1.5,11.0,300.0,15.0,7.333333333333333
0.6666666666666666,x,gym_env,0.3201830983161926,-5.986061909329436e-17,0.999495267868042,0.7248793840408325,-3.420340216836546e-16,0.004136520437896252,1.7144316105852483e-16,-0.09514588117599487,-2.223689126647113e-17,0.3333333432674408,0.0,1.0,0.5,0.0,0.0,14923.509765625,14064.310546875,14064.310546875,14923.509765625,-0.47757206022739407,0.0,0.0,0.0,30.5,1.5,11.0,30.5,1.5,11.0,300.0,15.0,7.333333333333333
0.6875,x,gym_env,0.3350270092487335,-6.741461111814092e-17,0.9995809197425842,0.7041632533073425,-3.7646511689615387e-16,0.00408268254250288,1.796338505444657e-16,-0.10299912840127945,-2.3485766900942466e-17,0.34375,0.0,1.0,0.5,0.0,0.0,14057.9169921875,14917.1171875,14917.1171875,14057.9169921875,-0.7202996169090271,0.0,0.0,0.0,30.5,1.5,11.0,30.5,1.5,11.0,300.0,15.0,7.333333333333333
0.7083333333333333,x,gym_env,0.34942054748535156,-7.570667324251139e-17,0.9996612071990967,0.6817953586578369,-4.1268887793217805e-16,0.0036763260141015053,1.9208835830309692e-16,-0.10811213403940201,-2.429488023455611e-17,0.3541666567325592,0.0,1.0,0.5,0.0,0.0,14094.01171875,14871.6640625,14871.6640625,14094.01171875,-0.06563805449008941,0.0,0.0,0.0,30.5,1.5,11.0,30.5,1.5,11.0,300.0,15.0,7.333333333333333
0.7291666666666666,x,gym_env,0.36333802342414856,-8.478415328466832e-17,0.9997298717498779,0.6589836478233337,-4.514359501180728e-16,0.0030537392012774944,2.0535887642728924e-16,-0.10034757107496262,-2.261876746806236e-17,0.3645833432674408,0.0,1.0,0.5,0.0,0.0,14908.890625,14049.6904296875,14049.6904296875,14908.890625,-0.6876400526285171,0.0,0.0,0.0,30.5,1.5,11.0,30.5,1.5,11.0,300.0,15.0,7.333333333333333
0.75,x,gym_env,0.3768000900745392,-9.470351128450211e-17,0.9997867345809937,0.6378819346427917,-4.929790515930744e-16,0.0025358032435178757,2.1923863623368403e-16,-0.0958404615521431,-2.1565637508106798e-17,0.375,0.0,1.0,0.5,0.0,0.0,14905.755859375,14046.5556640625,14046.5556640625,14905.755859375,-0.03491860103607178,0.0,0.0,0.0,30.5,1.5,11.0,30.5,1.5,11.0,300.0,15.0,7.333333333333333
0.7708333333333333,x,gym_env,0.3898322880268097,-1.0552291458268751e-16,0.9998326301574707,0.6171900033950806,-5.3725653424049045e-16,0.0019664885476231575,2.32880935647272e-16,-0.10498055070638657,-2.3531951703263752e-17,0.3854166567325592,0.0,1.0,0.5,0.0,0.0,14043.81640625,14903.015625,14903.015625,14043.81640625,-0.7185406868219376,0.0,0.0,0.0,30.5,1.5,11.0,30.5,1.5,11.0,300.0,15.0,7.333333333333333
0.7916666666666666,x,gym_env,0.40241122245788574,-1.1729758575691854e-16,0.9998633861541748,0.5945757031440735,-5.841365256183454e-16,0.0011188796488568187,2.462088402536408e-16,-0.11137964576482773,-2.493929032768187e-17,0.3958333432674408,0.0,1.0,0.5,0.0,0.0,14042.23828125,14901.4384765625,14901.4384765625,14042.23828125,-0.030623807406425476,0.0,0.0,0.0,30.5,1.5,11.0,30.5,1.5,11.0,300.0,15.0,7.333333333333333
0.8125,x,gym_env,0.41450566053390503,-1.3008238342541973e-16,0.9998744130134583,0.571262538433075,-6.337942556676023e-16,0.00014770821144338697,2.6320667392266647e-16,-0.10413394868373871,-2.2970992553416016e-17,0.40625,0.0,1.0,0.5,0.0,0.0,14552.31640625,14397.962890625,14397.962890625,14552.31640625,-0.43277017261981965,0.0,0.0,0.0,30.5,1.5,11.0,30.5,1.5,11.0,300.0,15.0,7.333333333333333
0.8333333333333333,x,gym_env,0.4261341094970703,-1.439446864121672e-16,0.9998663067817688,0.5497638583183289,-6.86913121158018e-16,-0.0007157698855735362,2.7822528276153446e-16,-0.09291481226682663,-1.9831498021642453e-17,0.4166666567325592,0.0,1.0,0.5,0.0,0.0,14910.3671875,14051.1669921875,14051.1669921875,14910.3671875,-0.3071542588949203,0.0,0.0,0.0,30.5,1.5,11.0,30.5,1.5,11.0,300.0,15.0,7.333333333333333
0.8541666666666666,x,gym_env,0.43734171986579895,-1.589541234724032e-16,0.9998469948768616,0.5302701592445374,-7.431968723162902e-16,-0.001051570987328887,2.9214611043098127e-16,-0.09087754786014557,-1.9155094236784367e-17,0.4270833432674408,0.0,1.0,0.5,0.0,0.0,14048.24609375,14907.4462890625,14907.4462890625,14048.24609375,-0.7100943035602569,0.0,0.0,0.0,30.5,1.5,11.0,30.5,1.5,11.0,300.0,15.0,7.333333333333333
0.875,x,gym_env,0.44814935326576233,-1.7517041042890917e-16,0.9998201727867126,0.5111209154129028,-8.021971110759661e-16,-0.0014410006115213037,3.054541891724284e-16,-0.08611267805099487,-1.7607594820652812e-17,0.4375,0.0,1.0,0.5,0.0,0.0,14047.85546875,14907.0556640625,14907.0556640625,14047.85546875,-0.022355689406394957,0.0,0.0,0.0,30.5,1.5,11.0,30.5,1.5,11.0,300.0,15.0,7.333333333333333
0.8958333333333333,x,gym_env,0.45857295393943787,-1.9264917352351807e-16,0.999786376953125,0.4935317635536194,-8.638313046642476e-16,-0.00170986820012331,3.1656898197607894e-16,-0.06771320849657059,-1.1776070763827473e-17,0.4479166567325592,0.0,1.0,0.5,0.0,0.0,14913.4140625,14054.21484375,14054.21484375,14913.4140625,-0.7111464922189713,0.0,0.0,0.0,30.5,1.5,11.0,30.5,1.5,11.0,300.0,15.0,7.333333333333333
0.9166666666666666,x,gym_env,0.46867671608924866,-2.114419229473348e-16,0.9997527599334717,0.47982221841812134,-9.278079149286017e-16,-0.0015163490315899253,3.2406112074344123e-16,-0.05207880213856697,-6.660820597385277e-18,0.4583333432674408,0.0,1.0,0.5,0.0,0.0,14914.24609375,14055.046875,14055.046875,14914.24609375,-0.02554970886707306,0.0,0.0,0.0,30.5,1.5,11.0,30.5,1.5,11.0,300.0,15.0,7.333333333333333
0.9375,x,gym_env,0.4785327613353729,-2.315852134659893e-16,0.9997256994247437,0.4687688946723938,-9.929676184620333e-16,-0.0011447849683463573,3.2429244014738046e-16,-0.05011299252510071,-5.92262848872101e-18,0.46875,0.0,1.0,0.5,0.0,0.0,14048.4208984375,14907.62109375,14907.62109375,14048.4208984375,-0.7130692099094391,0.0,0.0,0.0,30.5,1.5,11.0,30.5,1.5,11.0,300.0,15.0,7.333333333333333
0.9583333333333333,x,gym_env,0.48816433548927307,-2.530850801892308e-16,0.9997043609619141,0.45803260803222656,-1.0579647975487104e-15,-0.0009455824038013816,3.2233280295412804e-16,-0.04542086645960808,-4.3056446603640824e-18,0.4791666567325592,0.0,1.0,0.5,0.0,0.0,14045.57421875,14904.7744140625,14904.7744140625,14045.57421875,-0.028372559726238252,0.0,0.0,0.0,30.5,1.5,11.0,30.5,1.5,11.0,300.0,15.0,7.333333333333333
0.9791666666666666,x,gym_env,0.49758681654930115,-2.759331586667051e-16,0.9996867775917053,0.4488329589366913,-1.1224654035700598e-15,-0.0007587510626763105,3.199642870753682e-16,-0.027095237746834755,1.6851190056056506e-18,0.4895833432674408,0.0,1.0,0.5,0.0,0.0,14909.3837890625,14050.1845703125,14050.1845703125,14909.3837890625,-0.7131156612992287,0.0,0.0,0.0,30.5,1.5,11.0,30.5,1.5,11.0,300.0,15.0,7.333333333333333
1.0,x,gym_env,0.506864070892334,-3.001191256843676e-16,0.9996763467788696,0.4434988796710968,-1.1865193055908508e-15,-0.00031684068380855024,3.1959725711141107e-16,-0.011533080600202084,6.7730549444383095e-18,0.5,0.0,1.0,0.5,0.0,0.0,14909.23828125,14050.0380859375,14050.0380859375,14909.23828125,-0.025065147960186003,0.0,0.0,0.0,30.5,1.5,11.0,30.5,1.5,11.0,300.0,15.0,7.333333333333333
1.0208333333333333,x,gym_env,0.5160678029060364,-3.2563813727255113e-16,0.9996757507324219,0.4407963454723358,-1.2505198445359649e-15,0.00016794531256891787,3.1878294081174447e-16,-0.009635058231651783,7.504951795050741e-18,0.5104166865348816,0.0,1.0,0.5,0.0,0.0,14043.8671875,14903.06640625,14903.06640625,14043.8671875,-0.7114073236346244,0.0,0.0,0.0,30.5,1.5,11.0,30.5,1.5,11.0,300.0,15.0,7.333333333333333
1.0416666666666665,x,gym_env,0.5252206325531006,-3.5248619649453587e-16,0.9996832013130188,0.43837592005729675,-1.3140915730515314e-15,0.00048100764979608357,3.158132697684505e-16,-0.005011354107409716,9.094372724626484e-18,0.5208333134651184,0.0,1.0,0.5,0.0,0.0,14084.888671875,14856.1318359375,14856.1318359375,14084.888671875,-0.05807033575773239,0.0,0.0,0.0,30.5,1.5,11.0,30.5,1.5,11.0,300.0,15.0,7.333333333333333
1.0625,x,gym_env,0.5343371033668518,-3.806493008369125e-16,0.9996957182884216,0.4374391734600067,-1.3768899604862548e-15,0.000682126556057483,3.1314479834724422e-16,0.01240418292582035,1.4697121785076806e-17,0.53125,0.0,1.0,0.5,0.0,0.0,14902.6728515625,14043.47265625,14043.47265625,14902.6728515625,-0.6733845228791238,0.0,0.0,0.0,30.5,1.5,11.0,30.5,1.5,11.0,300.0,15.0,7.333333333333333
1.0833333333333333,x,gym_env,0.5434779524803162,-4.101127331022225e-16,0.9997135400772095,0.44013848900794983,-1.4390713902980219e-15,0.0009640841744840145,3.102755536477591e-16,0.02650260739028454,1.9246831875438948e-17,0.5416666865348816,0.0,1.0,0.5,0.0,0.0,14901.306640625,14042.1064453125,14042.1064453125,14901.306640625,-0.020361803340911866,0.0,0.0,0.0,30.5,1.5,11.0,30.5,1.5,11.0,300.0,15.0,7.333333333333333
1.1041666666666665,x,gym_env,0.5527086853981018,-4.4086243783749736e-16,0.9997361302375793,0.44515442848205566,-1.5004731262818413e-15,0.0011598720448091626,3.062498442774758e-16,0.026946227997541428,1.9531775744128764e-17,0.5520833134651184,0.0,1.0,0.5,0.0,0.0,14132.30078125,14803.6025390625,14803.6025390625,14132.30078125,-0.6296493019104004,0.0,0.0,0.0,30.5,1.5,11.0,30.5,1.5,11.0,300.0,15.0,7.333333333333333
1.125,x,gym_env,0.5620450377464294,-4.728791715129666e-16,0.9997605085372925,0.4500880241394043,-1.5608852101459125e-15,0.001181496656499803,3.014249857912377e-16,0.02832774631679058,2.0090992851606464e-17,0.5625,0.0,1.0,0.5,0.0,0.0,14316.9609375,14616.244140625,14616.244140625,14316.9609375,-0.1644515832781792,0.0,0.0,0.0,30.5,1.5,11.0,30.5,1.5,11.0,300.0,15.0,7.333333333333333
1.1458333333333333,x,gym_env,0.5714887380599976,-5.061403024670709e-16,0.9997836947441101,0.45563051104545593,-1.620146387992902e-15,0.001059149275533855,2.9613433859334854e-16,0.036817070096731186,2.2775830868412704e-17,0.5729166865348816,0.0,1.0,0.5,0.0,0.0,14897.17578125,14037.9765625,14037.9765625,14897.17578125,-0.4771254318714142,0.0,0.0,0.0,30.5,1.5,11.0,30.5,1.5,11.0,300.0,15.0,7.333333333333333
1.1666666666666665,x,gym_env,0.5810684561729431,-5.406217961399318e-16,0.9998059272766113,0.4627953767776489,-1.6782600479545986e-15,0.0010674628429114819,2.8971112893564157e-16,0.03901444375514984,2.3572690348431988e-17,0.5833333134651184,0.0,1.0,0.5,0.0,0.0,14750.7138671875,14180.529296875,14180.529296875,14750.7138671875,-0.12758714995384218,0.0,0.0,0.0,30.5,1.5,11.0,30.5,1.5,11.0,300.0,15.0,7.333333333333333
1.1875,x,gym_env,0.5908010005950928,-5.762958592629675e-16,0.9998262524604797,0.46990931034088135,-1.7348869533356272e-15,0.0009213722078129649,2.82907363256601e-16,0.03032902628183365,2.122590119564147e-17,0.59375,0.0,1.0,0.5,0.0,0.0,14036.1123046875,14895.3115234375,14895.3115234375,14036.1123046875,-0.5823770854115486,0.0,0.0,0.0,30.5,1.5,11.0,30.5,1.5,11.0,300.0,15.0,7.333333333333333
1.2083333333333333,x,gym_env,0.6006603240966797,-6.131315751336033e-16,0.999845564365387,0.47524502873420715,-1.7900434095202223e-15,0.0009373279171995819,2.740047558133827e-16,0.026216553524136543,2.0208851199644244e-17,0.6041666865348816,0.0,1.0,0.5,0.0,0.0,14034.4482421875,14893.6484375,14893.6484375,14034.4482421875,-0.01074335367679596,0.0,0.0,0.0,30.5,1.5,11.0,30.5,1.5,11.0,300.0,15.0,7.333333333333333
1.2291666666666665,x,gym_env,0.6106224656105042,-6.510924154559889e-16,0.9998648762702942,0.480288565158844,-1.843196421026324e-15,0.000914655567612499,2.625254476748372e-16,0.035738833248615265,2.2907958082017025e-17,0.6145833134651184,0.0,1.0,0.5,0.0,0.0,14892.52734375,14033.3271484375,14033.3271484375,14892.52734375,-0.6953838176250458,0.0,0.0,0.0,30.5,1.5,11.0,30.5,1.5,11.0,300.0,15.0,7.333333333333333
1.25,x,gym_env,0.6207133531570435,-6.901295699565386e-16,0.9998825192451477,0.4873758554458618,-1.8938282389649235e-15,0.000792705686762929,2.5049951211773705e-16,0.04252084344625473,2.4810147581727642e-17,0.625,0.0,1.0,0.5,0.0,0.0,14891.5712890625,14032.3720703125,14032.3720703125,14891.5712890625,-0.00743973673582077,0.0,0.0,0.0,30.5,1.5,11.0,30.5,1.5,11.0,300.0,15.0,7.333333333333333
1.2708333333333333,x,gym_env,0.6309667825698853,-7.301889344057467e-16,0.999896764755249,0.49527665972709656,-1.941823666855194e-15,0.00061208033002913,2.3726364293504335e-16,0.035667143762111664,2.327725452085255e-17,0.6354166865348816,0.0,1.0,0.5,0.0,0.0,14033.6591796875,14892.859375,14892.859375,14033.6591796875,-0.6935592983722687,0.0,0.0,0.0,30.5,1.5,11.0,30.5,1.5,11.0,300.0,15.0,7.333333333333333
1.2916666666666665,x,gym_env,0.6413676142692566,-7.712139164148246e-16,0.9999083280563354,0.5016573667526245,-1.9870698375569137e-15,0.000524816510733217,2.2190821938563356e-16,0.03155049309134483,2.244445900630151e-17,0.6458333134651184,0.0,1.0,0.5,0.0,0.0,14282.619140625,14644.2626953125,14644.2626953125,14282.619140625,-0.2062231834411621,0.0,0.0,0.0,30.5,1.5,11.0,30.5,1.5,11.0,300.0,15.0,7.333333333333333
1.3125,x,gym_env,0.6518921852111816,-8.13140617935814e-16,0.9999166131019592,0.5076110363006592,-2.028902253722962e-15,0.0003090307000093162,2.0204885695787665e-16,0.036331404000520706,2.3602008938063318e-17,0.65625,0.0,1.0,0.5,0.0,0.0,14893.76171875,14034.5615234375,14034.5615234375,14893.76171875,-0.49680738856792456,0.0,0.0,0.0,30.5,1.5,11.0,30.5,1.5,11.0,300.0,15.0,7.333333333333333
1.3333333333333333,x,gym_env,0.6625519394874573,-8.558862944376799e-16,0.9999220967292786,0.5144529938697815,-2.0663838851554383e-15,0.00023097895609680563,1.7623289414723148e-16,0.03522225841879845,2.3552077007567167e-17,0.6666666865348816,0.0,1.0,0.5,0.0,0.0,14893.4560546875,14034.255859375,14034.255859375,14893.4560546875,-0.010001871204376222,0.0,0.0,0.0,30.5,1.5,11.0,30.5,1.5,11.0,300.0,15.0,7.333333333333333
1.3541666666666665,x,gym_env,0.6733489632606506,-8.993461255931996e-16,0.9999260306358337,0.5205004215240479,-2.0984222711106218e-15,0.00017075576761271805,1.460523293780625e-16,0.020485758781433105,2.1273015748971264e-17,0.6770833134651184,0.0,1.0,0.5,0.0,0.0,14036.861328125,14896.0615234375,14896.0615234375,14036.861328125,-0.6980248904943467,0.0,0.0,0.0,30.5,1.5,11.0,30.5,1.5,11.0,300.0,15.0,7.333333333333333
1.375,x,gym_env,0.6842347383499146,-9.43396497531633e-16,0.9999306201934814,0.5234220623970032,-2.124211247980963e-15,0.0002613987016957253,1.132240851995644e-16,0.008501441217958927,1.975377944000942e-17,0.6875,0.0,1.0,0.5,0.0,0.0,14036.75,14895.9501953125,14895.9501953125,14036.75,-0.01140956108570099,0.0,0.0,0.0,30.5,1.5,11.0,30.5,1.5,11.0,300.0,15.0,7.333333333333333
1.3958333333333333,x,gym_env,0.695152997970581,-9.879002438550845e-16,0.9999374747276306,0.5244500041007996,-2.1432709716018425e-15,0.00037524965591728687,8.149624931611294e-17,0.010163310915231705,2.0011874680376992e-17,0.6979166865348816,0.0,1.0,0.5,0.0,0.0,14893.873046875,14034.673828125,14034.673828125,14893.873046875,-0.6994284842967987,0.0,0.0,0.0,30.5,1.5,11.0,30.5,1.5,11.0,300.0,15.0,7.333333333333333
1.4166666666666665,x,gym_env,0.7060964703559875,-1.0327199334678617e-15,0.9999459385871887,0.5259262323379517,-2.1558779982305386e-15,0.0004261332505848259,5.003593687765093e-17,0.009095867164433002,2.00911864118698e-17,0.7083333134651184,0.0,1.0,0.5,0.0,0.0,14660.2294921875,14266.353515625,14266.353515625,14660.2294921875,-0.19887403056621553,0.0,0.0,0.0,30.5,1.5,11.0,30.5,1.5,11.0,300.0,15.0,7.333333333333333
1.4375,x,gym_env,0.7170663475990295,-1.0777208881313513e-15,0.9999533891677856,0.5267446637153625,-2.161896802595491e-15,0.0003125004004687071,1.561565291575774e-17,-0.0011701298644766212,1.9854194203289683e-17,0.71875,0.0,1.0,0.5,0.0,0.0,14035.9443359375,14895.14453125,14895.14453125,14035.9443359375,-0.5143392050266266,0.0,0.0,0.0,30.5,1.5,11.0,30.5,1.5,11.0,300.0,15.0,7.333333333333333
1.4583333333333333,x,gym_env,0.7280280590057373,-1.1227594298818754e-15,0.9999611377716064,0.5255378484725952,-2.160831023389608e-15,0.0004093047755304724,-2.068621547678737e-17,-0.00574211310595274,1.9934472081737955e-17,0.7291666865348816,0.0,1.0,0.5,0.0,0.0,14034.57421875,14893.7744140625,14893.7744140625,14034.57421875,-0.01447829613685608,0.0,0.0,0.0,30.5,1.5,11.0,30.5,1.5,11.0,300.0,15.0,7.333333333333333
1.4791666666666665,x,gym_env,0.7389553189277649,-1.1676839398218754e-15,0.9999703764915466,0.5239571332931519,-2.152465514244288e-15,0.0004664227890316397,-5.456762270246554e-17,0.003321223659440875,1.9720187635333643e-17,0.7395833134651184,0.0,1.0,0.5,0.0,0.0,14892.1083984375,14032.908203125,14032.908203125,14892.1083984375,-0.7013001031398773,0.0,0.0,0.0,30.5,1.5,11.0,30.5,1.5,11.0,300.0,15.0,7.333333333333333
1.5,x,gym_env,0.7498723268508911,-1.2123477753723578e-15,0.9999802112579346,0.5243395566940308,-2.137226120973762e-15,0.00047516103950329125,-8.6568328926386e-17,0.009645335376262665,1.9452975210254513e-17,0.75,0.0,1.0,0.5,0.0,0.0,14890.84375,14031.6435546875,14031.6435546875,14890.84375,-0.0156409695148468,0.0,0.0,0.0,30.5,1.5,11.0,30.5,1.5,11.0,300.0,15.0,7.333333333333333
1.5208333333333333,x,gym_env,0.7608110904693604,-1.256613823074986e-15,0.9999896883964539,0.5254544019699097,-2.115682896751533e-15,0.00044394860742613673,-1.1479758124798727e-16,0.0023348452523350716,2.031324304730966e-17,0.7604166865348816,0.0,1.0,0.5,0.0,0.0,14032.6005859375,14891.7998046875,14891.7998046875,14032.6005859375,-0.7024427746295929,0.0,0.0,0.0,30.5,1.5,11.0,30.5,1.5,11.0,300.0,15.0,7.333333333333333
1.5416666666666665,x,gym_env,0.7717549204826355,-1.3003590513941711e-15,0.9999989867210388,0.5249651670455933,-2.088401024311656e-15,0.0004469102423172444,-1.4383883376354e-16,-0.0022382561583071947,2.0973267001677973e-17,0.7708333134651184,0.0,1.0,0.5,0.0,0.0,14070.400390625,14854.115234375,14854.115234375,14070.400390625,-0.04565165731906891,0.0,0.0,0.0,30.5,1.5,11.0,30.5,1.5,11.0,300.0,15.0,7.333333333333333
1.5625,x,gym_env,0.7826790809631348,-1.343462334618456e-15,1.0000079870224,0.5240809321403503,-2.05518653310921e-15,0.0004216750094201416,-1.742270671885741e-16,0.006103192921727896,1.976973906274802e-17,0.78125,0.0,1.0,0.5,0.0,0.0,14891.0048828125,14031.8046875,14031.8046875,14891.0048828125,-0.6732687468528747,0.0,0.0,0.0,30.5,1.5,11.0,30.5,1.5,11.0,300.0,15.0,7.333333333333333
1.5833333333333333,x,gym_env,0.7936055064201355,-1.385795770772805e-15,1.000016450881958,0.5249814987182617,-2.015667787438587e-15,0.0003962275222875178,-2.0730850804385223e-16,0.011227840557694435,1.8972568562818415e-17,0.7916666865348816,0.0,1.0,0.5,0.0,0.0,14890.146484375,14030.947265625,14030.947265625,14890.146484375,-0.017536483716964722,0.0,0.0,0.0,30.5,1.5,11.0,30.5,1.5,11.0,300.0,15.0,7.333333333333333
1.6041666666666665,x,gym_env,0.8045614957809448,-1.427222140519763e-15,1.0000240802764893,0.5263689756393433,-1.9694661635723644e-15,0.00034282117849215865,-2.3929347798379947e-16,0.002720130141824484,2.0993086249154744e-17,0.8020833134651184,0.0,1.0,0.5,0.0,0.0,14032.6884765625,14891.888671875,14891.888671875,14032.6884765625,-0.7046877567529678,0.0,0.0,0.0,30.5,1.5,11.0,30.5,1.5,11.0,300.0,15.0,7.333333333333333
1.625,x,gym_env,0.8155251145362854,-1.4676048597965854e-15,1.0000312328338623,0.5259079337120056,-1.9167201513974183e-15,0.00034819432767108083,-2.745197518453133e-16,-0.00304800714366138,2.2541111752155882e-17,0.8125,0.0,1.0,0.5,0.0,0.0,14033.048828125,14892.2490234375,14892.2490234375,14033.048828125,-0.017979169297218323,0.0,0.0,0.0,30.5,1.5,11.0,30.5,1.5,11.0,300.0,15.0,7.333333333333333
1.6458333333333333,x,gym_env,0.8264667391777039,-1.5067994036066469e-15,1.000038743019104,0.5248276591300964,-1.8567440777429462e-15,0.00036408877349458635,-3.12167904661264e-16,0.004818507004529238,2.0361436244158226e-17,0.8229166865348816,0.0,1.0,0.5,0.0,0.0,14890.7744140625,14031.57421875,14031.57421875,14890.7744140625,-0.7056687242507935,0.0,0.0,0.0,30.5,1.5,11.0,30.5,1.5,11.0,300.0,15.0,7.333333333333333
1.6666666666666665,x,gym_env,0.8374055027961731,-1.5446490708547053e-15,1.000045895576477,0.5254650115966797,-1.789128190420714e-15,0.0003340579569339752,-3.487492459499275e-16,0.009947883896529675,1.885629343847306e-17,0.8333333134651184,0.0,1.0,0.5,0.0,0.0,14889.955078125,14030.7548828125,14030.7548828125,14889.955078125,-0.019678997445106504,0.0,0.0,0.0,30.5,1.5,11.0,30.5,1.5,11.0,300.0,15.0,7.333333333333333
1.6875,x,gym_env,0.848368227481842,-1.5809991721487684e-15,1.0000522136688232,0.5265907645225525,-1.7143750976057986e-15,0.0002777824702206999,-3.809988342765529e-16,0.001445083529688418,2.208408619191421e-17,0.84375,0.0,1.0,0.5,0.0,0.0,14032.7431640625,14891.943359375,14891.943359375,14032.7431640625,-0.7068237877607346,0.0,0.0,0.0,30.5,1.5,11.0,30.5,1.5,11.0,300.0,15.0,7.333333333333333
1.7083333333333333,x,gym_env,0.8593332171440125,-1.6157099470525392e-15,1.0000580549240112,0.5258694291114807,-1.63305167609815e-15,0.00028488057432696223,-4.1542156503869803e-16,-0.004318054765462875,2.4448376832105125e-17,0.8541666865348816,0.0,1.0,0.5,0.0,0.0,14033.2138671875,14892.4140625,14892.4140625,14033.2138671875,-0.020160199427604674,0.0,0.0,0.0,30.5,1.5,11.0,30.5,1.5,11.0,300.0,15.0,7.333333333333333
1.7291666666666665,x,gym_env,0.8702707886695862,-1.6486402587011814e-15,1.0000642538070679,0.5245302319526672,-1.5447739023353069e-15,0.0003048214712180197,-4.514531025352547e-16,0.00355356652289629,2.1167363278052316e-17,0.8645833134651184,0.0,1.0,0.5,0.0,0.0,14890.818359375,14031.6181640625,14031.6181640625,14890.818359375,-0.7077135182142258,0.0,0.0,0.0,30.5,1.5,11.0,30.5,1.5,11.0,300.0,15.0,7.333333333333333
1.75,x,gym_env,0.8812001347541809,-1.6796402881421495e-15,1.0000702142715454,0.5249102711677551,-1.4491393297882049e-15,0.000277589337201789,-4.896503709290426e-16,0.008688080124557018,1.894557765943081e-17,0.875,0.0,1.0,0.5,0.0,0.0,14889.9560546875,14030.755859375,14030.755859375,14889.9560546875,-0.021705010986328124,0.0,0.0,0.0,30.5,1.5,11.0,30.5,1.5,11.0,300.0,15.0,7.333333333333333
1.7708333333333333,x,gym_env,0.8921481370925903,-1.7085515343351885e-15,1.000075340270996,0.525780200958252,-1.345726559565585e-15,0.00022350979270413518,-5.299655393283214e-16,0.00019039324251934886,2.3405523764079922e-17,0.8854166865348816,0.0,1.0,0.5,0.0,0.0,14032.869140625,14892.0693359375,14892.0693359375,14032.869140625,-0.708757171702385,0.0,0.0,0.0,30.5,1.5,11.0,30.5,1.5,11.0,300.0,15.0,7.333333333333333
1.7916666666666665,x,gym_env,0.9030930399894714,-1.7352071317896893e-15,1.0000801086425781,0.524804413318634,-1.2342357420041194e-15,0.0002340045612072572,-5.689648420440408e-16,-0.0055675688199698925,2.6627987820015003e-17,0.8958333134651184,0.0,1.0,0.5,0.0,0.0,14037.587890625,14888.376953125,14888.376953125,14037.587890625,-0.025017944383621215,0.0,0.0,0.0,30.5,1.5,11.0,30.5,1.5,11.0,300.0,15.0,7.333333333333333
1.8125,x,gym_env,0.9140052795410156,-1.7594425443556477e-15,1.0000852346420288,0.5232101678848267,-1.1149729736351218e-15,0.00025425091735087335,-6.087547970764628e-16,0.002229307545349002,2.2163452517327447e-17,0.90625,0.0,1.0,0.5,0.0,0.0,14890.96484375,14031.7646484375,14031.7646484375,14890.96484375,-0.706146958732605,0.0,0.0,0.0,30.5,1.5,11.0,30.5,1.5,11.0,300.0,15.0,7.333333333333333
1.8333333333333333,x,gym_env,0.9249036908149719,-1.7810932358830597e-15,1.00009024143219,0.5233170986175537,-9.87627605125187e-16,0.00023245859483722597,-6.49372515056589e-16,0.007235835772007704,1.9208624402945123e-17,0.9166666865348816,0.0,1.0,0.5,0.0,0.0,14890.0771484375,14030.876953125,14030.876953125,14890.0771484375,-0.023441579627990723,0.0,0.0,0.0,30.5,1.5,11.0,30.5,1.5,11.0,300.0,15.0,7.333333333333333
1.8541666666666665,x,gym_env,0.9358148574829102,-1.7999899056615927e-15,1.0000945329666138,0.523888349533081,-8.52274916527502e-16,0.000183889627805911,-6.883457715091803e-16,-0.001389809069223702,2.5099872554358016e-17,0.9270833134651184,0.0,1.0,0.5,0.0,0.0,14033.0107421875,14892.2109375,14892.2109375,14033.0107421875,-0.7103813714504242,0.0,0.0,0.0,30.5,1.5,11.0,30.5,1.5,11.0,300.0,15.0,7.333333333333333
1.875,x,gym_env,0.94671630859375,-1.815969393969782e-15,1.0000985860824585,0.5225881338119507,-7.091301600897879e-16,0.0001976498169824481,-7.281613492882567e-16,-0.007275489158928394,2.9316448887904226e-17,0.9375,0.0,1.0,0.5,0.0,0.0,14033.5087890625,14892.708984375,14892.708984375,14033.5087890625,-0.023573405861854555,0.0,0.0,0.0,30.5,1.5,11.0,30.5,1.5,11.0,300.0,15.0,7.333333333333333
1.8958333333333333,x,gym_env,0.9575780630111694,-1.8288667411411495e-15,1.0001029968261719,0.5206460356712341,-5.579432493343678e-16,0.00022311693464871496,-7.698217118868938e-16,0.0004740030854009092,2.3631372195447725e-17,0.9479166865348816,0.0,1.0,0.5,0.0,0.0,14891.064453125,14031.8642578125,14031.8642578125,14891.064453125,-0.7109220541238785,0.0,0.0,0.0,30.5,1.5,11.0,30.5,1.5,11.0,300.0,15.0,7.333333333333333
1.9166666666666665,x,gym_env,0.9684186577796936,-1.8385116935532974e-15,1.0001074075698853,0.5203995108604431,-3.9857799724519105e-16,0.00020521004626061767,-8.088232380640996e-16,0.005486548878252506,1.9874283111646146e-17,0.9583333134651184,0.0,1.0,0.5,0.0,0.0,14890.19140625,14030.9912109375,14030.9912109375,14890.19140625,-0.024722614097595214,0.0,0.0,0.0,30.5,1.5,11.0,30.5,1.5,11.0,300.0,15.0,7.333333333333333
1.9375,x,gym_env,0.9792646169662476,-1.844739079781511e-15,1.0001111030578613,0.5206191539764404,-2.314244889642478e-16,0.00016174557094927877,-8.494185626106829e-16,-0.0031331880018115044,2.7150140618605426e-17,0.96875,0.0,1.0,0.5,0.0,0.0,14033.0185546875,14892.21875,14892.21875,14033.0185546875,-0.7115490949869157,0.0,0.0,0.0,30.5,1.5,11.0,30.5,1.5,11.0,300.0,15.0,7.333333333333333
1.9583333333333333,x,gym_env,0.9900935888290405,-1.8473828813681285e-15,1.0001146793365479,0.5189689993858337,-5.611955249795793e-17,0.0001743388274917379,-8.897850294428298e-16,-0.009013008326292038,3.231780425738143e-17,0.9791666865348816,0.0,1.0,0.5,0.0,0.0,14033.4638671875,14892.6630859375,14892.6630859375,14033.4638671875,-0.02456658658981323,0.0,0.0,0.0,30.5,1.5,11.0,30.5,1.5,11.0,300.0,15.0,7.333333333333333
1.9791666666666665,x,gym_env,1.0008755922317505,-1.8462751740313567e-15,1.0001184940338135,0.5166788101196289,1.270338324389127e-16,0.000196025226614438,-9.287401805661735e-16,-0.0012576946755871177,2.5391132774205287e-17,0.9895833134651184,0.0,1.0,0.5,0.0,0.0,14891.1728515625,14031.97265625,14031.97265625,14891.1728515625,-0.7118185643911362,0.0,0.0,0.0,30.5,1.5,11.0,30.5,1.5,11.0,300.0,15.0,7.333333333333333
