0.000000000000000000e+00,1.836970198721029749e-17
2.083333333333333218e-02,1.836970198721029749e-17
4.166666666666666435e-02,1.836970198721029749e-17
6.250000000000000000e-02,1.836970198721029749e-17
8.333333333333332871e-02,1.836970198721029749e-17
1.041666666666666574e-01,1.836970198721029749e-17
1.250000000000000000e-01,1.836970198721029749e-17
1.458333333333333148e-01,1.836970198721029749e-17
1.666666666666666574e-01,1.836970198721029749e-17
1.875000000000000000e-01,1.836970198721029749e-17
2.083333333333333148e-01,1.836970198721029749e-17
2.291666666666666574e-01,1.836970198721029749e-17
2.500000000000000000e-01,1.836970198721029749e-17
2.708333333333333148e-01,1.836970198721029749e-17
2.916666666666666297e-01,1.836970198721029749e-17
3.125000000000000000e-01,1.836970198721029749e-17
3.333333333333333148e-01,1.836970198721029749e-17
3.541666666666666297e-01,1.836970198721029749e-17
3.750000000000000000e-01,1.836970198721029749e-17
3.958333333333333148e-01,1.836970198721029749e-17
4.166666666666666297e-01,1.836970198721029749e-17
4.375000000000000000e-01,1.836970198721029749e-17
4.583333333333333148e-01,1.836970198721029749e-17
4.791666666666666297e-01,1.836970198721029749e-17
5.000000000000000000e-01,1.836970198721029749e-17
5.208333333333332593e-01,1.836970198721029749e-17
5.416666666666666297e-01,1.836970198721029749e-17
5.625000000000000000e-01,1.836970198721029749e-17
5.833333333333332593e-01,1.836970198721029749e-17
6.041666666666666297e-01,1.836970198721029749e-17
6.250000000000000000e-01,1.836970198721029749e-17
6.458333333333332593e-01,1.836970198721029749e-17
6.666666666666666297e-01,1.836970198721029749e-17
6.875000000000000000e-01,1.836970198721029749e-17
7.083333333333332593e-01,1.836970198721029749e-17
7.291666666666666297e-01,1.836970198721029749e-17
7.500000000000000000e-01,1.836970198721029749e-17
7.708333333333332593e-01,1.836970198721029749e-17
7.916666666666666297e-01,1.836970198721029749e-17
8.125000000000000000e-01,1.836970198721029749e-17
8.333333333333332593e-01,1.836970198721029749e-17
8.541666666666666297e-01,1.836970198721029749e-17
8.750000000000000000e-01,1.836970198721029749e-17
8.958333333333332593e-01,1.836970198721029749e-17
9.166666666666666297e-01,1.836970198721029749e-17
9.375000000000000000e-01,1.836970198721029749e-17
9.583333333333332593e-01,1.836970198721029749e-17
9.791666666666666297e-01,1.836970198721029749e-17
1.000000000000000000e+00,1.836970198721029749e-17
1.020833333333333259e+00,1.836970198721029749e-17
1.041666666666666519e+00,1.836970198721029749e-17
1.062500000000000000e+00,1.836970198721029749e-17
1.083333333333333259e+00,1.836970198721029749e-17
1.104166666666666519e+00,1.836970198721029749e-17
1.125000000000000000e+00,1.836970198721029749e-17
1.145833333333333259e+00,1.836970198721029749e-17
1.166666666666666519e+00,1.836970198721029749e-17
1.187500000000000000e+00,1.836970198721029749e-17
1.208333333333333259e+00,1.836970198721029749e-17
1.229166666666666519e+00,1.836970198721029749e-17
1.250000000000000000e+00,1.836970198721029749e-17
1.270833333333333259e+00,1.836970198721029749e-17
1.291666666666666519e+00,1.836970198721029749e-17
1.312500000000000000e+00,1.836970198721029749e-17
1.333333333333333259e+00,1.836970198721029749e-17
1.354166666666666519e+00,1.836970198721029749e-17
1.375000000000000000e+00,1.836970198721029749e-17
1.395833333333333259e+00,1.836970198721029749e-17
1.416666666666666519e+00,1.836970198721029749e-17
1.437500000000000000e+00,1.836970198721029749e-17
1.458333333333333259e+00,1.836970198721029749e-17
1.479166666666666519e+00,1.836970198721029749e-17
1.500000000000000000e+00,1.836970198721029749e-17
1.520833333333333259e+00,1.836970198721029749e-17
1.541666666666666519e+00,1.836970198721029749e-17
1.562500000000000000e+00,1.836970198721029749e-17
1.583333333333333259e+00,1.836970198721029749e-17
1.604166666666666519e+00,1.836970198721029749e-17
1.625000000000000000e+00,1.836970198721029749e-17
1.645833333333333259e+00,1.836970198721029749e-17
1.666666666666666519e+00,1.836970198721029749e-17
1.687500000000000000e+00,1.836970198721029749e-17
1.708333333333333259e+00,1.836970198721029749e-17
1.729166666666666519e+00,1.836970198721029749e-17
1.750000000000000000e+00,1.836970198721029749e-17
1.770833333333333259e+00,1.836970198721029749e-17
1.791666666666666519e+00,1.836970198721029749e-17
1.812500000000000000e+00,1.836970198721029749e-17
1.833333333333333259e+00,1.836970198721029749e-17
1.854166666666666519e+00,1.836970198721029749e-17
1.875000000000000000e+00,1.836970198721029749e-17
1.895833333333333259e+00,1.836970198721029749e-17
1.916666666666666519e+00,1.836970198721029749e-17
1.937500000000000000e+00,1.836970198721029749e-17
1.958333333333333259e+00,1.836970198721029749e-17
1.979166666666666519e+00,1.836970198721029749e-17
2.000000000000000000e+00,1.836970198721029749e-17
2.020833333333333037e+00,1.836970198721029749e-17
2.041666666666666519e+00,1.836970198721029749e-17
2.062500000000000000e+00,1.836970198721029749e-17
2.083333333333333037e+00,1.836970198721029749e-17
2.104166666666666519e+00,1.836970198721029749e-17
2.125000000000000000e+00,1.836970198721029749e-17
2.145833333333333037e+00,1.836970198721029749e-17
2.166666666666666519e+00,1.836970198721029749e-17
2.187500000000000000e+00,1.836970198721029749e-17
2.208333333333333037e+00,1.836970198721029749e-17
2.229166666666666519e+00,1.836970198721029749e-17
2.250000000000000000e+00,1.836970198721029749e-17
2.270833333333333037e+00,1.836970198721029749e-17
2.291666666666666519e+00,1.836970198721029749e-17
2.312500000000000000e+00,1.836970198721029749e-17
2.333333333333333037e+00,1.836970198721029749e-17
2.354166666666666519e+00,1.836970198721029749e-17
2.375000000000000000e+00,1.836970198721029749e-17
2.395833333333333037e+00,1.836970198721029749e-17
2.416666666666666519e+00,1.836970198721029749e-17
2.437500000000000000e+00,1.836970198721029749e-17
2.458333333333333037e+00,1.836970198721029749e-17
2.479166666666666519e+00,1.836970198721029749e-17
2.500000000000000000e+00,1.836970198721029749e-17
2.520833333333333037e+00,1.836970198721029749e-17
2.541666666666666519e+00,1.836970198721029749e-17
2.562500000000000000e+00,1.836970198721029749e-17
2.583333333333333037e+00,1.836970198721029749e-17
2.604166666666666519e+00,1.836970198721029749e-17
2.625000000000000000e+00,1.836970198721029749e-17
2.645833333333333037e+00,1.836970198721029749e-17
2.666666666666666519e+00,1.836970198721029749e-17
2.687500000000000000e+00,1.836970198721029749e-17
2.708333333333333037e+00,1.836970198721029749e-17
2.729166666666666519e+00,1.836970198721029749e-17
2.750000000000000000e+00,1.836970198721029749e-17
2.770833333333333037e+00,1.836970198721029749e-17
2.791666666666666519e+00,1.836970198721029749e-17
2.812500000000000000e+00,1.836970198721029749e-17
2.833333333333333037e+00,1.836970198721029749e-17
2.854166666666666519e+00,1.836970198721029749e-17
2.875000000000000000e+00,1.836970198721029749e-17
2.895833333333333037e+00,1.836970198721029749e-17
2.916666666666666519e+00,1.836970198721029749e-17
2.937500000000000000e+00,1.836970198721029749e-17
2.958333333333333037e+00,1.836970198721029749e-17
2.979166666666666519e+00,1.836970198721029749e-17
3.000000000000000000e+00,1.836970198721029749e-17
3.020833333333333037e+00,1.836970198721029749e-17
3.041666666666666519e+00,1.836970198721029749e-17
3.062500000000000000e+00,1.836970198721029749e-17
3.083333333333333037e+00,1.836970198721029749e-17
3.104166666666666519e+00,1.836970198721029749e-17
3.125000000000000000e+00,1.836970198721029749e-17
3.145833333333333037e+00,1.836970198721029749e-17
3.166666666666666519e+00,1.836970198721029749e-17
3.187500000000000000e+00,1.836970198721029749e-17
3.208333333333333037e+00,1.836970198721029749e-17
3.229166666666666519e+00,1.836970198721029749e-17
3.250000000000000000e+00,1.836970198721029749e-17
3.270833333333333037e+00,1.836970198721029749e-17
3.291666666666666519e+00,1.836970198721029749e-17
3.312500000000000000e+00,1.836970198721029749e-17
3.333333333333333037e+00,1.836970198721029749e-17
3.354166666666666519e+00,1.836970198721029749e-17
3.375000000000000000e+00,1.836970198721029749e-17
3.395833333333333037e+00,1.836970198721029749e-17
3.416666666666666519e+00,1.836970198721029749e-17
3.437500000000000000e+00,1.836970198721029749e-17
3.458333333333333037e+00,1.836970198721029749e-17
3.479166666666666519e+00,1.836970198721029749e-17
3.500000000000000000e+00,1.836970198721029749e-17
3.520833333333333037e+00,1.836970198721029749e-17
3.541666666666666519e+00,1.836970198721029749e-17
3.562500000000000000e+00,1.836970198721029749e-17
3.583333333333333037e+00,1.836970198721029749e-17
3.604166666666666519e+00,1.836970198721029749e-17
3.625000000000000000e+00,1.836970198721029749e-17
3.645833333333333037e+00,1.836970198721029749e-17
3.666666666666666519e+00,1.836970198721029749e-17
3.687500000000000000e+00,1.836970198721029749e-17
3.708333333333333037e+00,1.836970198721029749e-17
3.729166666666666519e+00,1.836970198721029749e-17
3.750000000000000000e+00,1.836970198721029749e-17
3.770833333333333037e+00,1.836970198721029749e-17
3.791666666666666519e+00,1.836970198721029749e-17
3.812500000000000000e+00,1.836970198721029749e-17
3.833333333333333037e+00,1.836970198721029749e-17
3.854166666666666519e+00,1.836970198721029749e-17
3.875000000000000000e+00,1.836970198721029749e-17
3.895833333333333037e+00,1.836970198721029749e-17
3.916666666666666519e+00,1.836970198721029749e-17
3.937500000000000000e+00,1.836970198721029749e-17
3.958333333333333037e+00,1.836970198721029749e-17
3.979166666666666519e+00,1.836970198721029749e-17
4.000000000000000000e+00,1.836970198721029749e-17
4.020833333333333037e+00,1.836970198721029749e-17
4.041666666666666075e+00,1.836970198721029749e-17
4.062500000000000000e+00,1.836970198721029749e-17
4.083333333333333037e+00,1.836970198721029749e-17
4.104166666666666075e+00,1.836970198721029749e-17
4.125000000000000000e+00,1.836970198721029749e-17
4.145833333333333037e+00,1.836970198721029749e-17
4.166666666666666075e+00,1.836970198721029749e-17
4.187500000000000000e+00,1.836970198721029749e-17
4.208333333333333037e+00,1.836970198721029749e-17
4.229166666666666075e+00,1.836970198721029749e-17
4.250000000000000000e+00,1.836970198721029749e-17
4.270833333333333037e+00,1.836970198721029749e-17
4.291666666666666075e+00,1.836970198721029749e-17
4.312500000000000000e+00,1.836970198721029749e-17
4.333333333333333037e+00,1.836970198721029749e-17
4.354166666666666075e+00,1.836970198721029749e-17
4.375000000000000000e+00,1.836970198721029749e-17
4.395833333333333037e+00,1.836970198721029749e-17
4.416666666666666075e+00,1.836970198721029749e-17
4.437500000000000000e+00,1.836970198721029749e-17
4.458333333333333037e+00,1.836970198721029749e-17
4.479166666666666075e+00,1.836970198721029749e-17
4.500000000000000000e+00,1.836970198721029749e-17
4.520833333333333037e+00,1.836970198721029749e-17
4.541666666666666075e+00,1.836970198721029749e-17
4.562500000000000000e+00,1.836970198721029749e-17
4.583333333333333037e+00,1.836970198721029749e-17
4.604166666666666075e+00,1.836970198721029749e-17
4.625000000000000000e+00,1.836970198721029749e-17
4.645833333333333037e+00,1.836970198721029749e-17
4.666666666666666075e+00,1.836970198721029749e-17
4.687500000000000000e+00,1.836970198721029749e-17
4.708333333333333037e+00,1.836970198721029749e-17
4.729166666666666075e+00,1.836970198721029749e-17
4.750000000000000000e+00,1.836970198721029749e-17
4.770833333333333037e+00,1.836970198721029749e-17
4.791666666666666075e+00,1.836970198721029749e-17
4.812500000000000000e+00,1.836970198721029749e-17
4.833333333333333037e+00,1.836970198721029749e-17
4.854166666666666075e+00,1.836970198721029749e-17
4.875000000000000000e+00,1.836970198721029749e-17
4.895833333333333037e+00,1.836970198721029749e-17
4.916666666666666075e+00,1.836970198721029749e-17
4.937500000000000000e+00,1.836970198721029749e-17
4.958333333333333037e+00,1.836970198721029749e-17
4.979166666666666075e+00,1.836970198721029749e-17
5.000000000000000000e+00,1.836970198721029749e-17
5.020833333333333037e+00,1.836970198721029749e-17
5.041666666666666075e+00,1.836970198721029749e-17
5.062500000000000000e+00,1.836970198721029749e-17
5.083333333333333037e+00,1.836970198721029749e-17
5.104166666666666075e+00,1.836970198721029749e-17
5.125000000000000000e+00,1.836970198721029749e-17
5.145833333333333037e+00,1.836970198721029749e-17
5.166666666666666075e+00,1.836970198721029749e-17
5.187500000000000000e+00,1.836970198721029749e-17
5.208333333333333037e+00,1.836970198721029749e-17
5.229166666666666075e+00,1.836970198721029749e-17
5.250000000000000000e+00,1.836970198721029749e-17
5.270833333333333037e+00,1.836970198721029749e-17
5.291666666666666075e+00,1.836970198721029749e-17
5.312500000000000000e+00,1.836970198721029749e-17
5.333333333333333037e+00,1.836970198721029749e-17
5.354166666666666075e+00,1.836970198721029749e-17
5.375000000000000000e+00,1.836970198721029749e-17
5.395833333333333037e+00,1.836970198721029749e-17
5.416666666666666075e+00,1.836970198721029749e-17
5.437500000000000000e+00,1.836970198721029749e-17
5.458333333333333037e+00,1.836970198721029749e-17
5.479166666666666075e+00,1.836970198721029749e-17
5.500000000000000000e+00,1.836970198721029749e-17
5.520833333333333037e+00,1.836970198721029749e-17
5.541666666666666075e+00,1.836970198721029749e-17
5.562500000000000000e+00,1.836970198721029749e-17
5.583333333333333037e+00,1.836970198721029749e-17
5.604166666666666075e+00,1.836970198721029749e-17
5.625000000000000000e+00,1.836970198721029749e-17
5.645833333333333037e+00,1.836970198721029749e-17
5.666666666666666075e+00,1.836970198721029749e-17
5.687500000000000000e+00,1.836970198721029749e-17
5.708333333333333037e+00,1.836970198721029749e-17
5.729166666666666075e+00,1.836970198721029749e-17
5.750000000000000000e+00,1.836970198721029749e-17
5.770833333333333037e+00,1.836970198721029749e-17
5.791666666666666075e+00,1.836970198721029749e-17
5.812500000000000000e+00,1.836970198721029749e-17
5.833333333333333037e+00,1.836970198721029749e-17
5.854166666666666075e+00,1.836970198721029749e-17
5.875000000000000000e+00,1.836970198721029749e-17
5.895833333333333037e+00,1.836970198721029749e-17
5.916666666666666075e+00,1.836970198721029749e-17
5.937500000000000000e+00,1.836970198721029749e-17
5.958333333333333037e+00,1.836970198721029749e-17
5.979166666666666075e+00,1.836970198721029749e-17
6.000000000000000000e+00,1.836970198721029749e-17
6.020833333333333037e+00,1.836970198721029749e-17
6.041666666666666075e+00,1.836970198721029749e-17
6.062500000000000000e+00,1.836970198721029749e-17
6.083333333333333037e+00,1.836970198721029749e-17
6.104166666666666075e+00,1.836970198721029749e-17
6.125000000000000000e+00,1.836970198721029749e-17
6.145833333333333037e+00,1.836970198721029749e-17
6.166666666666666075e+00,1.836970198721029749e-17
6.187500000000000000e+00,1.836970198721029749e-17
6.208333333333333037e+00,1.836970198721029749e-17
6.229166666666666075e+00,1.836970198721029749e-17
6.250000000000000000e+00,1.836970198721029749e-17
6.270833333333333037e+00,1.836970198721029749e-17
6.291666666666666075e+00,1.836970198721029749e-17
6.312500000000000000e+00,1.836970198721029749e-17
6.333333333333333037e+00,1.836970198721029749e-17
6.354166666666666075e+00,1.836970198721029749e-17
6.375000000000000000e+00,1.836970198721029749e-17
6.395833333333333037e+00,1.836970198721029749e-17
6.416666666666666075e+00,1.836970198721029749e-17
6.437500000000000000e+00,1.836970198721029749e-17
6.458333333333333037e+00,1.836970198721029749e-17
6.479166666666666075e+00,1.836970198721029749e-17
6.500000000000000000e+00,1.836970198721029749e-17
6.520833333333333037e+00,1.836970198721029749e-17
6.541666666666666075e+00,1.836970198721029749e-17
6.562500000000000000e+00,1.836970198721029749e-17
6.583333333333333037e+00,1.836970198721029749e-17
6.604166666666666075e+00,1.836970198721029749e-17
6.625000000000000000e+00,1.836970198721029749e-17
6.645833333333333037e+00,1.836970198721029749e-17
6.666666666666666075e+00,1.836970198721029749e-17
6.687500000000000000e+00,1.836970198721029749e-17
6.708333333333333037e+00,1.836970198721029749e-17
6.729166666666666075e+00,1.836970198721029749e-17
6.750000000000000000e+00,1.836970198721029749e-17
6.770833333333333037e+00,1.836970198721029749e-17
6.791666666666666075e+00,1.836970198721029749e-17
6.812500000000000000e+00,1.836970198721029749e-17
6.833333333333333037e+00,1.836970198721029749e-17
6.854166666666666075e+00,1.836970198721029749e-17
6.875000000000000000e+00,1.836970198721029749e-17
6.895833333333333037e+00,1.836970198721029749e-17
6.916666666666666075e+00,1.836970198721029749e-17
6.937500000000000000e+00,1.836970198721029749e-17
6.958333333333333037e+00,1.836970198721029749e-17
6.979166666666666075e+00,1.836970198721029749e-17
7.000000000000000000e+00,1.836970198721029749e-17
7.020833333333333037e+00,1.836970198721029749e-17
7.041666666666666075e+00,1.836970198721029749e-17
7.062500000000000000e+00,1.836970198721029749e-17
7.083333333333333037e+00,1.836970198721029749e-17
7.104166666666666075e+00,1.836970198721029749e-17
7.125000000000000000e+00,1.836970198721029749e-17
7.145833333333333037e+00,1.836970198721029749e-17
7.166666666666666075e+00,1.836970198721029749e-17
7.187500000000000000e+00,1.836970198721029749e-17
7.208333333333333037e+00,1.836970198721029749e-17
7.229166666666666075e+00,1.836970198721029749e-17
7.250000000000000000e+00,1.836970198721029749e-17
7.270833333333333037e+00,1.836970198721029749e-17
7.291666666666666075e+00,1.836970198721029749e-17
7.312500000000000000e+00,1.836970198721029749e-17
7.333333333333333037e+00,1.836970198721029749e-17
7.354166666666666075e+00,1.836970198721029749e-17
7.375000000000000000e+00,1.836970198721029749e-17
7.395833333333333037e+00,1.836970198721029749e-17
7.416666666666666075e+00,1.836970198721029749e-17
7.437500000000000000e+00,1.836970198721029749e-17
7.458333333333333037e+00,1.836970198721029749e-17
7.479166666666666075e+00,1.836970198721029749e-17
7.500000000000000000e+00,1.836970198721029749e-17
7.520833333333333037e+00,1.836970198721029749e-17
7.541666666666666075e+00,1.836970198721029749e-17
7.562500000000000000e+00,-2.180854750209057984e-08
7.583333333333333037e+00,-1.489689581239449666e-08
7.604166666666666075e+00,3.988445484929782685e-05
7.625000000000000000e+00,1.086252661950429753e-04
7.645833333333333037e+00,5.356252690464464398e-04
7.666666666666666075e+00,7.912671191781042463e-04
7.687500000000000000e+00,1.271889265053072595e-03
7.708333333333333037e+00,1.556563795679562776e-03
7.729166666666666075e+00,1.907443699242837229e-03
7.750000000000000000e+00,2.080341671641245966e-03
7.770833333333333037e+00,1.934879291022726560e-03
7.791666666666666075e+00,2.075444437137757923e-03
7.812500000000000000e+00,2.139544702983752107e-03
7.833333333333333037e+00,2.410027875724628579e-03
7.854166666666666075e+00,2.662867305700678498e-03
7.875000000000000000e+00,3.074795374756008302e-03
7.895833333333333037e+00,3.335348669800142132e-03
7.916666666666666075e+00,3.765130689467722277e-03
7.937500000000000000e+00,4.307331165802444004e-03
7.958333333333333037e+00,4.907012444617205559e-03
7.979166666666666075e+00,5.757780414128728375e-03
8.000000000000000000e+00,7.051688627321549274e-03
8.020833333333332149e+00,8.753248046429785295e-03
8.041666666666666075e+00,1.078318417617047352e-02
8.062500000000000000e+00,1.307911509412151146e-02
8.083333333333332149e+00,1.557320579976485125e-02
8.104166666666666075e+00,1.814661332962099957e-02
8.125000000000000000e+00,2.067355492634514666e-02
8.145833333333332149e+00,2.308142234387363170e-02
8.166666666666666075e+00,2.533479773011393377e-02
8.187500000000000000e+00,2.738183752354046707e-02
8.208333333333332149e+00,2.916965592597379336e-02
8.229166666666666075e+00,3.069916647990821729e-02
8.250000000000000000e+00,3.198197379184519046e-02
8.270833333333332149e+00,3.298310430126735748e-02
8.291666666666666075e+00,3.366281506780891691e-02
8.312500000000000000e+00,3.403472231933463155e-02
8.333333333333332149e+00,3.412226877852855139e-02
8.354166666666666075e+00,3.390646200864850385e-02
8.375000000000000000e+00,3.337071349015017369e-02
8.395833333333332149e+00,3.255050285565239815e-02
8.416666666666666075e+00,3.149119792514945559e-02
8.437500000000000000e+00,3.019294017239938788e-02
8.458333333333332149e+00,2.865192054669118277e-02
8.479166666666666075e+00,2.691577962535920618e-02
8.500000000000000000e+00,2.504165481185203004e-02
8.520833333333332149e+00,2.304089013473073488e-02
8.541666666666666075e+00,2.092053326994655627e-02
8.562500000000000000e+00,1.873891623041083407e-02
8.583333333333332149e+00,1.656365135579981884e-02
8.604166666666666075e+00,1.441636405117727691e-02
8.625000000000000000e+00,1.231304465659688145e-02
8.645833333333332149e+00,1.030519479075422094e-02
8.666666666666666075e+00,8.434060915116987564e-03
8.687500000000000000e+00,6.693077793011074743e-03
8.708333333333332149e+00,5.071125938843992244e-03
8.729166666666666075e+00,3.607912221047258200e-03
8.750000000000000000e+00,2.352118709320233456e-03
8.770833333333332149e+00,1.304252217359243553e-03
8.791666666666666075e+00,4.457830571305155393e-04
8.812500000000000000e+00,-2.152637162644632297e-04
8.833333333333332149e+00,-6.747680095765893737e-04
8.854166666666666075e+00,-9.784165751192269462e-04
8.875000000000000000e+00,-1.180318972774233423e-03
8.895833333333332149e+00,-1.285365084290177821e-03
8.916666666666666075e+00,-1.290576998599059872e-03
8.937500000000000000e+00,-1.239872092260309354e-03
8.958333333333332149e+00,-1.184274262919610479e-03
8.979166666666666075e+00,-1.126731580035208189e-03
9.000000000000000000e+00,-1.062018501116968310e-03
9.020833333333332149e+00,-1.014904154337386904e-03
9.041666666666666075e+00,-9.953274422456726521e-04
9.062500000000000000e+00,-1.319622938149155478e-03
9.083333333333332149e+00,-1.416138433638263264e-03
9.104166666666666075e+00,-1.397154963325062142e-03
9.125000000000000000e+00,-1.396882358348688728e-03
9.145833333333332149e+00,-8.731103884795556741e-04
9.166666666666666075e+00,-6.091372902875406880e-04
9.187500000000000000e+00,-1.502204873860416088e-04
9.208333333333332149e+00,2.888907481110945916e-04
9.229166666666666075e+00,2.623262103725554307e-04
9.250000000000000000e+00,3.924981576583956382e-04
9.270833333333332149e+00,5.609357433210862510e-05
9.291666666666666075e+00,9.068650683244266542e-05
9.312500000000000000e+00,6.168707732436583063e-05
9.333333333333332149e+00,1.876658929522329619e-04
9.354166666666666075e+00,2.999581823367140497e-04
9.375000000000000000e+00,3.935931242892334436e-04
9.395833333333332149e+00,2.352851869378350114e-04
9.416666666666666075e+00,1.577305514940369028e-04
9.437500000000000000e+00,-1.440480544404224125e-04
9.458333333333332149e+00,-2.896283901475420392e-04
9.479166666666666075e+00,-3.793859227327946735e-04
9.500000000000000000e+00,-4.476256801467812328e-04
9.520833333333332149e+00,-4.956892553466114805e-04
9.541666666666666075e+00,-5.190596337759651856e-04
9.562500000000000000e+00,-5.159720166362907192e-04
9.583333333333332149e+00,-4.869242978660966040e-04
9.604166666666666075e+00,-4.332686809123884302e-04
9.625000000000000000e+00,-3.641435015379230491e-04
9.645833333333332149e+00,-2.906937183969530536e-04
9.666666666666666075e+00,-2.189479557683493549e-04
9.687500000000000000e+00,-1.517839167169551199e-04
9.708333333333332149e+00,-8.964198546465230912e-05
9.729166666666666075e+00,-3.481761313649668187e-05
9.750000000000000000e+00,1.533281466970266437e-05
9.770833333333332149e+00,5.423946535146407567e-05
9.791666666666666075e+00,7.261747297027478822e-05
9.812500000000000000e+00,6.033738780818083392e-05
9.833333333333332149e+00,1.048964316126908086e-05
9.854166666666666075e+00,-7.710753882060565200e-05
9.875000000000000000e+00,-1.943739211687293121e-04
9.895833333333332149e+00,-2.679600214123559134e-04
9.916666666666666075e+00,-2.339287946113291288e-04
9.937500000000000000e+00,-4.329746598311524903e-05
9.958333333333332149e+00,3.580144042447547812e-04
9.979166666666666075e+00,9.901871888359056913e-04
1.000000000000000000e+01,1.802081218594744384e-03
1.002083333333333215e+01,2.720045951965015859e-03
1.004166666666666607e+01,3.712244911366618851e-03
1.006250000000000000e+01,4.796053289416781114e-03
1.008333333333333215e+01,6.024474766038921680e-03
1.010416666666666607e+01,7.443325173711332413e-03
1.012500000000000000e+01,9.050066065946535399e-03
1.014583333333333215e+01,1.079323079511095539e-02
1.016666666666666607e+01,1.257304496840228047e-02
1.018750000000000000e+01,1.426903910733953555e-02
1.020833333333333215e+01,1.579059156420957108e-02
1.022916666666666607e+01,1.709856427017167682e-02
1.025000000000000000e+01,1.821943375606143237e-02
1.027083333333333215e+01,1.926789462345383092e-02
1.029166666666666607e+01,2.038173224112191026e-02
1.031250000000000000e+01,2.159876249644102422e-02
1.033333333333333215e+01,2.283465706171397547e-02
1.035416666666666607e+01,2.394613187001263382e-02
1.037500000000000000e+01,2.487090522337492837e-02
1.039583333333333215e+01,2.567402008887553766e-02
1.041666666666666607e+01,2.643022728588428905e-02
1.043750000000000000e+01,2.711293164570479503e-02
1.045833333333333215e+01,2.768190976192417760e-02
1.047916666666666607e+01,2.812038239140493209e-02
1.050000000000000000e+01,2.837046193844287162e-02
1.052083333333333215e+01,2.842348474792293425e-02
1.054166666666666607e+01,2.838475839070203621e-02
1.056250000000000000e+01,2.835080736839796015e-02
1.058333333333333215e+01,2.827183368236420996e-02
1.060416666666666607e+01,2.798051665208838371e-02
1.062500000000000000e+01,2.731917281987333163e-02
1.064583333333333215e+01,2.626276131013654744e-02
1.066666666666666607e+01,2.490732916944055075e-02
1.068750000000000000e+01,2.342021968848041064e-02
1.070833333333333215e+01,2.199683007951516375e-02
1.072916666666666607e+01,2.079433450809586165e-02
1.075000000000000000e+01,1.989061344699219816e-02
1.077083333333333215e+01,1.931223467661910553e-02
1.079166666666666607e+01,1.906609835162260957e-02
1.081250000000000000e+01,1.915664144262779062e-02
1.083333333333333215e+01,1.958898286320674004e-02
1.085416666666666607e+01,2.035908925708238351e-02
1.087500000000000000e+01,2.142485467499834206e-02
1.089583333333333215e+01,2.265712119143380165e-02
1.091666666666666607e+01,2.385877037010348048e-02
1.093750000000000000e+01,2.485761657070943015e-02
1.095833333333333215e+01,2.551097810324098533e-02
1.097916666666666607e+01,2.563485265494704762e-02
1.100000000000000000e+01,2.495677760371694739e-02
1.102083333333333215e+01,2.313262050833964772e-02
1.104166666666666607e+01,1.979735385553866092e-02
1.106250000000000000e+01,1.463597194484362457e-02
1.108333333333333215e+01,7.473815914499390249e-03
1.110416666666666607e+01,-1.666850697857462892e-03
1.112500000000000000e+01,-1.264008678542225678e-02
1.114583333333333215e+01,-2.524701640033002320e-02
1.116666666666666607e+01,-3.920236720171014350e-02
1.118750000000000000e+01,-5.415881640401237068e-02
1.120833333333333215e+01,-6.983972678983806082e-02
1.122916666666666607e+01,-8.599831486743121645e-02
1.125000000000000000e+01,-1.022812524324065164e-01
1.127083333333333215e+01,-1.182252804955506165e-01
1.129166666666666607e+01,-1.333342914164485915e-01
1.131250000000000000e+01,-1.472199166579072627e-01
1.133333333333333215e+01,-1.596688633957405734e-01
1.135416666666666607e+01,-1.706059846354682219e-01
1.137500000000000000e+01,-1.799851296279658952e-01
1.139583333333333215e+01,-1.876999302233833822e-01
1.141666666666666607e+01,-1.936308429771585182e-01
1.143750000000000000e+01,-1.976902172261846835e-01
1.145833333333333215e+01,-1.997965123892301298e-01
1.147916666666666607e+01,-1.998327415666328044e-01
1.150000000000000000e+01,-1.976161481543848852e-01
1.152083333333333215e+01,-1.928886698485727247e-01
1.154166666666666607e+01,-1.853880145226029785e-01
1.156250000000000000e+01,-1.749566688402323100e-01
1.158333333333333215e+01,-1.615375106813675132e-01
1.160416666666666607e+01,-1.451590683982164620e-01
1.162500000000000000e+01,-1.260292446230753538e-01
1.164583333333333215e+01,-1.045987952179195934e-01
1.166666666666666607e+01,-8.143292778142569022e-02
1.168750000000000000e+01,-5.708018989729315290e-02
1.170833333333333215e+01,-3.200266606505141470e-02
1.172916666666666607e+01,-6.610238767264624282e-03
1.175000000000000000e+01,1.864918440276479988e-02
1.177083333333333215e+01,4.334615946303494588e-02
1.179166666666666607e+01,6.716431099566383400e-02
1.181250000000000000e+01,8.983840898529829588e-02
1.183333333333333215e+01,1.110515972719326727e-01
1.185416666666666607e+01,1.304922251852317916e-01
1.187500000000000000e+01,1.479524879615615740e-01
1.189583333333333215e+01,1.632686412967377099e-01
1.191666666666666607e+01,1.762464503450596187e-01
1.193750000000000000e+01,1.867140384312569734e-01
1.195833333333333215e+01,1.945961937908582684e-01
1.197916666666666607e+01,1.999154084681969701e-01
