0.000000000000000000e+00,-0.000000000000000000e+00
2.083333333333333218e-02,-0.000000000000000000e+00
4.166666666666666435e-02,-0.000000000000000000e+00
6.250000000000000000e-02,-0.000000000000000000e+00
8.333333333333332871e-02,-0.000000000000000000e+00
1.041666666666666574e-01,-0.000000000000000000e+00
1.250000000000000000e-01,-0.000000000000000000e+00
1.458333333333333148e-01,-0.000000000000000000e+00
1.666666666666666574e-01,-0.000000000000000000e+00
1.875000000000000000e-01,-0.000000000000000000e+00
2.083333333333333148e-01,-0.000000000000000000e+00
2.291666666666666574e-01,-0.000000000000000000e+00
2.500000000000000000e-01,-0.000000000000000000e+00
2.708333333333333148e-01,-0.000000000000000000e+00
2.916666666666666297e-01,-0.000000000000000000e+00
3.125000000000000000e-01,-0.000000000000000000e+00
3.333333333333333148e-01,-0.000000000000000000e+00
3.541666666666666297e-01,-0.000000000000000000e+00
3.750000000000000000e-01,-0.000000000000000000e+00
3.958333333333333148e-01,-0.000000000000000000e+00
4.166666666666666297e-01,-0.000000000000000000e+00
4.375000000000000000e-01,-0.000000000000000000e+00
4.583333333333333148e-01,-0.000000000000000000e+00
4.791666666666666297e-01,-0.000000000000000000e+00
5.000000000000000000e-01,-0.000000000000000000e+00
5.208333333333332593e-01,-0.000000000000000000e+00
5.416666666666666297e-01,-0.000000000000000000e+00
5.625000000000000000e-01,-0.000000000000000000e+00
5.833333333333332593e-01,-0.000000000000000000e+00
6.041666666666666297e-01,-0.000000000000000000e+00
6.250000000000000000e-01,-0.000000000000000000e+00
6.458333333333332593e-01,-0.000000000000000000e+00
6.666666666666666297e-01,-0.000000000000000000e+00
6.875000000000000000e-01,-0.000000000000000000e+00
7.083333333333332593e-01,-0.000000000000000000e+00
7.291666666666666297e-01,-0.000000000000000000e+00
7.500000000000000000e-01,-0.000000000000000000e+00
7.708333333333332593e-01,-0.000000000000000000e+00
7.916666666666666297e-01,-0.000000000000000000e+00
8.125000000000000000e-01,-0.000000000000000000e+00
8.333333333333332593e-01,-0.000000000000000000e+00
8.541666666666666297e-01,-0.000000000000000000e+00
8.750000000000000000e-01,-0.000000000000000000e+00
8.958333333333332593e-01,-0.000000000000000000e+00
9.166666666666666297e-01,-0.000000000000000000e+00
9.375000000000000000e-01,-0.000000000000000000e+00
9.583333333333332593e-01,-0.000000000000000000e+00
9.791666666666666297e-01,-0.000000000000000000e+00
1.000000000000000000e+00,-0.000000000000000000e+00
1.020833333333333259e+00,-0.000000000000000000e+00
1.041666666666666519e+00,-0.000000000000000000e+00
1.062500000000000000e+00,-0.000000000000000000e+00
1.083333333333333259e+00,-0.000000000000000000e+00
1.104166666666666519e+00,-0.000000000000000000e+00
1.125000000000000000e+00,-0.000000000000000000e+00
1.145833333333333259e+00,-0.000000000000000000e+00
1.166666666666666519e+00,-0.000000000000000000e+00
1.187500000000000000e+00,-0.000000000000000000e+00
1.208333333333333259e+00,-0.000000000000000000e+00
1.229166666666666519e+00,-0.000000000000000000e+00
1.250000000000000000e+00,-0.000000000000000000e+00
1.270833333333333259e+00,-0.000000000000000000e+00
1.291666666666666519e+00,-0.000000000000000000e+00
1.312500000000000000e+00,-0.000000000000000000e+00
1.333333333333333259e+00,-0.000000000000000000e+00
1.354166666666666519e+00,-0.000000000000000000e+00
1.375000000000000000e+00,-0.000000000000000000e+00
1.395833333333333259e+00,-0.000000000000000000e+00
1.416666666666666519e+00,-0.000000000000000000e+00
1.437500000000000000e+00,-0.000000000000000000e+00
1.458333333333333259e+00,-0.000000000000000000e+00
1.479166666666666519e+00,-0.000000000000000000e+00
1.500000000000000000e+00,-0.000000000000000000e+00
1.520833333333333259e+00,-0.000000000000000000e+00
1.541666666666666519e+00,-0.000000000000000000e+00
1.562500000000000000e+00,-0.000000000000000000e+00
1.583333333333333259e+00,-0.000000000000000000e+00
1.604166666666666519e+00,-0.000000000000000000e+00
1.625000000000000000e+00,-0.000000000000000000e+00
1.645833333333333259e+00,-0.000000000000000000e+00
1.666666666666666519e+00,-0.000000000000000000e+00
1.687500000000000000e+00,-0.000000000000000000e+00
1.708333333333333259e+00,-0.000000000000000000e+00
1.729166666666666519e+00,-0.000000000000000000e+00
1.750000000000000000e+00,-0.000000000000000000e+00
1.770833333333333259e+00,-0.000000000000000000e+00
1.791666666666666519e+00,-0.000000000000000000e+00
1.812500000000000000e+00,-0.000000000000000000e+00
1.833333333333333259e+00,-0.000000000000000000e+00
1.854166666666666519e+00,-0.000000000000000000e+00
1.875000000000000000e+00,-0.000000000000000000e+00
1.895833333333333259e+00,-0.000000000000000000e+00
1.916666666666666519e+00,-0.000000000000000000e+00
1.937500000000000000e+00,-0.000000000000000000e+00
1.958333333333333259e+00,-0.000000000000000000e+00
1.979166666666666519e+00,-0.000000000000000000e+00
2.000000000000000000e+00,-0.000000000000000000e+00
2.020833333333333037e+00,-0.000000000000000000e+00
2.041666666666666519e+00,-0.000000000000000000e+00
2.062500000000000000e+00,-0.000000000000000000e+00
2.083333333333333037e+00,-0.000000000000000000e+00
2.104166666666666519e+00,-0.000000000000000000e+00
2.125000000000000000e+00,-0.000000000000000000e+00
2.145833333333333037e+00,-0.000000000000000000e+00
2.166666666666666519e+00,-0.000000000000000000e+00
2.187500000000000000e+00,-0.000000000000000000e+00
2.208333333333333037e+00,-0.000000000000000000e+00
2.229166666666666519e+00,-0.000000000000000000e+00
2.250000000000000000e+00,-0.000000000000000000e+00
2.270833333333333037e+00,-0.000000000000000000e+00
2.291666666666666519e+00,-0.000000000000000000e+00
2.312500000000000000e+00,-0.000000000000000000e+00
2.333333333333333037e+00,-0.000000000000000000e+00
2.354166666666666519e+00,-0.000000000000000000e+00
2.375000000000000000e+00,-0.000000000000000000e+00
2.395833333333333037e+00,-0.000000000000000000e+00
2.416666666666666519e+00,-0.000000000000000000e+00
2.437500000000000000e+00,-0.000000000000000000e+00
2.458333333333333037e+00,-0.000000000000000000e+00
2.479166666666666519e+00,-0.000000000000000000e+00
2.500000000000000000e+00,-0.000000000000000000e+00
2.520833333333333037e+00,-0.000000000000000000e+00
2.541666666666666519e+00,-0.000000000000000000e+00
2.562500000000000000e+00,-0.000000000000000000e+00
2.583333333333333037e+00,-0.000000000000000000e+00
2.604166666666666519e+00,-0.000000000000000000e+00
2.625000000000000000e+00,-0.000000000000000000e+00
2.645833333333333037e+00,-0.000000000000000000e+00
2.666666666666666519e+00,-0.000000000000000000e+00
2.687500000000000000e+00,-0.000000000000000000e+00
2.708333333333333037e+00,-0.000000000000000000e+00
2.729166666666666519e+00,-0.000000000000000000e+00
2.750000000000000000e+00,-9.415361004393029039e-04
2.770833333333333037e+00,1.566564668919026343e-04
2.791666666666666519e+00,9.942947476254270119e-04
2.812500000000000000e+00,-1.597424747597246111e-03
2.833333333333333037e+00,1.916898140306783115e-03
2.854166666666666519e+00,1.927059369208691895e-03
2.875000000000000000e+00,-4.597753445335270826e-03
2.895833333333333037e+00,-3.911947948379248217e-03
2.916666666666666519e+00,3.352425541758918132e-03
2.937500000000000000e+00,3.894623763159171109e-03
2.958333333333333037e+00,-5.066204632022015819e-03
2.979166666666666519e+00,-9.520809069770612768e-03
3.000000000000000000e+00,1.597211724575037413e-03
3.020833333333333037e+00,1.122375442723362420e-02
3.041666666666666519e+00,4.378939332846961893e-03
3.062500000000000000e+00,9.302017069222236331e-04
3.083333333333333037e+00,1.352572113994549192e-02
3.104166666666666519e+00,1.946474131741145891e-02
3.125000000000000000e+00,8.632031776815733345e-03
3.145833333333333037e+00,4.590032623011184275e-03
3.166666666666666519e+00,1.238172733112233824e-02
3.187500000000000000e+00,9.857658405009957908e-03
3.208333333333333037e+00,-5.326136392557004893e-04
3.229166666666666519e+00,2.453881521905072315e-03
3.250000000000000000e+00,1.190360404004236214e-03
3.270833333333333037e+00,-1.330682110580437387e-02
3.291666666666666519e+00,-1.882230565260804150e-02
3.312500000000000000e+00,-3.623735546273243978e-03
3.333333333333333037e+00,7.455761934933147379e-03
3.354166666666666519e+00,-1.107319877075649793e-03
3.375000000000000000e+00,-5.920852950729409148e-03
3.395833333333333037e+00,7.642317664878642627e-03
3.416666666666666519e+00,1.668180605587708115e-02
3.437500000000000000e+00,6.919789338952640236e-03
3.458333333333333037e+00,-1.794201876262866726e-04
3.479166666666666519e+00,9.015400063790901183e-03
3.500000000000000000e+00,1.412178120268661741e-02
3.520833333333333037e+00,2.564381311668568683e-03
3.541666666666666519e+00,-6.716760488013407901e-03
3.562500000000000000e+00,-1.736777660652413314e-03
3.583333333333333037e+00,-3.722960001559817689e-04
3.604166666666666519e+00,-1.387457479661151002e-02
3.625000000000000000e+00,-2.501564062983131775e-02
3.645833333333333037e+00,-2.321481301941461656e-02
3.666666666666666519e+00,-1.786401979892625336e-02
3.687500000000000000e+00,-2.138245630617409757e-02
3.708333333333333037e+00,-2.225620546429339652e-02
3.729166666666666519e+00,-1.194050666238974726e-02
3.750000000000000000e+00,-4.386645933703454611e-03
3.770833333333333037e+00,-8.130939371118270018e-03
3.791666666666666519e+00,-8.780943649286410482e-03
3.812500000000000000e+00,-1.494094112052532465e-03
3.833333333333333037e+00,1.155500326370603563e-03
3.854166666666666519e+00,-7.531317484833190135e-03
3.875000000000000000e+00,-1.335941871260021806e-02
3.895833333333333037e+00,-6.645050563746947130e-03
3.916666666666666519e+00,-1.373010968067554750e-03
3.937500000000000000e+00,-7.252405605797740060e-03
3.958333333333333037e+00,-1.026215431332192125e-02
3.979166666666666519e+00,-8.681161323722683598e-04
4.000000000000000000e+00,6.898806040317576917e-03
4.020833333333333037e+00,3.542077640278535298e-03
4.041666666666666075e+00,3.261694578485865859e-03
4.062500000000000000e+00,1.160819649858866633e-02
4.083333333333333037e+00,1.595154281412775737e-02
4.104166666666666075e+00,9.450630352009622634e-03
4.125000000000000000e+00,5.411788646051501200e-03
4.145833333333333037e+00,1.312316291302325667e-02
4.166666666666666075e+00,1.951621390651236618e-02
4.187500000000000000e+00,1.617685091648642451e-02
4.208333333333333037e+00,1.331161294894673067e-02
4.229166666666666075e+00,1.648480030687986611e-02
4.250000000000000000e+00,1.833927321969549759e-02
4.270833333333333037e+00,1.455418823567174863e-02
4.291666666666666075e+00,9.074510251881310122e-03
4.312500000000000000e+00,9.085074512093385332e-03
4.333333333333333037e+00,1.028233038285699535e-02
4.354166666666666075e+00,8.439417776806514351e-03
4.375000000000000000e+00,5.067797785658556195e-03
4.395833333333333037e+00,1.146088064518307331e-03
4.416666666666666075e+00,-1.802006553875007801e-03
4.437500000000000000e+00,-3.792960207594032410e-03
4.458333333333333037e+00,-5.641136435257115660e-03
4.479166666666666075e+00,-7.487519443648754658e-03
4.500000000000000000e+00,-9.332027101137259709e-03
4.520833333333333037e+00,-1.117457784878084920e-02
4.541666666666666075e+00,-1.294895938011625738e-02
4.562500000000000000e+00,-1.409880326794811511e-02
4.583333333333333037e+00,-1.451476708778003458e-02
4.604166666666666075e+00,-1.468146239845380223e-02
4.625000000000000000e+00,-1.479559691463113238e-02
4.645833333333333037e+00,-1.464458780789949961e-02
4.666666666666666075e+00,-1.427665200057940190e-02
4.687500000000000000e+00,-1.357981587149124404e-02
4.708333333333333037e+00,-1.203135579307457008e-02
4.729166666666666075e+00,-9.574820136737900028e-03
4.750000000000000000e+00,-6.807862050999943446e-03
4.770833333333333037e+00,-3.903881237227555413e-03
4.791666666666666075e+00,7.710574629564850380e-05
4.812500000000000000e+00,2.983499731756128915e-03
4.833333333333333037e+00,4.165381403108146807e-03
4.854166666666666075e+00,6.963250238139368289e-03
4.875000000000000000e+00,9.322939666733240371e-03
4.895833333333333037e+00,8.529032034078662394e-03
4.916666666666666075e+00,1.008055853673522385e-02
4.937500000000000000e+00,1.256238120622845539e-02
4.958333333333333037e+00,9.464368954547405441e-03
4.979166666666666075e+00,9.929410336292734604e-03
5.000000000000000000e+00,1.378842278783271209e-02
5.020833333333333037e+00,1.016886560985427734e-02
5.041666666666666075e+00,8.219463266912604635e-03
5.062500000000000000e+00,1.334019371920787747e-02
5.083333333333333037e+00,1.318129566546524627e-02
5.104166666666666075e+00,4.501014231020981221e-03
5.125000000000000000e+00,8.216772308958205165e-04
5.145833333333333037e+00,9.643309320571960552e-03
5.166666666666666075e+00,1.569211915001573684e-02
5.187500000000000000e+00,8.713880431516758326e-03
5.208333333333333037e+00,4.488532717330170896e-03
5.229166666666666075e+00,1.157405576256943271e-02
5.250000000000000000e+00,1.432571403176780868e-02
5.270833333333333037e+00,3.145209244179399729e-03
5.291666666666666075e+00,-5.143836976339210589e-03
5.312500000000000000e+00,7.786660097921722966e-04
5.333333333333333037e+00,3.656370495781111410e-03
5.354166666666666075e+00,-8.231408414128695700e-03
5.375000000000000000e+00,-1.700676949115722744e-02
5.395833333333333037e+00,-1.066714479126969727e-02
5.416666666666666075e+00,-7.348414672353971271e-03
5.437500000000000000e+00,-1.919650547540737578e-02
5.458333333333333037e+00,-2.763851814077376845e-02
5.479166666666666075e+00,-1.997941235702051926e-02
5.500000000000000000e+00,-1.561663759866304714e-02
5.520833333333333037e+00,-2.177296375490150177e-02
5.541666666666666075e+00,-2.135235929534609264e-02
5.562500000000000000e+00,-5.027151300960721290e-03
5.583333333333333037e+00,7.590001202231005245e-03
5.604166666666666075e+00,2.666201790033008185e-03
5.625000000000000000e+00,4.133406554078698997e-04
5.645833333333333037e+00,1.448373426106536535e-02
5.666666666666666075e+00,2.457302974971596957e-02
5.687500000000000000e+00,1.647077226708521316e-02
5.708333333333333037e+00,1.092071791195596206e-02
5.729166666666666075e+00,2.212511403608903582e-02
5.750000000000000000e+00,2.916465639180169586e-02
5.770833333333333037e+00,1.724932539357885292e-02
5.791666666666666075e+00,7.884417144051641610e-03
5.812500000000000000e+00,1.579676357496732214e-02
5.833333333333333037e+00,1.947275735315667430e-02
5.854166666666666075e+00,3.872310465271899902e-03
5.875000000000000000e+00,-9.108336537839626865e-03
5.895833333333333037e+00,-4.681319188094806849e-03
5.916666666666666075e+00,-4.171196104681889304e-03
5.937500000000000000e+00,-1.856818845405135490e-02
5.958333333333333037e+00,-2.752773449359088853e-02
5.979166666666666075e+00,-1.927631329017302775e-02
6.000000000000000000e+00,-1.519986762327273783e-02
6.020833333333333037e+00,-2.725458515291652103e-02
6.041666666666666075e+00,-3.463982160682520239e-02
6.062500000000000000e+00,-2.536692836801765494e-02
6.083333333333333037e+00,-2.048606498072061410e-02
6.104166666666666075e+00,-2.330274929371402987e-02
6.125000000000000000e+00,-1.592760928706853790e-02
6.145833333333333037e+00,-8.692241458776558266e-03
6.166666666666666075e+00,-1.441136691225214199e-02
6.187500000000000000e+00,-1.569024943751017032e-02
6.208333333333333037e+00,-1.576994828868301813e-04
6.229166666666666075e+00,1.169133967146700898e-02
6.250000000000000000e+00,5.932141119739617677e-03
6.270833333333333037e+00,3.042465618048190157e-03
6.291666666666666075e+00,1.634388999278105561e-02
6.312500000000000000e+00,2.558620802969081842e-02
6.333333333333333037e+00,1.817515997566024680e-02
6.354166666666666075e+00,1.337912372411026278e-02
6.375000000000000000e+00,2.383346241040396399e-02
6.395833333333333037e+00,3.059677547543699500e-02
6.416666666666666075e+00,2.157697513556554314e-02
6.437500000000000000e+00,1.478646757953247341e-02
6.458333333333333037e+00,2.204211938762797030e-02
6.479166666666666075e+00,2.563093668997083394e-02
6.500000000000000000e+00,1.415135207645414409e-02
6.520833333333333037e+00,4.681982535495155494e-03
6.541666666666666075e+00,8.667935792900684222e-03
6.562500000000000000e+00,9.579574789193114059e-03
6.583333333333333037e+00,2.224078850434602940e-03
6.604166666666666075e+00,4.857942959303283154e-04
6.625000000000000000e+00,9.904901758693594738e-03
6.645833333333333037e+00,1.540757984654480411e-02
6.666666666666666075e+00,7.856435430094628469e-03
6.687500000000000000e+00,1.892129907974162643e-03
6.708333333333333037e+00,7.111144633107606937e-03
6.729166666666666075e+00,9.305325745475769364e-03
6.750000000000000000e+00,-5.545860826065991114e-04
6.770833333333333037e+00,-9.001556385134225693e-03
6.791666666666666075e+00,-7.153089597369837252e-03
6.812500000000000000e+00,-4.108433860547944412e-03
6.833333333333333037e+00,-8.822998800532569352e-03
6.854166666666666075e+00,-1.238860948444709190e-02
6.875000000000000000e+00,-8.409210867498666947e-03
6.895833333333333037e+00,-7.091683300557877732e-03
6.916666666666666075e+00,-1.042219677174910375e-02
6.937500000000000000e+00,-1.239630901450647534e-02
6.958333333333333037e+00,-1.196013825658531066e-02
6.979166666666666075e+00,-9.226728229819186264e-03
7.000000000000000000e+00,-7.326877085338763702e-03
7.020833333333333037e+00,-6.774472428506986103e-03
7.041666666666666075e+00,-6.275903443144722517e-03
7.062500000000000000e+00,-5.777684870583388310e-03
7.083333333333333037e+00,-5.279816797713428843e-03
7.104166666666666075e+00,-4.782299305444660288e-03
7.125000000000000000e+00,-4.285132469467041287e-03
7.145833333333333037e+00,-3.788316360929595145e-03
7.166666666666666075e+00,-3.291851047053700931e-03
7.187500000000000000e+00,-2.795736591694466047e-03
7.208333333333333037e+00,-2.299973055862177158e-03
7.229166666666666075e+00,-1.804560498214365788e-03
7.250000000000000000e+00,-1.309498975528111718e-03
7.270833333333333037e+00,-8.147885431615704008e-04
7.291666666666666075e+00,-3.204292555132496690e-04
7.312500000000000000e+00,1.735788335126330160e-04
7.333333333333333037e+00,6.672356700262718418e-04
7.354166666666666075e+00,1.160541199648851014e-03
7.375000000000000000e+00,1.653495366975818925e-03
7.395833333333333037e+00,2.146098114995975779e-03
7.416666666666666075e+00,2.638349384453943843e-03
7.437500000000000000e+00,3.130249113141615313e-03
7.458333333333333037e+00,3.621797235101600464e-03
7.479166666666666075e+00,4.112993679722346668e-03
7.500000000000000000e+00,4.603838370700379969e-03
7.520833333333333037e+00,4.373841106558729562e-03
7.541666666666666075e+00,2.746784866484150000e-03
7.562500000000000000e+00,1.072864767397651602e-05
7.583333333333333037e+00,-2.500385486977909754e-03
7.604166666666666075e+00,-3.683068340611766502e-03
7.625000000000000000e+00,-4.175426490863525485e-03
7.645833333333333037e+00,-3.136637324610458150e-03
7.666666666666666075e+00,-2.454204488968347777e-03
7.687500000000000000e+00,-3.407633415869030808e-03
7.708333333333333037e+00,-2.546724050048787807e-03
7.729166666666666075e+00,-1.169307072471164992e-03
7.750000000000000000e+00,-2.800796581423460954e-03
7.770833333333333037e+00,-2.201636823368535549e-03
7.791666666666666075e+00,3.253552376144199930e-04
7.812500000000000000e+00,-2.746524906037791421e-03
7.833333333333333037e+00,-2.303658822010948553e-03
7.854166666666666075e+00,2.516747639910825885e-03
7.875000000000000000e+00,-5.646297131119804675e-05
7.895833333333333037e+00,-1.720237792202737115e-03
7.916666666666666075e+00,4.516992986449942619e-03
7.937500000000000000e+00,5.813629465936901754e-03
7.958333333333333037e+00,-3.433573297995891511e-03
7.979166666666666075e+00,-8.415172035564457906e-03
8.000000000000000000e+00,-2.023426102694011975e-04
8.020833333333332149e+00,4.788507179647129644e-03
8.041666666666666075e+00,-4.278213643241278279e-03
8.062500000000000000e+00,-1.070562197106871526e-02
8.083333333333332149e+00,-3.163361922727472072e-03
8.104166666666666075e+00,1.211721732726150826e-03
8.125000000000000000e+00,-9.591384011340140306e-03
8.145833333333332149e+00,-1.740287065348462836e-02
8.166666666666666075e+00,-1.044299158680958746e-02
8.187500000000000000e+00,-6.525460504033359609e-03
8.208333333333332149e+00,-1.418015484422721975e-02
8.229166666666666075e+00,-1.583015945769019120e-02
8.250000000000000000e+00,-1.791329800423393723e-03
8.270833333333332149e+00,9.012680286124572296e-03
8.291666666666666075e+00,3.265784116593732373e-03
8.312500000000000000e+00,8.600222044914119764e-04
8.333333333333332149e+00,1.486752896929090587e-02
8.354166666666666075e+00,2.550568109216286988e-02
8.375000000000000000e+00,1.900958060031800526e-02
8.395833333333332149e+00,1.615021535483259982e-02
8.416666666666666075e+00,2.265325749019691040e-02
8.437500000000000000e+00,2.049297157067274736e-02
8.458333333333332149e+00,6.356338086921340357e-03
8.479166666666666075e+00,-4.332271748748539684e-04
8.500000000000000000e+00,1.031904447422617686e-02
8.520833333333332149e+00,1.727468102909832104e-02
8.541666666666666075e+00,5.754897299133902681e-03
8.562500000000000000e+00,-2.002548321767549933e-03
8.583333333333332149e+00,8.337946185955735778e-03
8.604166666666666075e+00,1.498016071201317863e-02
8.625000000000000000e+00,2.868608095982026068e-03
8.645833333333332149e+00,-5.488950810157606185e-03
8.666666666666666075e+00,4.400466186560559115e-03
8.687500000000000000e+00,1.069369791005238095e-02
8.708333333333332149e+00,-1.538486556659531988e-03
8.729166666666666075e+00,-1.020278740576042141e-02
8.750000000000000000e+00,-9.849527200690617618e-04
8.770833333333332149e+00,4.657808495842094207e-03
8.791666666666666075e+00,-7.792373095179878743e-03
8.812500000000000000e+00,-1.662775628543248368e-02
8.833333333333332149e+00,-8.127870788310740183e-03
8.854166666666666075e+00,-2.995646753522868914e-03
8.875000000000000000e+00,-1.534991136033111818e-02
8.895833333333332149e+00,-2.419828172271941066e-02
8.916666666666666075e+00,-1.615508609081036176e-02
8.937500000000000000e+00,-1.138218990058488360e-02
8.958333333333332149e+00,-2.374435855686014146e-02
8.979166666666666075e+00,-3.267119823389598443e-02
9.000000000000000000e+00,-2.481176884915393954e-02
9.020833333333332149e+00,-2.005198175031226368e-02
9.041666666666666075e+00,-2.869373742857653925e-02
9.062500000000000000e+00,-3.163891123731688709e-02
9.083333333333332149e+00,-1.819659676729049394e-02
9.104166666666666075e+00,-7.917614072636731601e-03
9.125000000000000000e+00,-1.364615660116324548e-02
9.145833333333332149e+00,-1.557055124480807677e-02
9.166666666666666075e+00,-8.343142582661154790e-04
9.187500000000000000e+00,1.154053749477322414e-02
9.208333333333332149e+00,8.869887019995014235e-03
9.229166666666666075e+00,9.798719072747996001e-03
9.250000000000000000e+00,2.213209172498575503e-02
9.270833333333332149e+00,2.937557124064930567e-02
9.291666666666666075e+00,2.266709551903329026e-02
9.312500000000000000e+00,1.935938349479007434e-02
9.333333333333332149e+00,3.060328875580852273e-02
9.354166666666666075e+00,3.994943246900496681e-02
9.375000000000000000e+00,3.664419374089578074e-02
9.395833333333332149e+00,2.746186700746471032e-02
9.416666666666666075e+00,2.570737244815547370e-02
9.437500000000000000e+00,2.571393136551854142e-02
9.458333333333332149e+00,1.635990229508326940e-02
9.479166666666666075e+00,1.001508331382896209e-02
9.500000000000000000e+00,1.595978415589438190e-02
9.520833333333332149e+00,2.046820927036015897e-02
9.541666666666666075e+00,1.463655537209166725e-02
9.562500000000000000e+00,5.869320277905629851e-03
9.583333333333332149e+00,4.338833935262557777e-03
9.604166666666666075e+00,2.351175386393950309e-03
9.625000000000000000e+00,-6.578192720001804772e-03
9.645833333333332149e+00,-1.277814026038985411e-02
9.666666666666666075e+00,-1.253173442227097263e-02
9.687500000000000000e+00,-1.102738380506349848e-02
9.708333333333332149e+00,-9.987666673556062566e-03
9.729166666666666075e+00,-1.077291973803915989e-02
9.750000000000000000e+00,-1.444077706551690973e-02
9.770833333333332149e+00,-1.920900449833826476e-02
9.791666666666666075e+00,-2.397159619385023921e-02
9.812500000000000000e+00,-2.872850754394309578e-02
9.833333333333332149e+00,-3.347969416865411579e-02
9.854166666666666075e+00,-3.822511190282676385e-02
9.875000000000000000e+00,-4.296471678329995270e-02
9.895833333333332149e+00,-4.769846503653353553e-02
9.916666666666666075e+00,-5.242631306658965262e-02
9.937500000000000000e+00,-5.714821744340038701e-02
9.958333333333332149e+00,-6.186413489126107307e-02
9.979166666666666075e+00,-6.657402227749355250e-02
1.000000000000000000e+01,-7.127783660122785636e-02
1.002083333333333215e+01,-7.597553498225399771e-02
1.004166666666666607e+01,-8.066707464989525400e-02
1.006250000000000000e+01,-8.535241293185716338e-02
1.008333333333333215e+01,-9.003150724300565400e-02
1.010416666666666607e+01,-9.470431507402250759e-02
1.012500000000000000e+01,-9.937079397988410334e-02
1.014583333333333215e+01,-1.040309015680991739e-01
1.016666666666666607e+01,-1.086845954866376279e-01
1.018750000000000000e+01,-1.133318334114698372e-01
1.020833333333333215e+01,-1.179725730336246697e-01
1.022916666666666607e+01,-1.226067720456580634e-01
1.025000000000000000e+01,-1.272343881274064781e-01
1.027083333333333215e+01,-1.318553789308725688e-01
1.029166666666666607e+01,-1.364697020640637526e-01
1.031250000000000000e+01,-1.410773150735632198e-01
1.033333333333333215e+01,-1.456781754255694616e-01
1.035416666666666607e+01,-1.502722404850778681e-01
1.037500000000000000e+01,-1.548594674928037429e-01
1.039583333333333215e+01,-1.594398135393498284e-01
1.041666666666666607e+01,-1.640132355359972538e-01
1.043750000000000000e+01,-1.685796901813384208e-01
1.045833333333333215e+01,-1.731391339227613124e-01
1.047916666666666607e+01,-1.776076221203192473e-01
1.050000000000000000e+01,-1.818212194115120528e-01
1.052083333333333215e+01,-1.855874440279095539e-01
1.054166666666666607e+01,-1.886873892895638560e-01
1.056250000000000000e+01,-1.892200717267988330e-01
1.058333333333333215e+01,-1.829677021655499169e-01
1.060416666666666607e+01,-1.676176895966019764e-01
1.062500000000000000e+01,-1.427439528715801487e-01
1.064583333333333215e+01,-1.079108917681223662e-01
1.066666666666666607e+01,-6.255052254583799709e-02
1.068750000000000000e+01,-5.993183637580274184e-03
1.070833333333333215e+01,6.215166788917315943e-02
1.072916666666666607e+01,1.272447033118962456e-01
1.075000000000000000e+01,1.792209715933741065e-01
1.077083333333333215e+01,2.160828524912641047e-01
1.079166666666666607e+01,2.393755129264304171e-01
1.081250000000000000e+01,2.566682882575952451e-01
1.083333333333333215e+01,2.642864946127818637e-01
1.085416666666666607e+01,2.651517081118656138e-01
1.087500000000000000e+01,2.670863491905006715e-01
1.089583333333333215e+01,2.636532326554964500e-01
1.091666666666666607e+01,2.444131806381779071e-01
1.093750000000000000e+01,2.248297612816141100e-01
1.095833333333333215e+01,2.135556598331365963e-01
1.097916666666666607e+01,1.969950106774045195e-01
1.100000000000000000e+01,1.638102237687039942e-01
1.102083333333333215e+01,1.307674259048528798e-01
1.104166666666666607e+01,1.130260551684273279e-01
1.106250000000000000e+01,9.291670145633630640e-02
1.108333333333333215e+01,5.561035647219300659e-02
1.110416666666666607e+01,2.034971473595401092e-02
1.112500000000000000e+01,1.111181471320365696e-03
1.114583333333333215e+01,-8.584658259026203483e-03
1.116666666666666607e+01,-2.688413768458943615e-02
1.118750000000000000e+01,-4.259955459383239773e-02
1.120833333333333215e+01,-4.369090921870768390e-02
1.122916666666666607e+01,-5.110322309285877940e-02
1.125000000000000000e+01,-7.584063524624735930e-02
1.127083333333333215e+01,-9.544051979999079727e-02
1.129166666666666607e+01,-9.718817307555174811e-02
1.131250000000000000e+01,-9.108911079849117687e-02
1.133333333333333215e+01,-9.356947312994977339e-02
1.135416666666666607e+01,-9.046757243858956354e-02
1.137500000000000000e+01,-8.135921157825506955e-02
1.139583333333333215e+01,-8.528369157615063589e-02
1.141666666666666607e+01,-8.433786146601683631e-02
1.143750000000000000e+01,-6.322067409106629787e-02
1.145833333333333215e+01,-4.576107240920535696e-02
1.147916666666666607e+01,-4.819127756976297750e-02
1.150000000000000000e+01,-4.647273130603540164e-02
1.152083333333333215e+01,-2.532684913998163242e-02
1.154166666666666607e+01,-7.971861818898367744e-03
1.156250000000000000e+01,-9.771250687987868486e-03
1.158333333333333215e+01,-7.386163417043642085e-03
1.160416666666666607e+01,1.996992511370250783e-03
1.162500000000000000e+01,7.570163819212295364e-05
1.164583333333333215e+01,7.628828147381290590e-04
1.166666666666666607e+01,9.335446730283461156e-03
1.168750000000000000e+01,7.481436154308917369e-03
1.170833333333333215e+01,4.432648575483973813e-03
1.172916666666666607e+01,1.552612939539142582e-02
1.175000000000000000e+01,2.251792689133458314e-02
1.177083333333333215e+01,1.092669944005110472e-02
1.179166666666666607e+01,3.027500504727611945e-03
1.181250000000000000e+01,1.299467977930498890e-02
1.183333333333333215e+01,1.953173394286445569e-02
1.185416666666666607e+01,8.095447849914864588e-03
1.187500000000000000e+01,2.113665976526987018e-04
1.189583333333333215e+01,9.635014993672811473e-03
1.191666666666666607e+01,1.576168464176926423e-02
1.193750000000000000e+01,5.044696383485357608e-03
1.195833333333333215e+01,-1.848691173947016042e-03
1.197916666666666607e+01,7.758119249761464067e-03
