time,axis,backend,x,y,z,vx,vy,vz,roll,pitch,yaw,target_x,target_y,target_z,target_vx,target_vy,target_vz,rpm0,rpm1,rpm2,rpm3,reward,disturbance_x,disturbance_y,disturbance_z,x_b0,x_omega_c,x_k,x_r,y_b0,y_omega_c,y_k,y_r,z_b0,z_omega_c,z_k,z_r
0.0,x,gym_env,0.0,0.0,1.0,0.0,0.0,0.0,0.0,-0.0,0.0,0.0,0.0,1.0,0.20000000298023224,0.0,0.0,14468.4287109375,14468.4287109375,14468.4287109375,14468.4287109375,-8.164742969197036,0.0,0.0,0.0,30.5,1.5,11.0,10.0,30.5,1.5,11.0,10.0,300.0,15.0,7.333333333333333,30.0
0.020833333333333332,x,gym_env,0.0,0.0,1.0,0.0,0.0,-1.3332407178268113e-08,0.0,-0.0,0.0,0.004166666883975267,0.0,1.0,0.20000000298023224,0.0,0.0,14407.78125,14529.078125,14529.078125,14407.78125,-0.08268050460442901,0.0,0.0,0.0,30.5,1.5,11.0,10.0,30.5,1.5,11.0,10.0,300.0,15.0,7.333333333333333,30.0
0.041666666666666664,x,gym_env,1.9654838467886293e-07,2.287475996522962e-22,1.0,3.1446677894564345e-05,4.3919170779374343e-20,3.581544206099352e-06,-1.6133969664257449e-18,0.0011550901690497994,-1.1303393788020321e-21,0.008333333767950535,0.0,1.0,0.20000000298023224,0.0,0.0,14485.259765625,14451.6279296875,14451.6279296875,14485.259765625,-0.10025019167810678,0.0,0.0,0.0,30.5,1.5,11.0,10.0,30.5,1.5,11.0,10.0,300.0,15.0,7.333333333333333,30.0
0.0625,x,gym_env,4.071485363965621e-06,5.214209327720086e-21,1.0000001192092896,0.0003370270424056798,3.951410508398901e-19,4.013738816865953e-06,-3.2267999299109308e-18,0.0027586978394538164,-4.529219769995217e-21,0.012500000186264515,0.0,1.0,0.20000000298023224,0.0,0.0,14467.91015625,14469.326171875,14469.326171875,14467.91015625,-0.05635724070072174,0.0,0.0,0.0,30.5,1.5,11.0,10.0,30.5,1.5,11.0,10.0,300.0,15.0,7.333333333333333,30.0
0.08333333333333333,x,gym_env,1.836702176660765e-05,2.2133201229856676e-20,1.000000238418579,0.0009568911627866328,1.1632146713917228e-18,8.384589818888344e-06,-5.109117449380728e-18,0.0041609094478189945,-1.077538861066349e-20,0.01666666753590107,0.0,1.0,0.20000000298023224,0.0,0.0,14361.3916015625,14576.26953125,14576.26953125,14361.3916015625,-0.13171412794291973,0.0,0.0,0.0,30.5,1.5,11.0,10.0,30.5,1.5,11.0,10.0,300.0,15.0,7.333333333333333,30.0
0.10416666666666666,x,gym_env,4.9498215958010405e-05,5.957503405623223e-20,1.0000007152557373,0.0019187221769243479,2.2380541933188926e-18,2.8636739443754777e-05,-5.64703093377243e-18,0.007617087569087744,-3.01955238652579e-20,0.02083333395421505,0.0,1.0,0.20000000298023224,0.0,0.0,14586.1572265625,14352.21484375,14352.21484375,14586.1572265625,-0.22971091791689396,0.0,0.0,0.0,30.5,1.5,11.0,10.0,30.5,1.5,11.0,10.0,300.0,15.0,7.333333333333333,30.0
0.125,x,gym_env,0.0001093303581001237,1.2109143516073228e-19,1.0000016689300537,0.0036080810241401196,3.4657453187124394e-18,5.618900104309432e-05,-8.067271657006127e-18,0.01020571868866682,-4.648211882153601e-20,0.02500000037252903,0.0,1.0,0.20000000298023224,0.0,0.0,14421.94921875,14517.0078125,14517.0078125,14421.94921875,-0.18552585194706916,0.0,0.0,0.0,30.5,1.5,11.0,10.0,30.5,1.5,11.0,10.0,300.0,15.0,7.333333333333333,30.0
0.14583333333333331,x,gym_env,0.00021084611944388598,2.1443885776022095e-19,1.0000030994415283,0.005757956299930811,5.241297188953945e-18,7.657704554731026e-05,-1.129427858886535e-17,0.012212445959448814,-6.5568972182899e-20,0.02916666679084301,0.0,1.0,0.20000000298023224,0.0,0.0,14289.228515625,14650.53515625,14650.53515625,14289.228515625,-0.16403593141138553,0.0,0.0,0.0,30.5,1.5,11.0,10.0,30.5,1.5,11.0,10.0,300.0,15.0,7.333333333333333,30.0
0.16666666666666666,x,gym_env,0.0003629433340393007,3.5331869567163246e-19,1.0000053644180298,0.008446741849184036,7.751378825697639e-18,0.0001313915417995304,-1.74802983418258e-17,0.018261386081576347,-1.518980322411652e-19,0.03333333507180214,0.0,1.0,0.20000000298023224,0.0,0.0,14833.966796875,14107.1982421875,14107.1982421875,14833.966796875,-0.4961293938994408,0.0,0.0,0.0,30.5,1.5,11.0,10.0,30.5,1.5,11.0,10.0,300.0,15.0,7.333333333333333,30.0
0.1875,x,gym_env,0.0005857038195244968,5.61008367094183e-19,1.0000100135803223,0.01232210360467434,1.1666948270238865e-17,0.000283675646642223,-2.6892229012333842e-17,0.01967521756887436,-1.758814749425896e-19,0.03750000149011612,0.0,1.0,0.20000000298023224,0.0,0.0,14179.798828125,14758.564453125,14758.564453125,14179.798828125,-0.5863685039401054,0.0,0.0,0.0,30.5,1.5,11.0,10.0,30.5,1.5,11.0,10.0,300.0,15.0,7.333333333333333,30.0
0.20833333333333331,x,gym_env,0.0008929011528380215,8.7460236008281e-19,1.000016689300537,0.01634846441447735,1.7620167965963618e-17,0.0003463966422714293,-3.872552247657651e-17,0.021986261010169983,-2.5844692137487634e-19,0.0416666679084301,0.0,1.0,0.20000000298023224,0.0,0.0,14267.2900390625,14670.912109375,14670.912109375,14267.2900390625,-0.1372572153329849,0.0,0.0,0.0,30.5,1.5,11.0,10.0,30.5,1.5,11.0,10.0,300.0,15.0,7.333333333333333,30.0
0.22916666666666666,x,gym_env,0.001291102496907115,1.3426126720640343e-18,1.0000240802764893,0.021171802654862404,2.6048163989117382e-17,0.0003469389630481601,-5.2720144582830405e-17,0.03181113675236702,-6.951605705368214e-19,0.04583333432674408,0.0,1.0,0.20000000298023224,0.0,0.0,14900.751953125,14041.5517578125,14041.5517578125,14900.751953125,-0.5749578889012338,0.0,0.0,0.0,30.5,1.5,11.0,10.0,30.5,1.5,11.0,10.0,300.0,15.0,7.333333333333333,30.0
0.25,x,gym_env,0.0018139242893084884,2.023068711345442e-18,1.0000331401824951,0.027936168015003204,3.75313218262337e-17,0.0004902352229692042,-7.02066170007483e-17,0.03600236400961876,-9.309382194837698e-19,0.05000000074505806,0.0,1.0,0.20000000298023224,0.0,0.0,14663.87890625,14276.28515625,14276.28515625,14663.87890625,-0.26088951706886293,0.0,0.0,0.0,30.5,1.5,11.0,10.0,30.5,1.5,11.0,10.0,300.0,15.0,7.333333333333333,30.0
0.2708333333333333,x,gym_env,0.0024866622406989336,2.9867103435271082e-18,1.0000427961349487,0.03510933741927147,5.2552124348086184e-17,0.0004460955096874386,-8.874778440434071e-17,0.031044263392686844,-5.453958500201275e-19,0.05416666716337204,0.0,1.0,0.20000000298023224,0.0,0.0,14040.3154296875,14899.515625,14899.515625,14040.3154296875,-0.573385978859663,0.0,0.0,0.0,30.5,1.5,11.0,10.0,30.5,1.5,11.0,10.0,300.0,15.0,7.333333333333333,30.0
0.29166666666666663,x,gym_env,0.0032971412874758244,4.311285618551388e-18,1.0000536441802979,0.04134082794189453,7.147141586201128e-17,0.0005714935250580311,-1.0864955141901955e-16,0.03181394562125206,-6.482649615754111e-19,0.05833333358168602,0.0,1.0,0.20000000298023224,0.0,0.0,14100.7197265625,14835.5869140625,14835.5869140625,14100.7197265625,-0.12658830679655075,0.0,0.0,0.0,30.5,1.5,11.0,10.0,30.5,1.5,11.0,10.0,300.0,15.0,7.333333333333333,30.0
0.3125,x,gym_env,0.004241417162120342,6.080537267657383e-18,1.0000656843185425,0.048245418816804886,9.444991756102806e-17,0.000576079823076725,-1.2914633260936492e-16,0.04503238573670387,-2.2141211698607427e-18,0.0625,0.0,1.0,0.20000000298023224,0.0,0.0,14899.2392578125,14040.0390625,14040.0390625,14899.2392578125,-0.7160782311856747,0.0,0.0,0.0,30.5,1.5,11.0,10.0,30.5,1.5,11.0,10.0,300.0,15.0,7.333333333333333,30.0
0.3333333333333333,x,gym_env,0.0053626298904418945,8.380246195113528e-18,1.0000776052474976,0.057907283306121826,1.215555145036475e-16,0.0005574839888140559,-1.4884170151759952e-16,0.05471303313970566,-3.529280234382025e-18,0.06666667014360428,0.0,1.0,0.20000000298023224,0.0,0.0,14899.560546875,14040.3603515625,14040.3603515625,14899.560546875,-0.07986948825716972,0.0,0.0,0.0,30.5,1.5,11.0,10.0,30.5,1.5,11.0,10.0,300.0,15.0,7.333333333333333,30.0
0.35416666666666663,x,gym_env,0.006707399617880583,1.129315445041289e-17,1.0000882148742676,0.06897875666618347,1.5242420089823199e-16,0.0004771309031639248,-1.6574940558708142e-16,0.050747331231832504,-2.9035824142782855e-18,0.07083333283662796,0.0,1.0,0.20000000298023224,0.0,0.0,14040.330078125,14899.5302734375,14899.5302734375,14040.330078125,-0.7680525346815587,0.0,0.0,0.0,30.5,1.5,11.0,10.0,30.5,1.5,11.0,10.0,300.0,15.0,7.333333333333333,30.0
0.375,x,gym_env,0.008273043669760227,1.4893381965933588e-17,1.0000977516174316,0.07911941409111023,1.8694788739977798e-16,0.00044385381625033915,-1.8590728095429647e-16,0.04951551929116249,-2.712665199793137e-18,0.07500000298023224,0.0,1.0,0.20000000298023224,0.0,0.0,14254.9140625,14682.9384765625,14682.9384765625,14254.9140625,-0.25400675938427447,0.0,0.0,0.0,30.5,1.5,11.0,10.0,30.5,1.5,11.0,10.0,300.0,15.0,7.333333333333333,30.0
0.3958333333333333,x,gym_env,0.010048205964267254,1.9263582282843146e-17,1.0001044273376465,0.08943568915128708,2.255279220414962e-16,0.00023736087314318866,-2.0562368010242462e-16,0.05781387910246849,-4.328043884171406e-18,0.07916666567325592,0.0,1.0,0.20000000298023224,0.0,0.0,14899.5322265625,14040.33203125,14040.33203125,14899.5322265625,-0.5967900626242161,0.0,0.0,0.0,30.5,1.5,11.0,10.0,30.5,1.5,11.0,10.0,300.0,15.0,7.333333333333333,30.0
0.41666666666666663,x,gym_env,0.012058500200510025,2.4488299877189385e-17,1.0001078844070435,0.10138633847236633,2.682053859213285e-16,0.00010447121894685552,-2.287832284764721e-16,0.06063636392354965,-4.90586014772236e-18,0.0833333358168602,0.0,1.0,0.20000000298023224,0.0,0.0,14899.1181640625,14039.91796875,14039.91796875,14899.1181640625,-0.08234060162603855,0.0,0.0,0.0,30.5,1.5,11.0,10.0,30.5,1.5,11.0,10.0,300.0,15.0,7.333333333333333,30.0
0.4375,x,gym_env,0.014322485774755478,3.066053135651919e-17,1.0001081228256226,0.11334335058927536,3.156290136326431e-16,-4.1061703086597845e-05,-2.528404200163723e-16,0.049820974469184875,-2.298042365317004e-18,0.08749999850988388,0.0,1.0,0.20000000298023224,0.0,0.0,14040.8330078125,14900.033203125,14900.033203125,14040.8330078125,-0.7696059863239527,0.0,0.0,0.0,30.5,1.5,11.0,10.0,30.5,1.5,11.0,10.0,300.0,15.0,7.333333333333333,30.0
0.4583333333333333,x,gym_env,0.016808323562145233,3.788192398322553e-17,1.0001071691513062,0.12297230213880539,3.6791990441711767e-16,-3.779981852858327e-05,-2.75332400548865e-16,0.04175028204917908,-2.0772861353482594e-19,0.09166666865348816,0.0,1.0,0.20000000298023224,0.0,0.0,14039.5390625,14898.7392578125,14898.7392578125,14039.5390625,-0.08350049719214439,0.0,0.0,0.0,30.5,1.5,11.0,10.0,30.5,1.5,11.0,10.0,300.0,15.0,7.333333333333333,30.0
0.47916666666666663,x,gym_env,0.019476352259516716,4.6249209912501576e-17,1.0001065731048584,0.13149982690811157,4.246887936959297e-16,-2.075163683912251e-05,-2.966466611775394e-16,0.04732374846935272,-1.8057162520491707e-18,0.09583333134651184,0.0,1.0,0.20000000298023224,0.0,0.0,14896.431640625,14037.2314453125,14037.2314453125,14896.431640625,-0.7696682884514332,0.0,0.0,0.0,30.5,1.5,11.0,10.0,30.5,1.5,11.0,10.0,300.0,15.0,7.333333333333333,30.0
0.5,x,gym_env,0.022335639223456383,5.585182391217657e-17,1.0001049041748047,0.14126372337341309,4.855877362162149e-16,-0.00012581347255036235,-3.1470336543997174e-16,0.0501626655459404,-2.63628396241545e-18,0.10000000149011612,0.0,1.0,0.20000000298023224,0.0,0.0,14895.8955078125,14036.6953125,14036.6953125,14895.8955078125,-0.0823699490904808,0.0,0.0,0.0,30.5,1.5,11.0,10.0,30.5,1.5,11.0,10.0,300.0,15.0,7.333333333333333,30.0
0.5208333333333333,x,gym_env,0.02540312334895134,6.67685102678431e-17,1.0001007318496704,0.15103892982006073,5.500772778696907e-16,-0.0002469461760483682,-3.320251892113222e-16,0.03936667740345001,8.666890333552448e-19,0.1041666716337204,0.0,1.0,0.20000000298023224,0.0,0.0,14038.7197265625,14897.9189453125,14897.9189453125,14038.7197265625,-0.7691054743587971,0.0,0.0,0.0,30.5,1.5,11.0,10.0,30.5,1.5,11.0,10.0,300.0,15.0,7.333333333333333,30.0
0.5416666666666666,x,gym_env,0.028647085651755333,7.907227263164265e-17,1.0000958442687988,0.15849250555038452,6.180129201295115e-16,-0.00021249512792564929,-3.4806351983956594e-16,0.03131535276770592,3.575852984410598e-18,0.10833333432674408,0.0,1.0,0.20000000298023224,0.0,0.0,14038.248046875,14897.4482421875,14897.4482421875,14038.248046875,-0.08195458793640137,0.0,0.0,0.0,30.5,1.5,11.0,10.0,30.5,1.5,11.0,10.0,300.0,15.0,7.333333333333333,30.0
0.5625,x,gym_env,0.03202799707651138,9.283211110155194e-17,1.0000921487808228,0.1648513525724411,6.892451087409275e-16,-0.00015263089153449982,-3.656102043886328e-16,0.036906640976667404,1.5765235294648154e-18,0.11250000447034836,0.0,1.0,0.20000000298023224,0.0,0.0,14894.8935546875,14035.693359375,14035.693359375,14894.8935546875,-0.7684371634542942,0.0,0.0,0.0,30.5,1.5,11.0,10.0,30.5,1.5,11.0,10.0,300.0,15.0,7.333333333333333,30.0
0.5833333333333333,x,gym_env,0.03555506840348244,1.0811946761271596e-16,1.0000883340835571,0.17245283722877502,7.639724199905108e-16,-0.00020900908566545695,-3.8474195227980847e-16,0.03976373374462128,5.355284124929824e-19,0.11666666716337204,0.0,1.0,0.20000000298023224,0.0,0.0,14894.16015625,14034.9609375,14034.9609375,14894.16015625,-0.08099695093035697,0.0,0.0,0.0,30.5,1.5,11.0,10.0,30.5,1.5,11.0,10.0,300.0,15.0,7.333333333333333,30.0
0.6041666666666666,x,gym_env,0.0392453558743,1.2501167362624106e-16,1.0000829696655273,0.18007123470306396,8.425998944457266e-16,-0.00028695902437902987,-4.047634818122952e-16,0.028987469151616096,4.7860227700690465e-18,0.12083333730697632,0.0,1.0,0.20000000298023224,0.0,0.0,14037.4873046875,14896.6875,14896.6875,14037.4873046875,-0.7673198168039322,0.0,0.0,0.0,30.5,1.5,11.0,10.0,30.5,1.5,11.0,10.0,300.0,15.0,7.333333333333333,30.0
0.625,x,gym_env,0.04306725785136223,1.4359336626240367e-16,1.000077724456787,0.18537349998950958,9.253935533915718e-16,-0.000219347610254772,-4.272688031137071e-16,0.020955810323357582,8.083260231066165e-18,0.125,0.0,1.0,0.20000000298023224,0.0,0.0,14037.40625,14896.6064453125,14896.6064453125,14037.40625,-0.07964537427425385,0.0,0.0,0.0,30.5,1.5,11.0,10.0,30.5,1.5,11.0,10.0,300.0,15.0,7.333333333333333,30.0
0.6458333333333333,x,gym_env,0.04698136821389198,1.6395599860972765e-16,1.0000742673873901,0.18958736956119537,1.012663252068064e-15,-0.00012672391312662512,-4.499149965821593e-16,0.026565799489617348,5.6180920200422626e-18,0.12916666269302368,0.0,1.0,0.20000000298023224,0.0,0.0,14893.8388671875,14034.6396484375,14034.6396484375,14893.8388671875,-0.7662717920601368,0.0,0.0,0.0,30.5,1.5,11.0,10.0,30.5,1.5,11.0,10.0,300.0,15.0,7.333333333333333,30.0
0.6666666666666666,x,gym_env,0.050997037440538406,1.861933663322316e-16,1.0000715255737305,0.1950506865978241,1.1045269398131082e-15,-0.00014351609570439905,-4.741519973348938e-16,0.02944185957312584,4.329285482270848e-18,0.13333334028720856,0.0,1.0,0.20000000298023224,0.0,0.0,14892.8984375,14033.69921875,14033.69921875,14892.8984375,-0.07903479612469673,0.0,0.0,0.0,30.5,1.5,11.0,10.0,30.5,1.5,11.0,10.0,300.0,15.0,7.333333333333333,30.0
0.6875,x,gym_env,0.0551314540207386,2.1040533990835276e-16,1.000067949295044,0.2005370855331421,1.20128796030094e-15,-0.00018760698731057346,-5.003782020246959e-16,0.018685653805732727,9.573696592640749e-18,0.13750000298023224,0.0,1.0,0.20000000298023224,0.0,0.0,14036.4169921875,14895.6171875,14895.6171875,14036.4169921875,-0.7660635609984398,0.0,0.0,0.0,30.5,1.5,11.0,10.0,30.5,1.5,11.0,10.0,300.0,15.0,7.333333333333333,30.0
0.7083333333333333,x,gym_env,0.05935313180088997,2.366994660526128e-16,1.0000649690628052,0.2037128061056137,1.3033797826423167e-15,-0.00010467099491506815,-5.264017011423082e-16,0.010673888027668,1.3649327140072211e-17,0.14166666567325592,0.0,1.0,0.20000000298023224,0.0,0.0,14036.5810546875,14895.78125,14895.78125,14036.5810546875,-0.07904609573483468,0.0,0.0,0.0,30.5,1.5,11.0,10.0,30.5,1.5,11.0,10.0,300.0,15.0,7.333333333333333,30.0
0.7291666666666666,x,gym_env,0.06362280249595642,2.651852105385545e-16,1.0000641345977783,0.20580655336380005,1.4105949896442795e-15,-1.0263185004077968e-06,-5.498368263917889e-16,0.01630287803709507,1.0626353405285931e-17,0.1458333283662796,0.0,1.0,0.20000000298023224,0.0,0.0,14893.0712890625,14033.87109375,14033.87109375,14893.0712890625,-0.7666170708060265,0.0,0.0,0.0,30.5,1.5,11.0,10.0,30.5,1.5,11.0,10.0,300.0,15.0,7.333333333333333,30.0
0.75,x,gym_env,0.06794995069503784,2.959621262072599e-16,1.0000642538070679,0.20915691554546356,1.5223279527495416e-15,7.63666866987478e-06,-5.708389024398409e-16,0.01919802464544773,9.050109462868159e-18,0.15000000596046448,0.0,1.0,0.20000000298023224,0.0,0.0,14892.0390625,14032.83984375,14032.83984375,14892.0390625,-0.08035402413010598,0.0,0.0,0.0,30.5,1.5,11.0,10.0,30.5,1.5,11.0,10.0,300.0,15.0,7.333333333333333,30.0
0.7708333333333333,x,gym_env,0.07235190272331238,3.2911825154568423e-16,1.0000640153884888,0.21253687143325806,1.63809903955172e-15,-1.3359756849240512e-05,-5.890379347071916e-16,0.00846165418624878,1.528853276199507e-17,0.15416666865348816,0.0,1.0,0.20000000298023224,0.0,0.0,14035.3818359375,14894.58203125,14894.58203125,14035.3818359375,-0.7667708766520024,0.0,0.0,0.0,30.5,1.5,11.0,10.0,30.5,1.5,11.0,10.0,300.0,15.0,7.333333333333333,30.0
0.7916666666666666,x,gym_env,0.07679730653762817,3.6473154005475447e-16,1.000064730644226,0.2136116623878479,1.7574383585233257e-15,6.405443855328485e-05,-6.059574707681554e-16,0.00046942525659687817,2.003579839805325e-17,0.15833333134651184,0.0,1.0,0.20000000298023224,0.0,0.0,14035.609375,14894.80859375,14894.80859375,14035.609375,-0.0793095953166485,0.0,0.0,0.0,30.5,1.5,11.0,10.0,30.5,1.5,11.0,10.0,300.0,15.0,7.333333333333333,30.0
0.8125,x,gym_env,0.0812470093369484,4.0287256016688876e-16,1.0000672340393066,0.21361088752746582,1.8801331985154792e-15,0.00015292654279619455,-6.250608165858185e-16,0.006116979289799929,1.656001524260748e-17,0.16250000894069672,0.0,1.0,0.20000000298023224,0.0,0.0,14892.5263671875,14033.326171875,14033.326171875,14892.5263671875,-0.7663802032232284,0.0,0.0,0.0,30.5,1.5,11.0,10.0,30.5,1.5,11.0,10.0,300.0,15.0,7.333333333333333,30.0
0.8333333333333333,x,gym_env,0.08571063727140427,4.4361688310284994e-16,1.000070571899414,0.2148737758398056,2.0066600155610112e-15,0.00017170555656775832,-6.452420118288626e-16,0.009030601009726524,1.4744464640255666e-17,0.1666666716337204,0.0,1.0,0.20000000298023224,0.0,0.0,14891.55078125,14032.3505859375,14032.3505859375,14891.55078125,-0.07966739268898963,0.0,0.0,0.0,30.5,1.5,11.0,10.0,30.5,1.5,11.0,10.0,300.0,15.0,7.333333333333333,30.0
0.8541666666666666,x,gym_env,0.09020566940307617,4.870478092590445e-16,1.000074028968811,0.21617281436920166,2.1372873191042013e-15,0.00016271912318188697,-6.680728320100366e-16,-0.00168684683740139,2.17832753447144e-17,0.17083333432674408,0.0,1.0,0.20000000298023224,0.0,0.0,14034.25,14893.4501953125,14893.4501953125,14034.25,-0.7657684697926045,0.0,0.0,0.0,30.5,1.5,11.0,10.0,30.5,1.5,11.0,10.0,300.0,15.0,7.333333333333333,30.0
0.875,x,gym_env,0.0947008728981018,5.332557858723716e-16,1.0000780820846558,0.21517235040664673,2.2723488401262676e-15,0.00021061438019387424,-6.89615368017996e-16,-0.009660647250711918,2.7156648875664993e-17,0.17499999701976776,0.0,1.0,0.20000000298023224,0.0,0.0,14034.337890625,14893.5380859375,14893.5380859375,14034.337890625,-0.07787848326563836,0.0,0.0,0.0,30.5,1.5,11.0,10.0,30.5,1.5,11.0,10.0,300.0,15.0,7.333333333333333,30.0
0.8958333333333333,x,gym_env,0.09915722161531448,5.82330333737444e-16,1.0000829696655273,0.21310263872146606,2.4116218089620823e-15,0.0002552033984102309,-7.102935598428417e-16,-0.003995823208242655,2.3190068029928235e-17,0.17916667461395264,0.0,1.0,0.20000000298023224,0.0,0.0,14892.1494140625,14032.9501953125,14032.9501953125,14892.1494140625,-0.7647874076724053,0.0,0.0,0.0,30.5,1.5,11.0,10.0,30.5,1.5,11.0,10.0,300.0,15.0,7.333333333333333,30.0
0.9166666666666666,x,gym_env,0.10358446836471558,6.343570561214936e-16,1.0000884532928467,0.21230290830135345,2.5548991260560417e-15,0.0002677817828953266,-7.299179897417437e-16,-0.001065205899067223,2.1118334628785073e-17,0.18333333730697632,0.0,1.0,0.20000000298023224,0.0,0.0,14891.404296875,14032.205078125,14032.205078125,14891.404296875,-0.07766103110313416,0.0,0.0,0.0,30.5,1.5,11.0,10.0,30.5,1.5,11.0,10.0,300.0,15.0,7.333333333333333,30.0
0.9375,x,gym_env,0.10800022631883621,6.894170564292201e-16,1.000093936920166,0.21154551208019257,2.7020247255876142e-15,0.0002594961551949382,-7.479850966275595e-16,-0.011765439063310623,2.902763712267011e-17,0.1875,0.0,1.0,0.20000000298023224,0.0,0.0,14032.916015625,14892.115234375,14892.115234375,14032.916015625,-0.7637601832449437,0.0,0.0,0.0,30.5,1.5,11.0,10.0,30.5,1.5,11.0,10.0,300.0,15.0,7.333333333333333,30.0
0.9583333333333333,x,gym_env,0.11237338185310364,7.475852441368963e-16,1.0000993013381958,0.20849460363388062,2.8525153752603912e-15,0.00025143392849713564,-7.642131891057679e-16,-0.01972275786101818,3.500373249823502e-17,0.19166666269302368,0.0,1.0,0.20000000298023224,0.0,0.0,14032.6201171875,14891.8203125,14891.8203125,14032.6201171875,-0.07589503917098046,0.0,0.0,0.0,30.5,1.5,11.0,10.0,30.5,1.5,11.0,10.0,300.0,15.0,7.333333333333333,30.0
0.9791666666666666,x,gym_env,0.11666505038738251,8.089276348748487e-16,1.0001041889190674,0.20438066124916077,3.006159740354033e-15,0.0002185926423408091,-7.813484009309263e-16,-0.014042952097952366,3.0596941019748564e-17,0.19583334028720856,0.0,1.0,0.20000000298023224,0.0,0.0,14891.8798828125,14032.6796875,14032.6796875,14891.8798828125,-0.7625396340310574,0.0,0.0,0.0,30.5,1.5,11.0,10.0,30.5,1.5,11.0,10.0,300.0,15.0,7.333333333333333,30.0
1.0,x,gym_env,0.12088508903980255,8.735132088887195e-16,1.0001084804534912,0.20154151320457458,3.1631801670171933e-15,0.0002074290969176218,-7.99335569082345e-16,-0.011097878217697144,2.8283161336482585e-17,0.20000000298023224,0.0,1.0,0.20000000298023224,0.0,0.0,14784.7763671875,14139.22265625,14139.22265625,14784.7763671875,-0.16058606573343276,0.0,0.0,0.0,30.5,1.5,11.0,10.0,30.5,1.5,11.0,10.0,300.0,15.0,7.333333333333333,30.0
1.0208333333333333,x,gym_env,0.1250515729188919,9.414146521932948e-16,1.000111699104309,0.19880639016628265,3.3238695168913857e-15,0.00011144646123284474,-8.201487038436001e-16,-0.019750431180000305,3.5269985393803586e-17,0.20416666567325592,0.0,1.0,0.20000000298023224,0.0,0.0,14032.5986328125,14891.798828125,14891.798828125,14032.5986328125,-0.677786483603716,0.0,0.0,0.0,30.5,1.5,11.0,10.0,30.5,1.5,11.0,10.0,300.0,15.0,7.333333333333333,30.0
1.0416666666666665,x,gym_env,0.1291397362947464,1.0127144975613728e-15,1.0001134872436523,0.19428005814552307,3.488586931946246e-15,6.900298467371613e-05,-8.406673358370067e-16,-0.02430908754467964,3.900369008168829e-17,0.2083333432674408,0.0,1.0,0.20000000298023224,0.0,0.0,14031.8134765625,14891.013671875,14891.013671875,14031.8134765625,-0.07742920898199081,0.0,0.0,0.0,30.5,1.5,11.0,10.0,30.5,1.5,11.0,10.0,300.0,15.0,7.333333333333333,30.0
1.0625,x,gym_env,0.13312435150146484,1.0874955424635476e-15,1.0001139640808105,0.1893860548734665,3.657293025149727e-15,-3.388247478142148e-06,-8.596064102024616e-16,-0.015235260128974915,3.12721619363307e-17,0.21250000596046448,0.0,1.0,0.20000000298023224,0.0,0.0,14892.7314453125,14033.53125,14033.53125,14892.7314453125,-0.7648615530848504,0.0,0.0,0.0,30.5,1.5,11.0,10.0,30.5,1.5,11.0,10.0,300.0,15.0,7.333333333333333,30.0
1.0833333333333333,x,gym_env,0.1370297521352768,1.1658403726121764e-15,1.0001140832901,0.18645904958248138,3.82994713892036e-15,7.817539881216362e-06,-8.810521726961972e-16,-0.008902069181203842,2.578053631937075e-17,0.21666666865348816,0.0,1.0,0.20000000298023224,0.0,0.0,14893.0078125,14033.8076171875,14033.8076171875,14893.0078125,-0.07835908160209655,0.0,0.0,0.0,30.5,1.5,11.0,10.0,30.5,1.5,11.0,10.0,300.0,15.0,7.333333333333333,30.0
1.1041666666666665,x,gym_env,0.140888050198555,1.247835067730524e-15,1.0001145601272583,0.18427087366580963,4.0068351468778435e-15,3.6157598515274e-05,-9.015701164753341e-16,-0.016204947605729103,3.227234902836042e-17,0.22083333134651184,0.0,1.0,0.20000000298023224,0.0,0.0,14031.6875,14890.8876953125,14890.8876953125,14031.6875,-0.7664381220161915,0.0,0.0,0.0,30.5,1.5,11.0,10.0,30.5,1.5,11.0,10.0,300.0,15.0,7.333333333333333,30.0
1.125,x,gym_env,0.1446826457977295,1.3335627429265397e-15,1.0001146793365479,0.180484801530838,4.187451370352667e-15,-1.7842972738435492e-05,-9.196621049539755e-16,-0.020771771669387817,3.637119439968318e-17,0.22500000894069672,0.0,1.0,0.20000000298023224,0.0,0.0,14030.68359375,14889.8837890625,14889.8837890625,14030.68359375,-0.0809647806942463,0.0,0.0,0.0,30.5,1.5,11.0,10.0,30.5,1.5,11.0,10.0,300.0,15.0,7.333333333333333,30.0
1.1458333333333333,x,gym_env,0.1483890861272812,1.4230973018248714e-15,1.0001131296157837,0.17632845044136047,4.371640802315483e-15,-0.0001066547556547448,-9.402300766165597e-16,-0.011707086116075516,2.79121675230301e-17,0.2291666716337204,0.0,1.0,0.20000000298023224,0.0,0.0,14893.0283203125,14033.828125,14033.828125,14893.0283203125,-0.7683748058199883,0.0,0.0,0.0,30.5,1.5,11.0,10.0,30.5,1.5,11.0,10.0,300.0,15.0,7.333333333333333,30.0
1.1666666666666665,x,gym_env,0.15203164517879486,1.5165212242587581e-15,1.0001112222671509,0.17413584887981415,4.560030247147259e-15,-7.858289609430358e-05,-9.608840221232901e-16,-0.005383613519370556,2.1896637138942342e-17,0.23333333432674408,0.0,1.0,0.20000000298023224,0.0,0.0,14644.8544921875,14283.9013671875,14283.9013671875,14644.8544921875,-0.28106760534644126,0.0,0.0,0.0,30.5,1.5,11.0,10.0,30.5,1.5,11.0,10.0,300.0,15.0,7.333333333333333,30.0
1.1875,x,gym_env,0.15564318001270294,1.6139202723141092e-15,1.0001085996627808,0.1728091835975647,4.75251509627901e-15,-0.00016431360563728958,-9.84563569317613e-16,-0.007953821681439877,2.435557874790525e-17,0.23749999701976776,0.0,1.0,0.20000000298023224,0.0,0.0,14035.1337890625,14894.3330078125,14894.3330078125,14035.1337890625,-0.5706832860171795,0.0,0.0,0.0,30.5,1.5,11.0,10.0,30.5,1.5,11.0,10.0,300.0,15.0,7.333333333333333,30.0
1.2083333333333333,x,gym_env,0.15922151505947113,1.7153901607139645e-15,1.0001059770584106,0.17104089260101318,4.949912312988362e-15,-9.476657578488812e-05,-1.0114323014374666e-15,-0.004631910938769579,2.0981457744103473e-17,0.24166667461395264,0.0,1.0,0.20000000298023224,0.0,0.0,14117.75390625,14811.6015625,14811.6015625,14117.75390625,-0.14946371030807495,0.0,0.0,0.0,30.5,1.5,11.0,10.0,30.5,1.5,11.0,10.0,300.0,15.0,7.333333333333333,30.0
1.2291666666666665,x,gym_env,0.16277357935905457,1.8210382508843884e-15,1.0001041889190674,0.17046673595905304,5.15267082473736e-15,-8.476609218632802e-05,-1.0405221657032579e-15,0.010741034522652626,5.201041203673133e-18,0.24583333730697632,0.0,1.0,0.20000000298023224,0.0,0.0,14898.2060546875,14039.005859375,14039.005859375,14898.2060546875,-0.7047383401155473,0.0,0.0,0.0,30.5,1.5,11.0,10.0,30.5,1.5,11.0,10.0,300.0,15.0,7.333333333333333,30.0
1.25,x,gym_env,0.1663523018360138,1.9309865155697856e-15,1.000104546546936,0.17307890951633453,5.3616114064518935e-15,7.930798892630264e-05,-1.0751433668728565e-15,0.022311227396130562,-7.001529674250969e-18,0.25,0.0,1.0,0.20000000298023224,0.0,0.0,14898.318359375,14039.1181640625,14039.1181640625,14898.318359375,-0.08345323148369789,0.0,0.0,0.0,30.5,1.5,11.0,10.0,30.5,1.5,11.0,10.0,300.0,15.0,7.333333333333333,30.0
1.2708333333333333,x,gym_env,0.17001260817050934,2.045372385865848e-15,1.0001078844070435,0.1774933636188507,5.577385426468401e-15,0.00021582421322818846,-1.1105902134077913e-15,0.02023366093635559,-4.750990016766201e-18,0.2541666626930237,0.0,1.0,0.20000000298023224,0.0,0.0,14036.89453125,14896.09375,14896.09375,14036.89453125,-0.7705615755975247,0.0,0.0,0.0,30.5,1.5,11.0,10.0,30.5,1.5,11.0,10.0,300.0,15.0,7.333333333333333,30.0
1.2916666666666665,x,gym_env,0.17375996708869934,2.1643404926483195e-15,1.0001133680343628,0.18136590719223022,5.800111892915972e-15,0.00030073331436142325,-1.145026126120178e-15,0.020886244252324104,-5.574228700110107e-18,0.25833332538604736,0.0,1.0,0.20000000298023224,0.0,0.0,14149.3212890625,14780.8818359375,14780.8818359375,14149.3212890625,-0.17391788838505745,0.0,0.0,0.0,30.5,1.5,11.0,10.0,30.5,1.5,11.0,10.0,300.0,15.0,7.333333333333333,30.0
1.3125,x,gym_env,0.17759154736995697,2.2880310198699705e-15,1.0001190900802612,0.18586239218711853,6.0293410312996145e-15,0.00024954252876341343,-1.1768674710360065e-15,0.03300166130065918,-1.9669436796031064e-17,0.26250001788139343,0.0,1.0,0.20000000298023224,0.0,0.0,14896.1181640625,14036.91796875,14036.91796875,14896.1181640625,-0.6783296251535417,0.0,0.0,0.0,30.5,1.5,11.0,10.0,30.5,1.5,11.0,10.0,300.0,15.0,7.333333333333333,30.0
1.3333333333333333,x,gym_env,0.18154695630073547,2.416574834121152e-15,1.000124454498291,0.19285155832767487,6.264690829760116e-15,0.0002480879775248468,-1.2054502802037476e-15,0.04092705249786377,-2.9090860191248764e-17,0.2666666805744171,0.0,1.0,0.20000000298023224,0.0,0.0,14895.337890625,14036.1376953125,14036.1376953125,14895.337890625,-0.08175892101526261,0.0,0.0,0.0,30.5,1.5,11.0,10.0,30.5,1.5,11.0,10.0,300.0,15.0,7.333333333333333,30.0
1.3541666666666665,x,gym_env,0.1856657713651657,2.5500903082562422e-15,1.0001287460327148,0.20089195668697357,6.5055027201809876e-15,0.00018577725859358907,-1.2334202610341503e-15,0.03521186113357544,-2.2141533885456017e-17,0.2708333432674408,0.0,1.0,0.20000000298023224,0.0,0.0,14035.783203125,14894.9833984375,14894.9833984375,14035.783203125,-0.7694024584412575,0.0,0.0,0.0,30.5,1.5,11.0,10.0,30.5,1.5,11.0,10.0,300.0,15.0,7.333333333333333,30.0
1.375,x,gym_env,0.18993785977363586,2.6886913682066475e-15,1.0001323223114014,0.2076454609632492,6.751816936627223e-15,0.000160681753186509,-1.2620696681673693e-15,0.03223187476396561,-1.8499239272703322e-17,0.2750000059604645,0.0,1.0,0.20000000298023224,0.0,0.0,14154.16015625,14774.646484375,14774.646484375,14154.16015625,-0.1782818306863308,0.0,0.0,0.0,30.5,1.5,11.0,10.0,30.5,1.5,11.0,10.0,300.0,15.0,7.333333333333333,30.0
1.3958333333333333,x,gym_env,0.19434483349323273,2.8324927869367205e-15,1.000133991241455,0.2142740786075592,7.003700394701655e-15,2.5948953407350928e-05,-1.2931155432666075e-15,0.04061313718557358,-2.9243564349770953e-17,0.27916666865348816,0.0,1.0,0.20000000298023224,0.0,0.0,14893.7236328125,14034.5244140625,14034.5244140625,14893.7236328125,-0.6755241722047329,0.0,0.0,0.0,30.5,1.5,11.0,10.0,30.5,1.5,11.0,10.0,300.0,15.0,7.333333333333333,30.0
1.4166666666666665,x,gym_env,0.19891048967838287,2.98161759598205e-15,1.0001331567764282,0.22262516617774963,7.2616651258209e-15,-9.605772356735542e-05,-1.3250760021906436e-15,0.04474153742194176,-3.464112629619382e-17,0.28333333134651184,0.0,1.0,0.20000000298023224,0.0,0.0,14892.97265625,14033.7724609375,14033.7724609375,14892.97265625,-0.08496391939520836,0.0,0.0,0.0,30.5,1.5,11.0,10.0,30.5,1.5,11.0,10.0,300.0,15.0,7.333333333333333,30.0
1.4375,x,gym_env,0.20365819334983826,3.136193062042961e-15,1.0001291036605835,0.23125073313713074,7.525799644927944e-15,-0.00025099440244957805,-1.3595245145181208e-15,0.035236142575740814,-2.1914914521757314e-17,0.2874999940395355,0.0,1.0,0.20000000298023224,0.0,0.0,14035.91015625,14895.1103515625,14895.1103515625,14035.91015625,-0.771971196603775,0.0,0.0,0.0,30.5,1.5,11.0,10.0,30.5,1.5,11.0,10.0,300.0,15.0,7.333333333333333,30.0
1.4583333333333333,x,gym_env,0.2085617184638977,3.296359157313987e-15,1.0001235008239746,0.23781843483448029,7.797104297933496e-15,-0.00026757808518595994,-1.3982208970760783e-15,0.02847270853817463,-1.2682914659633645e-17,0.2916666567325592,0.0,1.0,0.20000000298023224,0.0,0.0,14059.044921875,14872.0322265625,14872.0322265625,14059.044921875,-0.10309622566103935,0.0,0.0,0.0,30.5,1.5,11.0,10.0,30.5,1.5,11.0,10.0,300.0,15.0,7.333333333333333,30.0
1.4791666666666665,x,gym_env,0.2135869562625885,3.4622725828903703e-15,1.0001178979873657,0.24354246258735657,8.076019541970129e-15,-0.0002751171123236418,-1.436963654687898e-15,0.03490801900625229,-2.1837695557214264e-17,0.2958333492279053,0.0,1.0,0.20000000298023224,0.0,0.0,14892.5,14033.2998046875,14033.2998046875,14892.5,-0.7535606288611889,0.0,0.0,0.0,30.5,1.5,11.0,10.0,30.5,1.5,11.0,10.0,300.0,15.0,7.333333333333333,30.0
1.5,x,gym_env,0.21874724328517914,3.634088557559695e-15,1.0001108646392822,0.25066348910331726,8.362226892649673e-15,-0.00038458628114312887,-1.4734452578470223e-15,0.038315314799547195,-2.67585715145963e-17,0.30000001192092896,0.0,1.0,0.20000000298023224,0.0,0.0,14891.52734375,14032.3271484375,14032.3271484375,14891.52734375,-0.0854029884159565,0.0,0.0,0.0,30.5,1.5,11.0,10.0,30.5,1.5,11.0,10.0,300.0,15.0,7.333333333333333,30.0
1.5208333333333333,x,gym_env,0.22406211495399475,3.811955312087731e-15,1.000101089477539,0.25791311264038086,8.655472240087954e-15,-0.0005262517952360213,-1.5092411878353442e-15,0.028090965002775192,-1.1523544930524222e-17,0.30416667461395264,0.0,1.0,0.20000000298023224,0.0,0.0,14036.3486328125,14895.5478515625,14895.5478515625,14036.3486328125,-0.7714681682050228,0.0,0.0,0.0,30.5,1.5,11.0,10.0,30.5,1.5,11.0,10.0,300.0,15.0,7.333333333333333,30.0
1.5416666666666665,x,gym_env,0.2295023500919342,3.996022347789669e-15,1.000090479850769,0.2629605233669281,8.955968189554731e-15,-0.0004861420893575996,-1.5447287978308656e-15,0.02061058208346367,-1.816569146029202e-19,0.3083333373069763,0.0,1.0,0.20000000298023224,0.0,0.0,14313.1845703125,14620.6396484375,14620.6396484375,14313.1845703125,-0.3040339626133442,0.0,0.0,0.0,30.5,1.5,11.0,10.0,30.5,1.5,11.0,10.0,300.0,15.0,7.333333333333333,30.0
1.5625,x,gym_env,0.23502996563911438,4.1864340837830145e-15,1.0000795125961304,0.26688623428344727,9.263191274688602e-15,-0.0005486737354658544,-1.580253889034303e-15,0.02151731587946415,-1.6233386434128666e-18,0.3125,0.0,1.0,0.20000000298023224,0.0,0.0,14896.4931640625,14037.29296875,14037.29296875,14896.4931640625,-0.5491553125083447,0.0,0.0,0.0,30.5,1.5,11.0,10.0,30.5,1.5,11.0,10.0,300.0,15.0,7.333333333333333,30.0
1.5833333333333333,x,gym_env,0.24064059555530548,4.383334092152328e-15,1.000069260597229,0.2708919942378998,9.577385440978376e-15,-0.0004565551644191146,-1.6107482398057603e-15,0.016193365678191185,6.872293043297215e-18,0.3166666626930237,0.0,1.0,0.20000000298023224,0.0,0.0,14728.3037109375,14206.0234375,14206.0234375,14728.3037109375,-0.21611561680436134,0.0,0.0,0.0,30.5,1.5,11.0,10.0,30.5,1.5,11.0,10.0,300.0,15.0,7.333333333333333,30.0
1.6041666666666665,x,gym_env,0.2463192343711853,4.58685196893854e-15,1.0000598430633545,0.273334801197052,9.897275056805488e-15,-0.0004449901753105223,-1.6425353746129644e-15,0.00045274285366758704,3.240984629850143e-17,0.32083332538604736,0.0,1.0,0.20000000298023224,0.0,0.0,14042.5576171875,14901.7578125,14901.7578125,14042.5576171875,-0.6323034421861172,0.0,0.0,0.0,30.5,1.5,11.0,10.0,30.5,1.5,11.0,10.0,300.0,15.0,7.333333333333333,30.0
1.625,x,gym_env,0.25200939178466797,4.797116463149632e-15,1.000054121017456,0.27258214354515076,1.0223875714673696e-14,-0.00016176981444004923,-1.6778506134037196e-15,-0.010395148769021034,5.032528134719953e-17,0.32500001788139343,0.0,1.0,0.20000000298023224,0.0,0.0,14041.8583984375,14901.05859375,14901.05859375,14041.8583984375,-0.07842674658894538,0.0,0.0,0.0,30.5,1.5,11.0,10.0,30.5,1.5,11.0,10.0,300.0,15.0,7.333333333333333,30.0
1.6458333333333333,x,gym_env,0.2576584815979004,5.014269029287796e-15,1.0000540018081665,0.27017223834991455,1.0557196731945419e-14,9.274727926822379e-05,-1.7124955314958413e-15,-0.007593369111418724,4.553876433671448e-17,0.3291666805744171,0.0,1.0,0.20000000298023224,0.0,0.0,14896.99609375,14037.7958984375,14037.7958984375,14896.99609375,-0.7635302125632764,0.0,0.0,0.0,30.5,1.5,11.0,10.0,30.5,1.5,11.0,10.0,300.0,15.0,7.333333333333333,30.0
1.6666666666666665,x,gym_env,0.26326414942741394,5.238448157239908e-15,1.0000576972961426,0.26845017075538635,1.0897075478294785e-14,0.00023821264039725065,-1.7447627222259019e-15,-0.007522066589444876,4.5443817237283195e-17,0.3333333432674408,0.0,1.0,0.20000000298023224,0.0,0.0,14894.890625,14035.6904296875,14035.6904296875,14894.890625,-0.07611417238116265,0.0,0.0,0.0,30.5,1.5,11.0,10.0,30.5,1.5,11.0,10.0,300.0,15.0,7.333333333333333,30.0
1.6875,x,gym_env,0.2688317894935608,5.469784290079846e-15,1.0000636577606201,0.26618829369544983,1.1242850420989988e-14,0.0003190113930031657,-1.771455906767437e-15,-0.021081771701574326,6.926296274050291e-17,0.3375000059604645,0.0,1.0,0.20000000298023224,0.0,0.0,14037.4482421875,14896.6484375,14896.6484375,14037.4482421875,-0.759699410122633,0.0,0.0,0.0,30.5,1.5,11.0,10.0,30.5,1.5,11.0,10.0,300.0,15.0,7.333333333333333,30.0
1.7083333333333333,x,gym_env,0.27431821823120117,5.708385424508383e-15,1.000071406364441,0.2610497772693634,1.15934814035718e-14,0.00040001654997467995,-1.796703417826246e-15,-0.03189191222190857,8.846909732980425e-17,0.34166666865348816,0.0,1.0,0.20000000298023224,0.0,0.0,14037.375,14896.5751953125,14896.5751953125,14037.375,-0.07019314929842949,0.0,0.0,0.0,30.5,1.5,11.0,10.0,30.5,1.5,11.0,10.0,300.0,15.0,7.333333333333333,30.0
1.7291666666666665,x,gym_env,0.27967241406440735,5.9543485457979814e-15,1.0000802278518677,0.25426867604255676,1.194865417681679e-14,0.0004347616049926728,-1.819670927949283e-15,-0.029056893661618233,8.328718136907395e-17,0.34583333134651184,0.0,1.0,0.20000000298023224,0.0,0.0,14894.998046875,14035.7978515625,14035.7978515625,14894.998046875,-0.7555293812572956,0.0,0.0,0.0,30.5,1.5,11.0,10.0,30.5,1.5,11.0,10.0,300.0,15.0,7.333333333333333,30.0
1.75,x,gym_env,0.284892201423645,6.20776470999047e-15,1.000089406967163,0.24818730354309082,1.2308057032600368e-14,0.0004457047616597265,-1.8395634967155504e-15,-0.02895295061171055,8.308438977010045e-17,0.3499999940395355,0.0,1.0,0.20000000298023224,0.0,0.0,14660.048828125,14268.2509765625,14268.2509765625,14660.048828125,-0.25323241990804674,0.0,0.0,0.0,30.5,1.5,11.0,10.0,30.5,1.5,11.0,10.0,300.0,15.0,7.333333333333333,30.0
1.7708333333333333,x,gym_env,0.28998419642448425,6.468711844116997e-15,1.0000965595245361,0.2417045682668686,1.2670946275994844e-14,0.0002665170468389988,-1.8624435506867836e-15,-0.03802992403507233,9.984408806693946e-17,0.3541666865348816,0.0,1.0,0.20000000298023224,0.0,0.0,14035.904296875,14895.1044921875,14895.1044921875,14035.904296875,-0.5646634193778038,0.0,0.0,0.0,30.5,1.5,11.0,10.0,30.5,1.5,11.0,10.0,300.0,15.0,7.333333333333333,30.0
1.7916666666666665,x,gym_env,0.294918954372406,6.737274227955814e-15,1.0001014471054077,0.23344312608242035,1.303820366829831e-14,0.00020592918735928833,-1.883397028219487e-15,-0.04140172153711319,1.0609447653362695e-16,0.3583333492279053,0.0,1.0,0.20000000298023224,0.0,0.0,14034.90625,14894.1064453125,14894.1064453125,14034.90625,-0.06321557884812355,0.0,0.0,0.0,30.5,1.5,11.0,10.0,30.5,1.5,11.0,10.0,300.0,15.0,7.333333333333333,30.0
1.8125,x,gym_env,0.29967546463012695,7.0135352942522246e-15,1.0001044273376465,0.22506171464920044,1.3409282026226842e-14,0.00011222663306398317,-1.9020518700915787e-15,-0.031139468774199486,8.662470293949271e-17,0.36250001192092896,0.0,1.0,0.20000000298023224,0.0,0.0,14894.4306640625,14035.23046875,14035.23046875,14894.4306640625,-0.7484111561596394,0.0,0.0,0.0,30.5,1.5,11.0,10.0,30.5,1.5,11.0,10.0,300.0,15.0,7.333333333333333,30.0
1.8333333333333333,x,gym_env,0.3042832016944885,7.297575934652693e-15,1.0001065731048584,0.2188946008682251,1.3784205913735907e-14,0.00010303806629963219,-1.920481401199701e-15,-0.02361965924501419,7.224952812062767e-17,0.36666667461395264,0.0,1.0,0.20000000298023224,0.0,0.0,14893.6240234375,14034.4248046875,14034.4248046875,14893.6240234375,-0.060589119410514834,0.0,0.0,0.0,30.5,1.5,11.0,10.0,30.5,1.5,11.0,10.0,300.0,15.0,7.333333333333333,30.0
1.8541666666666665,x,gym_env,0.30877941846847534,7.589471958605997e-15,1.0001087188720703,0.21371294558048248,1.4162624659185344e-14,9.830071940086782e-05,-1.936391644564452e-15,-0.029738327488303185,8.402363019459726e-17,0.3708333373069763,0.0,1.0,0.20000000298023224,0.0,0.0,14032.75,14891.9501953125,14891.9501953125,14032.75,-0.7461173985958099,0.0,0.0,0.0,30.5,1.5,11.0,10.0,30.5,1.5,11.0,10.0,300.0,15.0,7.333333333333333,30.0
1.875,x,gym_env,0.31315261125564575,7.88928435248434e-15,1.0001096725463867,0.20717938244342804,1.454364379578285e-14,8.376403457077686e-06,-1.9519236877182542e-15,-0.033122289925813675,9.053970907403679e-17,0.375,0.0,1.0,0.20000000298023224,0.0,0.0,14032.1728515625,14891.373046875,14891.373046875,14032.1728515625,-0.05815623210072517,0.0,0.0,0.0,30.5,1.5,11.0,10.0,30.5,1.5,11.0,10.0,300.0,15.0,7.333333333333333,30.0
1.8958333333333333,x,gym_env,0.3173835277557373,8.197069867495188e-15,1.0001083612442017,0.20052027702331543,1.4927446282645036e-14,-0.00010176568321185187,-1.9674942708711564e-15,-0.022874927148222923,7.041188352411456e-17,0.3791666626930237,0.0,1.0,0.20000000298023224,0.0,0.0,14893.6357421875,14034.435546875,14034.435546875,14893.6357421875,-0.7456151119589806,0.0,0.0,0.0,30.5,1.5,11.0,10.0,30.5,1.5,11.0,10.0,300.0,15.0,7.333333333333333,30.0
1.9166666666666665,x,gym_env,0.32150140404701233,8.512892031109585e-15,1.0001063346862793,0.1960686892271042,1.5314535257342568e-14,-9.10584203666076e-05,-1.9825377877726296e-15,-0.015370558016002178,5.556913990092024e-17,0.38333332538604736,0.0,1.0,0.20000000298023224,0.0,0.0,14893.9609375,14034.7607421875,14034.7607421875,14893.9609375,-0.059160526698827744,0.0,0.0,0.0,30.5,1.5,11.0,10.0,30.5,1.5,11.0,10.0,300.0,15.0,7.333333333333333,30.0
1.9375,x,gym_env,0.32554346323013306,8.836814370798574e-15,1.0001049041748047,0.19259661436080933,1.5704451628018035e-14,-5.215394412516616e-05,-1.997551658520949e-15,-0.02150455117225647,6.773375063335368e-17,0.38750001788139343,0.0,1.0,0.20000000298023224,0.0,0.0,14032.447265625,14891.6474609375,14891.6474609375,14032.447265625,-0.7471970423281193,0.0,0.0,0.0,30.5,1.5,11.0,10.0,30.5,1.5,11.0,10.0,300.0,15.0,7.333333333333333,30.0
1.9583333333333333,x,gym_env,0.3294980823993683,9.168890249637834e-15,1.000103235244751,0.18776699900627136,1.609679051292265e-14,-0.00010537348862271756,-2.0122286219144978e-15,-0.024904118850827217,7.447435941826459e-17,0.3916666805744171,0.0,1.0,0.20000000298023224,0.0,0.0,14031.5791015625,14890.779296875,14890.779296875,14031.5791015625,-0.06159446542263031,0.0,0.0,0.0,30.5,1.5,11.0,10.0,30.5,1.5,11.0,10.0,300.0,15.0,7.333333333333333,30.0
1.9791666666666665,x,gym_env,0.33334577083587646,9.509172183670093e-15,1.000100016593933,0.18280650675296783,1.6491714542382283e-14,-0.00018602603813633323,-2.0255325449005475e-15,-0.01467279251664877,5.3759821277303405e-17,0.3958333432674408,0.0,1.0,0.20000000298023224,0.0,0.0,14894.0400390625,14034.83984375,14034.83984375,14894.0400390625,-0.7490703991770744,0.0,0.0,0.0,30.5,1.5,11.0,10.0,30.5,1.5,11.0,10.0,300.0,15.0,7.333333333333333,30.0
2.0,x,gym_env,0.3371158242225647,9.857716924102818e-15,1.0000966787338257,0.18004851043224335,1.6889410063645333e-14,-0.00013583616237156093,-2.039348922819686e-15,-0.007184883579611778,3.8518462625642235e-17,0.4000000059604645,0.0,1.0,0.0,0.0,0.0,14830.1201171875,14100.439453125,14100.439453125,14830.1201171875,-0.13770719160437583,0.0,0.0,0.0,30.5,1.5,11.0,10.0,30.5,1.5,11.0,10.0,300.0,15.0,7.333333333333333,30.0
2.020833333333333,x,gym_env,0.3408454358577728,1.0214577834011685e-14,1.0000942945480347,0.1782987266778946,1.728967040067267e-14,-0.00010086322436109185,-2.055310623435983e-15,-0.012102965265512466,4.8542541691025244e-17,0.4000000059604645,0.0,1.0,0.0,0.0,0.0,14033.9765625,14893.1767578125,14893.1767578125,14033.9765625,-0.7173485838115216,0.0,0.0,0.0,30.5,1.5,11.0,10.0,30.5,1.5,11.0,10.0,300.0,15.0,7.333333333333333,30.0
2.0416666666666665,x,gym_env,0.3445267081260681,1.0579814205703003e-14,1.0000925064086914,0.17548628151416779,1.7692849613236243e-14,-7.501384970964864e-05,-2.0725551554508963e-15,-0.01346618216484785,5.1286296474141186e-17,0.4000000059604645,0.0,1.0,0.0,0.0,0.0,14033.4287109375,14892.62890625,14892.62890625,14033.4287109375,-0.07823339338302612,0.0,0.0,0.0,30.5,1.5,11.0,10.0,30.5,1.5,11.0,10.0,300.0,15.0,7.333333333333333,30.0
2.0625,x,gym_env,0.34814825654029846,1.0953488719614869e-14,1.0000910758972168,0.17295575141906738,1.809913743671624e-14,-6.153333379188552e-05,-2.089308620114639e-15,-0.0011994161177426577,2.571938781976838e-17,0.4000000059604645,0.0,1.0,0.0,0.0,0.0,14895.3212890625,14036.12109375,14036.12109375,14895.3212890625,-0.7615685812354088,0.0,0.0,0.0,30.5,1.5,11.0,10.0,30.5,1.5,11.0,10.0,300.0,15.0,7.333333333333333,30.0
2.083333333333333,x,gym_env,0.35174793004989624,1.1335669138383062e-14,1.0000910758972168,0.17304232716560364,1.8508789675062733e-14,4.037146209157072e-05,-2.106858295748801e-15,0.008320205844938755,5.730428110310639e-18,0.4000000059604645,0.0,1.0,0.0,0.0,0.0,14895.0634765625,14035.86328125,14035.86328125,14895.0634765625,-0.07101208721399307,0.0,0.0,0.0,30.5,1.5,11.0,10.0,30.5,1.5,11.0,10.0,300.0,15.0,7.333333333333333,30.0
2.1041666666666665,x,gym_env,0.3553714156150818,1.172642407167631e-14,1.0000931024551392,0.1745149791240692,1.8921603040368377e-14,0.0001299778959946707,-2.124282610506769e-15,0.004197707399725914,1.440573087069275e-17,0.4000000059604645,0.0,1.0,0.0,0.0,0.0,14034.041015625,14893.2412109375,14893.2412109375,14034.041015625,-0.7545996300101281,0.0,0.0,0.0,30.5,1.5,11.0,10.0,30.5,1.5,11.0,10.0,300.0,15.0,7.333333333333333,30.0
2.125,x,gym_env,0.35901546478271484,1.212581619993271e-14,1.000096321105957,0.17503288388252258,1.9337419984504986e-14,0.0001732957171043381,-2.1417509709779946e-15,0.0028074353467673063,1.729589331350813e-17,0.4000000059604645,0.0,1.0,0.0,0.0,0.0,14138.3857421875,14787.0302734375,14787.0302734375,14138.3857421875,-0.1479187506377697,0.0,0.0,0.0,30.5,1.5,11.0,10.0,30.5,1.5,11.0,10.0,300.0,15.0,7.333333333333333,30.0
2.145833333333333,x,gym_env,0.3626687526702881,1.253390820359036e-14,1.0000991821289062,0.17576821148395538,1.975621509648414e-14,0.0001118596555897966,-2.1607488611937245e-15,0.013043143786489964,-4.767205651904384e-18,0.4000000059604645,0.0,1.0,0.0,0.0,0.0,14892.705078125,14033.505859375,14033.505859375,14892.705078125,-0.6635678859174251,0.0,0.0,0.0,30.5,1.5,11.0,10.0,30.5,1.5,11.0,10.0,300.0,15.0,7.333333333333333,30.0
2.1666666666666665,x,gym_env,0.3663627803325653,1.295077038638388e-14,1.0001015663146973,0.1786210685968399,2.0178569440907658e-14,0.00011821885709650815,-2.1800565537099127e-15,0.01920170523226261,-1.8154983245371003e-17,0.4000000059604645,0.0,1.0,0.0,0.0,0.0,14891.138671875,14031.9384765625,14031.9384765625,14891.138671875,-0.05844943984746933,0.0,0.0,0.0,30.5,1.5,11.0,10.0,30.5,1.5,11.0,10.0,300.0,15.0,7.333333333333333,30.0
2.1875,x,gym_env,0.3701295554637909,1.3376474746113788e-14,1.00010347366333,0.1821698248386383,2.0604486405907327e-14,6.958183803362772e-05,-2.2026606866985777e-15,0.011725477874279022,-1.8242674316468974e-18,0.4000000059604645,0.0,1.0,0.0,0.0,0.0,14032.8046875,14892.0048828125,14892.0048828125,14032.8046875,-0.7410202867507935,0.0,0.0,0.0,30.5,1.5,11.0,10.0,30.5,1.5,11.0,10.0,300.0,15.0,7.333333333333333,30.0
2.208333333333333,x,gym_env,0.37395164370536804,1.3811104292008915e-14,1.0001049041748047,0.18407845497131348,2.1034674111027052e-14,6.818061228841543e-05,-2.2264953468013665e-15,0.006986903492361307,8.579469336924475e-18,0.4000000059604645,0.0,1.0,0.0,0.0,0.0,14315.12890625,14610.04296875,14610.04296875,14315.12890625,-0.2757258323967457,0.0,0.0,0.0,30.5,1.5,11.0,10.0,30.5,1.5,11.0,10.0,300.0,15.0,7.333333333333333,30.0
2.2291666666666665,x,gym_env,0.3778027296066284,1.425474796252872e-14,1.0001044273376465,0.18542735278606415,2.146895129121612e-14,-8.128258195938542e-05,-2.249152419349235e-15,0.010510889813303947,6.44860492969296e-19,0.4000000059604645,0.0,1.0,0.0,0.0,0.0,14892.94140625,14033.7412109375,14033.7412109375,14892.94140625,-0.5080639013230801,0.0,0.0,0.0,30.5,1.5,11.0,10.0,30.5,1.5,11.0,10.0,300.0,15.0,7.333333333333333,30.0
2.25,x,gym_env,0.3816898763179779,1.4707495543165618e-14,1.0001029968261719,0.1873871237039566,2.1907709275696165e-14,-5.606861304841004e-05,-2.2703384074259595e-15,0.007723317481577396,6.9096315625575525e-18,0.4000000059604645,0.0,1.0,0.0,0.0,0.0,14889.5478515625,14037.0380859375,14037.0380859375,14889.5478515625,-0.04530092707872391,0.0,0.0,0.0,30.5,1.5,11.0,10.0,30.5,1.5,11.0,10.0,300.0,15.0,7.333333333333333,30.0
2.270833333333333,x,gym_env,0.38560837507247925,1.5169433431280223e-14,1.000102162361145,0.1882208287715912,2.235036022360179e-14,-2.754883280431386e-05,-2.2932121086500883e-15,-0.008624861016869545,4.41397967800954e-17,0.4000000059604645,0.0,1.0,0.0,0.0,0.0,14037.8125,14897.0126953125,14897.0126953125,14037.8125,-0.7230221724569798,0.0,0.0,0.0,30.5,1.5,11.0,10.0,30.5,1.5,11.0,10.0,300.0,15.0,7.333333333333333,30.0
2.2916666666666665,x,gym_env,0.38950300216674805,1.5640646330167263e-14,1.0001033544540405,0.1856078952550888,2.2797397108108297e-14,0.00010674468649085611,-2.314665759138145e-15,-0.02217422053217888,7.52559855401231e-17,0.4000000059604645,0.0,1.0,0.0,0.0,0.0,14039.7109375,14898.9111328125,14898.9111328125,14039.7109375,-0.035326035130023956,0.0,0.0,0.0,30.5,1.5,11.0,10.0,30.5,1.5,11.0,10.0,300.0,15.0,7.333333333333333,30.0
2.3125,x,gym_env,0.39331090450286865,1.612122233125325e-14,1.0001075267791748,0.18078789114952087,2.3248213453625453e-14,0.0002586632617749274,-2.3334815372702154e-15,-0.022073091939091682,7.493794452076381e-17,0.4000000059604645,0.0,1.0,0.0,0.0,0.0,14897.5087890625,14038.30859375,14038.30859375,14897.5087890625,-0.7167578010976314,0.0,0.0,0.0,30.5,1.5,11.0,10.0,30.5,1.5,11.0,10.0,300.0,15.0,7.333333333333333,30.0
2.333333333333333,x,gym_env,0.39701831340789795,1.6611230891239864e-14,1.0001143217086792,0.17610634863376617,2.3702356944559425e-14,0.0003739502571988851,-2.3494894011821376e-15,-0.02470051869750023,8.104088308018005e-17,0.4000000059604645,0.0,1.0,0.0,0.0,0.0,14757.8427734375,14176.8095703125,14176.8095703125,14757.8427734375,-0.1374482637524605,0.0,0.0,0.0,30.5,1.5,11.0,10.0,30.5,1.5,11.0,10.0,300.0,15.0,7.333333333333333,30.0
2.3541666666666665,x,gym_env,0.4006196856498718,1.7110732996499303e-14,1.0001219511032104,0.17041191458702087,2.415886196335034e-14,0.0003490762028377503,-2.3636736031586213e-15,-0.03830849006772041,1.1303805558852368e-16,0.4000000059604645,0.0,1.0,0.0,0.0,0.0,14041.12109375,14900.3203125,14900.3203125,14041.12109375,-0.6044520630121232,0.0,0.0,0.0,30.5,1.5,11.0,10.0,30.5,1.5,11.0,10.0,300.0,15.0,7.333333333333333,30.0
2.375,x,gym_env,0.4040684700012207,1.761977777494251e-14,1.000130295753479,0.16193753480911255,2.4617864035269763e-14,0.0004228765028528869,-2.3764248371465875e-15,-0.047401443123817444,1.34504173342773e-16,0.4000000059604645,0.0,1.0,0.0,0.0,0.0,14041.416015625,14900.6162109375,14900.6162109375,14041.416015625,-0.03038230183720589,0.0,0.0,0.0,30.5,1.5,11.0,10.0,30.5,1.5,11.0,10.0,300.0,15.0,7.333333333333333,30.0
2.395833333333333,x,gym_env,0.40731996297836304,1.813840927228274e-14,1.0001394748687744,0.15217344462871552,2.5078951502305324e-14,0.0004493626765906811,-2.38776279666206e-15,-0.04284779727458954,1.2356439872184888e-16,0.4000000059604645,0.0,1.0,0.0,0.0,0.0,14899.234375,14040.0341796875,14040.0341796875,14899.234375,-0.7192588291287423,0.0,0.0,0.0,30.5,1.5,11.0,10.0,30.5,1.5,11.0,10.0,300.0,15.0,7.333333333333333,30.0
2.4166666666666665,x,gym_env,0.4103793203830719,1.8666673228299145e-14,1.000149130821228,0.1434623897075653,2.554214130511597e-14,0.00048292087740264833,-2.3972582477590175e-15,-0.041028231382369995,1.1914926595406545e-16,0.4000000059604645,0.0,1.0,0.0,0.0,0.0,14897.6982421875,14038.4990234375,14038.4990234375,14897.6982421875,-0.03467470240592956,0.0,0.0,0.0,30.5,1.5,11.0,10.0,30.5,1.5,11.0,10.0,300.0,15.0,7.333333333333333,30.0
2.4375,x,gym_env,0.4132596552371979,1.9204610300573195e-14,1.0001591444015503,0.1345769166946411,2.6007096324588697e-14,0.0004650900955311954,-2.4131106811251185e-15,-0.052844367921352386,1.4753292973497322e-16,0.4000000059604645,0.0,1.0,0.0,0.0,0.0,14038.728515625,14897.9287109375,14897.9287109375,14038.728515625,-0.7217619878113269,0.0,0.0,0.0,30.5,1.5,11.0,10.0,30.5,1.5,11.0,10.0,300.0,15.0,7.333333333333333,30.0
2.458333333333333,x,gym_env,0.4159253239631653,1.9752262840752252e-14,1.0001673698425293,0.1231793612241745,2.64744332007091e-14,0.0003291238972451538,-2.4278113614411906e-15,-0.061914633959531784,1.694289696495133e-16,0.4000000059604645,0.0,1.0,0.0,0.0,0.0,14039.1083984375,14898.30859375,14898.30859375,14039.1083984375,-0.03521183510422707,0.0,0.0,0.0,30.5,1.5,11.0,10.0,30.5,1.5,11.0,10.0,300.0,15.0,7.333333333333333,30.0
2.4791666666666665,x,gym_env,0.41833290457725525,2.0309679976747257e-14,1.0001716613769531,0.11050020158290863,2.694411296996161e-14,0.0001298443676205352,-2.4381673980125584e-15,-0.05734053626656532,1.582052934074712e-16,0.4000000059604645,0.0,1.0,0.0,0.0,0.0,14899.2958984375,14040.095703125,14040.095703125,14899.2958984375,-0.7226792215526104,0.0,0.0,0.0,30.5,1.5,11.0,10.0,30.5,1.5,11.0,10.0,300.0,15.0,7.333333333333333,30.0
