0.000000000000000000e+00,0.000000000000000000e+00
2.083333333333333218e-02,0.000000000000000000e+00
4.166666666666666435e-02,0.000000000000000000e+00
6.250000000000000000e-02,0.000000000000000000e+00
8.333333333333332871e-02,0.000000000000000000e+00
1.041666666666666574e-01,0.000000000000000000e+00
1.250000000000000000e-01,0.000000000000000000e+00
1.458333333333333148e-01,0.000000000000000000e+00
1.666666666666666574e-01,0.000000000000000000e+00
1.875000000000000000e-01,0.000000000000000000e+00
2.083333333333333148e-01,0.000000000000000000e+00
2.291666666666666574e-01,0.000000000000000000e+00
2.500000000000000000e-01,0.000000000000000000e+00
2.708333333333333148e-01,0.000000000000000000e+00
2.916666666666666297e-01,0.000000000000000000e+00
3.125000000000000000e-01,0.000000000000000000e+00
3.333333333333333148e-01,0.000000000000000000e+00
3.541666666666666297e-01,0.000000000000000000e+00
3.750000000000000000e-01,-0.000000000000000000e+00
3.958333333333333148e-01,-0.000000000000000000e+00
4.166666666666666297e-01,-0.000000000000000000e+00
4.375000000000000000e-01,-0.000000000000000000e+00
4.583333333333333148e-01,-0.000000000000000000e+00
4.791666666666666297e-01,-0.000000000000000000e+00
5.000000000000000000e-01,-0.000000000000000000e+00
5.208333333333332593e-01,-0.000000000000000000e+00
5.416666666666666297e-01,-0.000000000000000000e+00
5.625000000000000000e-01,-0.000000000000000000e+00
5.833333333333332593e-01,-0.000000000000000000e+00
6.041666666666666297e-01,-0.000000000000000000e+00
6.250000000000000000e-01,-0.000000000000000000e+00
6.458333333333332593e-01,-0.000000000000000000e+00
6.666666666666666297e-01,-0.000000000000000000e+00
6.875000000000000000e-01,-0.000000000000000000e+00
7.083333333333332593e-01,-0.000000000000000000e+00
7.291666666666666297e-01,-0.000000000000000000e+00
7.500000000000000000e-01,-0.000000000000000000e+00
7.708333333333332593e-01,-0.000000000000000000e+00
7.916666666666666297e-01,-0.000000000000000000e+00
8.125000000000000000e-01,-0.000000000000000000e+00
8.333333333333332593e-01,-0.000000000000000000e+00
8.541666666666666297e-01,-0.000000000000000000e+00
8.750000000000000000e-01,-0.000000000000000000e+00
8.958333333333332593e-01,-0.000000000000000000e+00
9.166666666666666297e-01,-0.000000000000000000e+00
9.375000000000000000e-01,-0.000000000000000000e+00
9.583333333333332593e-01,-0.000000000000000000e+00
9.791666666666666297e-01,-0.000000000000000000e+00
1.000000000000000000e+00,-0.000000000000000000e+00
1.020833333333333259e+00,-0.000000000000000000e+00
1.041666666666666519e+00,-0.000000000000000000e+00
1.062500000000000000e+00,-0.000000000000000000e+00
1.083333333333333259e+00,-0.000000000000000000e+00
1.104166666666666519e+00,-0.000000000000000000e+00
1.125000000000000000e+00,-0.000000000000000000e+00
1.145833333333333259e+00,-0.000000000000000000e+00
1.166666666666666519e+00,-0.000000000000000000e+00
1.187500000000000000e+00,-0.000000000000000000e+00
1.208333333333333259e+00,-0.000000000000000000e+00
1.229166666666666519e+00,-0.000000000000000000e+00
1.250000000000000000e+00,-0.000000000000000000e+00
1.270833333333333259e+00,-0.000000000000000000e+00
1.291666666666666519e+00,-0.000000000000000000e+00
1.312500000000000000e+00,-0.000000000000000000e+00
1.333333333333333259e+00,-0.000000000000000000e+00
1.354166666666666519e+00,-0.000000000000000000e+00
1.375000000000000000e+00,-0.000000000000000000e+00
1.395833333333333259e+00,-0.000000000000000000e+00
1.416666666666666519e+00,-0.000000000000000000e+00
1.437500000000000000e+00,-0.000000000000000000e+00
1.458333333333333259e+00,-0.000000000000000000e+00
1.479166666666666519e+00,-0.000000000000000000e+00
1.500000000000000000e+00,-0.000000000000000000e+00
1.520833333333333259e+00,-0.000000000000000000e+00
1.541666666666666519e+00,-0.000000000000000000e+00
1.562500000000000000e+00,-0.000000000000000000e+00
1.583333333333333259e+00,-0.000000000000000000e+00
1.604166666666666519e+00,-0.000000000000000000e+00
1.625000000000000000e+00,-0.000000000000000000e+00
1.645833333333333259e+00,-0.000000000000000000e+00
1.666666666666666519e+00,-0.000000000000000000e+00
1.687500000000000000e+00,-0.000000000000000000e+00
1.708333333333333259e+00,-0.000000000000000000e+00
1.729166666666666519e+00,-0.000000000000000000e+00
1.750000000000000000e+00,-0.000000000000000000e+00
1.770833333333333259e+00,-0.000000000000000000e+00
1.791666666666666519e+00,-0.000000000000000000e+00
1.812500000000000000e+00,-0.000000000000000000e+00
1.833333333333333259e+00,-0.000000000000000000e+00
1.854166666666666519e+00,-0.000000000000000000e+00
1.875000000000000000e+00,-0.000000000000000000e+00
1.895833333333333259e+00,-0.000000000000000000e+00
1.916666666666666519e+00,-0.000000000000000000e+00
1.937500000000000000e+00,-0.000000000000000000e+00
1.958333333333333259e+00,-0.000000000000000000e+00
1.979166666666666519e+00,-0.000000000000000000e+00
2.000000000000000000e+00,-0.000000000000000000e+00
2.020833333333333037e+00,-0.000000000000000000e+00
2.041666666666666519e+00,-0.000000000000000000e+00
2.062500000000000000e+00,-0.000000000000000000e+00
2.083333333333333037e+00,-0.000000000000000000e+00
2.104166666666666519e+00,-0.000000000000000000e+00
2.125000000000000000e+00,-0.000000000000000000e+00
2.145833333333333037e+00,-0.000000000000000000e+00
2.166666666666666519e+00,-0.000000000000000000e+00
2.187500000000000000e+00,-0.000000000000000000e+00
2.208333333333333037e+00,-0.000000000000000000e+00
2.229166666666666519e+00,-0.000000000000000000e+00
2.250000000000000000e+00,-0.000000000000000000e+00
2.270833333333333037e+00,-0.000000000000000000e+00
2.291666666666666519e+00,-0.000000000000000000e+00
2.312500000000000000e+00,-0.000000000000000000e+00
2.333333333333333037e+00,-0.000000000000000000e+00
2.354166666666666519e+00,-0.000000000000000000e+00
2.375000000000000000e+00,-0.000000000000000000e+00
2.395833333333333037e+00,-0.000000000000000000e+00
2.416666666666666519e+00,-0.000000000000000000e+00
2.437500000000000000e+00,-0.000000000000000000e+00
2.458333333333333037e+00,-0.000000000000000000e+00
2.479166666666666519e+00,-0.000000000000000000e+00
2.500000000000000000e+00,-0.000000000000000000e+00
2.520833333333333037e+00,-0.000000000000000000e+00
2.541666666666666519e+00,-0.000000000000000000e+00
2.562500000000000000e+00,-0.000000000000000000e+00
2.583333333333333037e+00,-0.000000000000000000e+00
2.604166666666666519e+00,-0.000000000000000000e+00
2.625000000000000000e+00,-0.000000000000000000e+00
2.645833333333333037e+00,-0.000000000000000000e+00
2.666666666666666519e+00,-0.000000000000000000e+00
2.687500000000000000e+00,-0.000000000000000000e+00
2.708333333333333037e+00,-0.000000000000000000e+00
2.729166666666666519e+00,-0.000000000000000000e+00
2.750000000000000000e+00,-0.000000000000000000e+00
2.770833333333333037e+00,-0.000000000000000000e+00
2.791666666666666519e+00,-0.000000000000000000e+00
2.812500000000000000e+00,-0.000000000000000000e+00
2.833333333333333037e+00,-0.000000000000000000e+00
2.854166666666666519e+00,-0.000000000000000000e+00
2.875000000000000000e+00,-0.000000000000000000e+00
2.895833333333333037e+00,-0.000000000000000000e+00
2.916666666666666519e+00,-0.000000000000000000e+00
2.937500000000000000e+00,-0.000000000000000000e+00
2.958333333333333037e+00,-0.000000000000000000e+00
2.979166666666666519e+00,-0.000000000000000000e+00
3.000000000000000000e+00,-0.000000000000000000e+00
3.020833333333333037e+00,-0.000000000000000000e+00
3.041666666666666519e+00,-0.000000000000000000e+00
3.062500000000000000e+00,-0.000000000000000000e+00
3.083333333333333037e+00,-0.000000000000000000e+00
3.104166666666666519e+00,-0.000000000000000000e+00
3.125000000000000000e+00,-0.000000000000000000e+00
3.145833333333333037e+00,-0.000000000000000000e+00
3.166666666666666519e+00,-0.000000000000000000e+00
3.187500000000000000e+00,-0.000000000000000000e+00
3.208333333333333037e+00,-0.000000000000000000e+00
3.229166666666666519e+00,-0.000000000000000000e+00
3.250000000000000000e+00,-0.000000000000000000e+00
3.270833333333333037e+00,-0.000000000000000000e+00
3.291666666666666519e+00,0.000000000000000000e+00
3.312500000000000000e+00,0.000000000000000000e+00
3.333333333333333037e+00,0.000000000000000000e+00
3.354166666666666519e+00,0.000000000000000000e+00
3.375000000000000000e+00,0.000000000000000000e+00
3.395833333333333037e+00,0.000000000000000000e+00
3.416666666666666519e+00,0.000000000000000000e+00
3.437500000000000000e+00,0.000000000000000000e+00
3.458333333333333037e+00,0.000000000000000000e+00
3.479166666666666519e+00,0.000000000000000000e+00
3.500000000000000000e+00,0.000000000000000000e+00
3.520833333333333037e+00,0.000000000000000000e+00
3.541666666666666519e+00,0.000000000000000000e+00
3.562500000000000000e+00,0.000000000000000000e+00
3.583333333333333037e+00,0.000000000000000000e+00
3.604166666666666519e+00,0.000000000000000000e+00
3.625000000000000000e+00,0.000000000000000000e+00
3.645833333333333037e+00,0.000000000000000000e+00
3.666666666666666519e+00,0.000000000000000000e+00
3.687500000000000000e+00,0.000000000000000000e+00
3.708333333333333037e+00,0.000000000000000000e+00
3.729166666666666519e+00,0.000000000000000000e+00
3.750000000000000000e+00,0.000000000000000000e+00
3.770833333333333037e+00,0.000000000000000000e+00
3.791666666666666519e+00,0.000000000000000000e+00
3.812500000000000000e+00,0.000000000000000000e+00
3.833333333333333037e+00,0.000000000000000000e+00
3.854166666666666519e+00,0.000000000000000000e+00
3.875000000000000000e+00,0.000000000000000000e+00
3.895833333333333037e+00,0.000000000000000000e+00
3.916666666666666519e+00,0.000000000000000000e+00
3.937500000000000000e+00,0.000000000000000000e+00
3.958333333333333037e+00,0.000000000000000000e+00
3.979166666666666519e+00,0.000000000000000000e+00
4.000000000000000000e+00,0.000000000000000000e+00
4.020833333333333037e+00,0.000000000000000000e+00
4.041666666666666075e+00,0.000000000000000000e+00
4.062500000000000000e+00,0.000000000000000000e+00
4.083333333333333037e+00,0.000000000000000000e+00
4.104166666666666075e+00,0.000000000000000000e+00
4.125000000000000000e+00,0.000000000000000000e+00
4.145833333333333037e+00,0.000000000000000000e+00
4.166666666666666075e+00,0.000000000000000000e+00
4.187500000000000000e+00,0.000000000000000000e+00
4.208333333333333037e+00,0.000000000000000000e+00
4.229166666666666075e+00,0.000000000000000000e+00
4.250000000000000000e+00,0.000000000000000000e+00
4.270833333333333037e+00,0.000000000000000000e+00
4.291666666666666075e+00,0.000000000000000000e+00
4.312500000000000000e+00,0.000000000000000000e+00
4.333333333333333037e+00,0.000000000000000000e+00
4.354166666666666075e+00,0.000000000000000000e+00
4.375000000000000000e+00,0.000000000000000000e+00
4.395833333333333037e+00,0.000000000000000000e+00
4.416666666666666075e+00,0.000000000000000000e+00
4.437500000000000000e+00,0.000000000000000000e+00
4.458333333333333037e+00,0.000000000000000000e+00
4.479166666666666075e+00,0.000000000000000000e+00
4.500000000000000000e+00,0.000000000000000000e+00
4.520833333333333037e+00,0.000000000000000000e+00
4.541666666666666075e+00,0.000000000000000000e+00
4.562500000000000000e+00,0.000000000000000000e+00
4.583333333333333037e+00,0.000000000000000000e+00
4.604166666666666075e+00,1.004882350877069993e-14
4.625000000000000000e+00,-9.171816062620270883e-09
4.645833333333333037e+00,-1.602187540642930378e-08
4.666666666666666075e+00,-1.696422034235428572e-08
4.687500000000000000e+00,-3.210108920797601233e-08
4.708333333333333037e+00,-6.175179950369879100e-08
4.729166666666666075e+00,-1.003585568422641746e-07
4.750000000000000000e+00,-1.674187384646284628e-07
4.770833333333333037e+00,-2.556078281671621702e-07
4.791666666666666075e+00,-4.161168041128930245e-07
4.812500000000000000e+00,-6.238282089023847565e-07
4.833333333333333037e+00,-9.990620950786172870e-07
4.854166666666666075e+00,-1.476812675979129340e-06
4.875000000000000000e+00,-2.332731037086833961e-06
4.895833333333333037e+00,-3.412515735082178661e-06
4.916666666666666075e+00,-5.340552416514462749e-06
4.937500000000000000e+00,-7.758844804934794502e-06
4.958333333333333037e+00,-1.207253284629521974e-05
4.979166666666666075e+00,-1.745618941582299593e-05
5.000000000000000000e+00,-2.705590396385623733e-05
5.020833333333333037e+00,-3.897055534593671865e-05
5.041666666666666075e+00,-6.020683142625603474e-05
5.062500000000000000e+00,-8.637983428202490079e-05
5.083333333333333037e+00,-1.329898987550847561e-04
5.104166666666666075e+00,3.186335451896202958e-03
5.125000000000000000e+00,5.129174653326582520e-04
5.145833333333333037e+00,6.722027159867421595e-03
5.166666666666666075e+00,1.276741075878231463e-02
5.187500000000000000e+00,9.675535242110179859e-03
5.208333333333333037e+00,1.002370027452684220e-02
5.229166666666666075e+00,1.813673497775179083e-02
5.250000000000000000e+00,2.039114911430882013e-02
5.270833333333333037e+00,2.933871695909614011e-02
5.291666666666666075e+00,4.752473460435590463e-02
5.312500000000000000e+00,4.852185208247797310e-02
5.333333333333333037e+00,4.862072207983868244e-02
5.354166666666666075e+00,4.874554812836803114e-02
5.375000000000000000e+00,4.873123985698664395e-02
5.395833333333333037e+00,4.870126318239566265e-02
5.416666666666666075e+00,4.868328206540643854e-02
5.437500000000000000e+00,4.867056713564847648e-02
5.458333333333333037e+00,4.866016412383013245e-02
5.479166666666666075e+00,4.865077836217548968e-02
5.500000000000000000e+00,4.864441062162259272e-02
5.520833333333333037e+00,4.863893257219298327e-02
5.541666666666666075e+00,4.863356493287349092e-02
5.562500000000000000e+00,4.862769902428026175e-02
5.583333333333333037e+00,4.861967425172362967e-02
5.604166666666666075e+00,4.861033642304357638e-02
5.625000000000000000e+00,4.860709381412592345e-02
5.645833333333333037e+00,4.860583765500960107e-02
5.666666666666666075e+00,4.860554307189791229e-02
5.687500000000000000e+00,4.860476705190371061e-02
5.708333333333333037e+00,4.860447233661857602e-02
5.729166666666666075e+00,4.860417781235396723e-02
5.750000000000000000e+00,4.860388339840153449e-02
5.770833333333333037e+00,4.860358907901228542e-02
5.791666666666666075e+00,4.860377576218330442e-02
5.812500000000000000e+00,4.860396242865215599e-02
5.833333333333333037e+00,4.860414909861181937e-02
5.854166666666666075e+00,4.860412055670192827e-02
5.875000000000000000e+00,4.860430721602373300e-02
5.895833333333333037e+00,4.860449388186192238e-02
5.916666666666666075e+00,4.860447650944475784e-02
5.937500000000000000e+00,4.860465200213062720e-02
5.958333333333333037e+00,4.860483866283778209e-02
5.979166666666666075e+00,4.860502532804831383e-02
6.000000000000000000e+00,4.860499677955919945e-02
6.020833333333333037e+00,4.860518344206320868e-02
6.041666666666666075e+00,4.860537010294536941e-02
6.062500000000000000e+00,4.860545480002439328e-02
6.083333333333333037e+00,4.860552822058934047e-02
6.104166666666666075e+00,4.860571487574850275e-02
6.125000000000000000e+00,4.860590153621972831e-02
6.145833333333333037e+00,4.860587303820596700e-02
6.166666666666666075e+00,4.860605964706231352e-02
6.187500000000000000e+00,4.860624630286293490e-02
6.208333333333333037e+00,4.860643296255429124e-02
6.229166666666666075e+00,4.860640441845670567e-02
6.250000000000000000e+00,4.860659106757501957e-02
6.270833333333333037e+00,4.860677772321934931e-02
6.291666666666666075e+00,4.860676034760792047e-02
6.312500000000000000e+00,4.860693583112993960e-02
6.333333333333333037e+00,4.860712248165688365e-02
6.354166666666666075e+00,4.860730913668900866e-02
6.375000000000000000e+00,4.860728058602998419e-02
6.395833333333333037e+00,4.860746723835821653e-02
6.416666666666666075e+00,4.860765388906464202e-02
6.437500000000000000e+00,4.860773857946021348e-02
6.458333333333333037e+00,4.860781199436477878e-02
6.479166666666666075e+00,4.860799863934894827e-02
6.500000000000000000e+00,4.860818528964527818e-02
6.520833333333333037e+00,4.860815678946630441e-02
6.541666666666666075e+00,4.860834338814480626e-02
6.562500000000000000e+00,4.860853003377071935e-02
6.583333333333333037e+00,4.860871668328742984e-02
6.604166666666666075e+00,4.860868813702153013e-02
6.625000000000000000e+00,4.860887477596519124e-02
6.645833333333333037e+00,4.860906142143488207e-02
6.666666666666666075e+00,4.860904404263536455e-02
6.687500000000000000e+00,4.860921951700256094e-02
6.708333333333333037e+00,4.860940615735490772e-02
6.729166666666666075e+00,4.860959280221256729e-02
6.750000000000000000e+00,4.860956424938464582e-02
6.770833333333333037e+00,4.860975089153890538e-02
6.791666666666666075e+00,4.860993753207075441e-02
6.812500000000000000e+00,4.861002221578349797e-02
6.833333333333333037e+00,4.861009562502809772e-02
6.854166666666666075e+00,4.861028225983774625e-02
6.875000000000000000e+00,4.861046889995960379e-02
6.895833333333333037e+00,4.861044039761550084e-02
6.916666666666666075e+00,4.861062698611630373e-02
6.937500000000000000e+00,4.861081362156777219e-02
6.958333333333333037e+00,4.861100026091001031e-02
6.979166666666666075e+00,4.861097171247579646e-02
7.000000000000000000e+00,4.861115834124506152e-02
7.020833333333333037e+00,4.861134497654034936e-02
7.041666666666666075e+00,4.861132759455270846e-02
7.062500000000000000e+00,4.861150305976536662e-02
7.083333333333333037e+00,4.861168968994329653e-02
7.104166666666666075e+00,4.861187632462658087e-02
7.125000000000000000e+00,4.861184776962977627e-02
7.145833333333333037e+00,4.861203440161025735e-02
7.166666666666666075e+00,4.861222103196779359e-02
7.187500000000000000e+00,4.861230570899776476e-02
7.208333333333333037e+00,4.861237911258252387e-02
7.229166666666666075e+00,4.861256573721794982e-02
7.250000000000000000e+00,4.861275236716558479e-02
7.270833333333333037e+00,4.861272386265631795e-02
7.291666666666666075e+00,4.861291044097973413e-02
7.312500000000000000e+00,4.861309706625702165e-02
7.333333333333333037e+00,4.861328369542510658e-02
7.354166666666666075e+00,4.861325514482250226e-02
7.375000000000000000e+00,4.861344176341761414e-02
7.395833333333333037e+00,4.861362838853872798e-02
7.416666666666666075e+00,4.861361100336289431e-02
7.437500000000000000e+00,4.861378645942122934e-02
7.458333333333333037e+00,4.861397307942506851e-02
7.479166666666666075e+00,4.861415970393424824e-02
7.500000000000000000e+00,4.861413114676858133e-02
7.520833333333333037e+00,4.861431776857550596e-02
7.541666666666666075e+00,4.861450438875895841e-02
7.562500000000000000e+00,4.861458905910630290e-02
7.583333333333333037e+00,4.861466245703136707e-02
7.604166666666666075e+00,4.861484907149273005e-02
7.625000000000000000e+00,4.861503569126632979e-02
7.645833333333333037e+00,4.861500718459179499e-02
7.666666666666666075e+00,4.861519375273809507e-02
7.687500000000000000e+00,4.861538036784132655e-02
7.708333333333333037e+00,4.861556698683541788e-02
7.729166666666666075e+00,4.861553843406443698e-02
7.750000000000000000e+00,4.861572504248554832e-02
7.770833333333333037e+00,4.861591165743274490e-02
7.791666666666666075e+00,4.861589426906866990e-02
7.812500000000000000e+00,4.861606971597295934e-02
7.833333333333333037e+00,4.861625632580286044e-02
7.854166666666666075e+00,4.861644294013815759e-02
7.875000000000000000e+00,4.861641438080355204e-02
7.895833333333333037e+00,4.861660099243714922e-02
7.916666666666666075e+00,4.861678760244668440e-02
7.937500000000000000e+00,4.861687226611138141e-02
7.958333333333333037e+00,4.861694565837679227e-02
7.979166666666666075e+00,4.861713226266425186e-02
8.000000000000000000e+00,4.861731887226405230e-02
8.020833333333332149e+00,4.861729036342428423e-02
8.041666666666666075e+00,4.861747692139360699e-02
8.062500000000000000e+00,4.861766352632304611e-02
8.083333333333332149e+00,4.861785013514342141e-02
8.104166666666666075e+00,4.861782158020399452e-02
8.125000000000000000e+00,4.861800817845135514e-02
8.145833333333332149e+00,4.861819478322479404e-02
8.166666666666666075e+00,4.861817739167249852e-02
8.187500000000000000e+00,4.861835282942286035e-02
8.208333333333332149e+00,4.861853942907905235e-02
8.229166666666666075e+00,4.861872603324072367e-02
8.250000000000000000e+00,4.861869747173711703e-02
8.270833333333332149e+00,4.861888407319757410e-02
8.291666666666666075e+00,4.861907067303348345e-02
8.312500000000000000e+00,4.861915533001569256e-02
8.333333333333332149e+00,4.861922871662156115e-02
8.354166666666666075e+00,4.861941531073543654e-02
8.375000000000000000e+00,4.861960191016163890e-02
8.395833333333332149e+00,4.861957339915660287e-02
8.416666666666666075e+00,4.861975994694919812e-02
8.437500000000000000e+00,4.861994654170509467e-02
8.458333333333332149e+00,4.862013314035199679e-02
8.479166666666666075e+00,4.862010458324414475e-02
8.500000000000000000e+00,4.862029117131799055e-02
8.520833333333332149e+00,4.862047776591792159e-02
8.541666666666666075e+00,4.862046037117727371e-02
8.562500000000000000e+00,4.862063579977413813e-02
8.583333333333332149e+00,4.862082238925683614e-02
8.604166666666666075e+00,4.862100898324503429e-02
8.625000000000000000e+00,4.862098041957253064e-02
8.645833333333332149e+00,4.862116701086004189e-02
8.666666666666666075e+00,4.862135360052251970e-02
8.687500000000000000e+00,4.862143825082231724e-02
8.708333333333332149e+00,4.862151163176869212e-02
8.729166666666666075e+00,4.862169821570919148e-02
8.750000000000000000e+00,4.862188480496201781e-02
8.770833333333332149e+00,4.862185629179173463e-02
8.791666666666666075e+00,4.862204282940793543e-02
8.812500000000000000e+00,4.862222941399048370e-02
8.833333333333332149e+00,4.862241600246407919e-02
8.854166666666666075e+00,4.862238744318779504e-02
8.875000000000000000e+00,4.862257402108832033e-02
8.895833333333332149e+00,4.862276060551499329e-02
8.916666666666666075e+00,4.862274320758596530e-02
8.937500000000000000e+00,4.862291862702948497e-02
8.958333333333332149e+00,4.862310520633892491e-02
8.979166666666666075e+00,4.862329179015388581e-02
9.000000000000000000e+00,4.862326322431236719e-02
9.020833333333332149e+00,4.862344980542727263e-02
9.041666666666666075e+00,4.862363638491660339e-02
9.062500000000000000e+00,4.862372102853407263e-02
9.083333333333332149e+00,4.862379440382121748e-02
9.104166666666666075e+00,4.862398097758852816e-02
9.125000000000000000e+00,4.862416755666816581e-02
9.145833333333332149e+00,4.862413904133253140e-02
9.166666666666666075e+00,4.862432556877233081e-02
9.187500000000000000e+00,4.862451214318171122e-02
9.208333333333332149e+00,4.862469872148222905e-02
9.229166666666666075e+00,4.862467016003743647e-02
9.250000000000000000e+00,4.862485672776490492e-02
9.270833333333332149e+00,4.862504330201850716e-02
9.291666666666666075e+00,4.862502590090110599e-02
9.312500000000000000e+00,4.862520131119147521e-02
9.333333333333332149e+00,4.862538788032785136e-02
9.354166666666666075e+00,4.862557445396983868e-02
9.375000000000000000e+00,4.862554588595924265e-02
9.395833333333332149e+00,4.862573245690166024e-02
9.416666666666666075e+00,4.862591902621799661e-02
9.437500000000000000e+00,4.862600366315322775e-02
9.458333333333332149e+00,4.862607703278106625e-02
9.479166666666666075e+00,4.862626359637538948e-02
9.500000000000000000e+00,4.862645016528214376e-02
9.520833333333332149e+00,4.862642164778115811e-02
9.541666666666666075e+00,4.862660816504490308e-02
9.562500000000000000e+00,4.862679472928142094e-02
9.583333333333332149e+00,4.862698129740909009e-02
9.604166666666666075e+00,4.862695273379571276e-02
9.625000000000000000e+00,4.862713929135030477e-02
9.645833333333332149e+00,4.862732585543110692e-02
9.666666666666666075e+00,4.862730845112527012e-02
9.687500000000000000e+00,4.862748385226273173e-02
9.708333333333332149e+00,4.862767041122632167e-02
9.729166666666666075e+00,4.862785697469550195e-02
9.750000000000000000e+00,4.862782840451585625e-02
9.770833333333332149e+00,4.862801496528606354e-02
9.791666666666666075e+00,4.862820152442957899e-02
9.812500000000000000e+00,4.862828615468267612e-02
9.833333333333332149e+00,4.862835951865143030e-02
9.854166666666666075e+00,4.862854607207306445e-02
9.875000000000000000e+00,4.862873263080713659e-02
9.895833333333332149e+00,4.862870411114073033e-02
9.916666666666666075e+00,4.862889061822871228e-02
9.937500000000000000e+00,4.862907717229251331e-02
9.958333333333332149e+00,4.862926373024751420e-02
9.979166666666666075e+00,4.862923516446560068e-02
1.000000000000000000e+01,4.862942171184755219e-02
1.002083333333333215e+01,4.862960826575565138e-02
1.004166666666666607e+01,4.862959085826128180e-02
1.006250000000000000e+01,4.862976625024612726e-02
1.008333333333333215e+01,4.862995279903709750e-02
1.010416666666666607e+01,4.863013935233372748e-02
1.012500000000000000e+01,4.863011077998494192e-02
1.014583333333333215e+01,4.863029733058316789e-02
1.016666666666666607e+01,4.863048387955420243e-02
1.018750000000000000e+01,4.863056850312524881e-02
1.020833333333333215e+01,4.863064186143495338e-02
1.022916666666666607e+01,4.863082840468404416e-02
1.025000000000000000e+01,4.863101495324563539e-02
1.027083333333333215e+01,4.863098643141384320e-02
1.029166666666666607e+01,4.863117292832614541e-02
1.031250000000000000e+01,4.863135947221749328e-02
1.033333333333333215e+01,4.863154602000011734e-02
1.035416666666666607e+01,4.863151745204964682e-02
1.037500000000000000e+01,4.863170398925922150e-02
1.039583333333333215e+01,4.863189053299499243e-02
1.041666666666666607e+01,4.863187312231212478e-02
1.043750000000000000e+01,4.863204850514447203e-02
1.045833333333333215e+01,4.863223504376304462e-02
1.047916666666666607e+01,4.863242158688733247e-02
1.050000000000000000e+01,4.863239301236938622e-02
1.052083333333333215e+01,4.863257955279579048e-02
1.054166666666666607e+01,4.863276609159455227e-02
1.056250000000000000e+01,4.863285070848365893e-02
1.058333333333333215e+01,4.863292406113442490e-02
1.060416666666666607e+01,4.863311059421129151e-02
1.062500000000000000e+01,4.863329713260063775e-02
1.064583333333333215e+01,4.863326860860334167e-02
1.066666666666666607e+01,4.863345509534022088e-02
1.068750000000000000e+01,4.863364162905940008e-02
1.070833333333333215e+01,4.863382816666977915e-02
1.072916666666666607e+01,4.863379959655062673e-02
1.075000000000000000e+01,4.863398612358799805e-02
1.077083333333333215e+01,4.863417265715156562e-02
1.079166666666666607e+01,4.863415524328009582e-02
1.081250000000000000e+01,4.863433061696029874e-02
1.083333333333333215e+01,4.863451714540670268e-02
1.085416666666666607e+01,4.863470367835891206e-02
1.087500000000000000e+01,4.863467510167182595e-02
1.089583333333333215e+01,4.863486163192669992e-02
1.091666666666666607e+01,4.863504816055329305e-02
1.093750000000000000e+01,4.863513277076051550e-02
1.095833333333333215e+01,4.863520611775249552e-02
1.097916666666666607e+01,4.863488654837963554e-02
1.100000000000000000e+01,4.863485989158989470e-02
1.102083333333333215e+01,4.863488603541618605e-02
1.104166666666666607e+01,4.863501802519339112e-02
1.106250000000000000e+01,4.863506764471235699e-02
1.108333333333333215e+01,4.863519810295800772e-02
1.110416666666666607e+01,-6.669822047663085396e-01
1.112500000000000000e+01,-1.370442669087308829e+00
1.114583333333333215e+01,-8.686508534813727200e-01
1.116666666666666607e+01,-1.152141897156673478e+00
1.118750000000000000e+01,-1.213632289477074799e+00
1.120833333333333215e+01,-7.242507666530555166e-02
1.122916666666666607e+01,2.413597181279988207e-02
1.125000000000000000e+01,-7.274065027404220674e-01
1.127083333333333215e+01,-2.474440071458818002e-02
1.129166666666666607e+01,1.365478087204094360e+00
1.131250000000000000e+01,9.493633517341011352e-01
1.133333333333333215e+01,1.365478087204093471e+00
1.135416666666666607e+01,-2.141492282617825538e+00
1.137500000000000000e+01,-2.494502048926701132e+00
1.139583333333333215e+01,-1.412966717248431703e+00
1.141666666666666607e+01,-6.180546967053586194e-01
1.143750000000000000e+01,1.351231342233978061e-01
1.145833333333333215e+01,8.652793233054443256e-01
1.147916666666666607e+01,1.573602748821442132e+00
1.150000000000000000e+01,2.261715033706949818e+00
1.152083333333333215e+01,2.930732455984768947e+00
1.154166666666666607e+01,-2.701505101803741482e+00
1.156250000000000000e+01,-2.067687197743918404e+00
1.158333333333333215e+01,-1.450131392348164239e+00
1.160416666666666607e+01,-8.480342402438295624e-01
1.162500000000000000e+01,-2.606513419980465707e-01
1.164583333333333215e+01,3.127096868889108761e-01
1.166666666666666607e+01,8.726936738577583119e-01
1.168750000000000000e+01,1.419900994476488876e+00
1.170833333333333215e+01,1.954892630816376764e+00
1.172916666666666607e+01,2.478193708885164437e+00
1.175000000000000000e+01,2.990296343616954289e+00
1.177083333333333215e+01,-2.791523730162670969e+00
1.179166666666666607e+01,-2.300462621172691069e+00
1.181250000000000000e+01,-1.819297658569621001e+00
1.183333333333333215e+01,-1.347644761231201249e+00
1.185416666666666607e+01,-8.851417706343794878e-01
1.187500000000000000e+01,-4.314473582357699066e-01
1.189583333333333215e+01,1.376142845427224051e-02
1.191666666666666607e+01,4.507903623222704881e-01
1.193750000000000000e+01,8.799286156245305079e-01
1.195833333333333215e+01,1.301449943537220655e+00
1.197916666666666607e+01,1.715614552166650597e+00
