0.000000000000000000e+00,1.283963552095388101e-02
2.083333333333333218e-02,-4.388039200002464071e-03
4.166666666666666435e-02,-1.778813614103873578e-02
6.250000000000000000e-02,-1.280945556821341119e-02
8.333333333333332871e-02,-6.885301747124877511e-03
1.041666666666666574e-01,-1.450787726818738611e-02
1.250000000000000000e-01,-1.787183673754671326e-02
1.458333333333333148e-01,-3.743906021150173596e-03
1.666666666666666574e-01,6.775760120152969634e-03
1.875000000000000000e-01,-8.018556380798195582e-05
2.083333333333333148e-01,-4.016221682756610303e-03
2.291666666666666574e-01,7.904361833987934641e-03
2.500000000000000000e-01,1.674456353889350324e-02
2.708333333333333148e-01,9.865780589486214391e-03
2.916666666666666297e-01,6.445883773131881773e-03
3.125000000000000000e-01,1.946217810378874161e-02
3.333333333333333148e-01,2.926105375018627983e-02
3.541666666666666297e-01,2.308416816988825143e-02
3.750000000000000000e-01,1.872839797397213291e-02
3.958333333333333148e-01,2.312541585551949191e-02
4.166666666666666297e-01,2.064018752734364526e-02
4.375000000000000000e-01,6.697626939823853216e-03
4.583333333333333148e-01,-1.101404831996233031e-03
4.791666666666666297e-01,6.071725057070773493e-03
5.000000000000000000e-01,1.078616480575525678e-02
5.208333333333332593e-01,1.245744390343903052e-03
5.416666666666666297e-01,-5.583173357252684335e-03
5.625000000000000000e-01,1.326750617151864790e-03
5.833333333333332593e-01,5.328110192560357901e-03
6.041666666666666297e-01,-5.164984837990263186e-03
6.250000000000000000e-01,-1.287929338698843434e-02
6.458333333333332593e-01,-7.115570098200551738e-03
6.666666666666666297e-01,-3.772338685116747269e-03
6.875000000000000000e-01,-1.387636603765233026e-02
7.083333333333332593e-01,-2.144459840627939082e-02
7.291666666666666297e-01,-1.599681867176124331e-02
7.500000000000000000e-01,-1.347290923996269894e-02
7.708333333333332593e-01,-2.430165881785593604e-02
7.916666666666666297e-01,-3.305432672017840495e-02
8.125000000000000000e-01,-2.928554521000584221e-02
8.333333333333332593e-01,-2.226618167094931988e-02
8.541666666666666297e-01,-2.497285259039135064e-02
8.750000000000000000e-01,-2.584770739363554878e-02
8.958333333333332593e-01,-1.448307070289698781e-02
9.166666666666666297e-01,-6.457750857543458935e-03
9.375000000000000000e-01,-1.175606355190685244e-02
9.583333333333332593e-01,-1.503636934311364595e-02
9.791666666666666297e-01,-5.947616710440059400e-03
1.000000000000000000e+00,-7.348258677414065470e-05
1.020833333333333259e+00,-6.109691919387763397e-03
1.041666666666666519e+00,-9.135164016718981539e-03
1.062500000000000000e+00,2.334148850829835596e-04
1.083333333333333259e+00,6.444857659376728581e-03
1.104166666666666519e+00,9.399144658639631018e-05
1.125000000000000000e+00,-3.734215818789225587e-03
1.145833333333333259e+00,5.113989470895955250e-03
1.166666666666666519e+00,1.098094931113116624e-02
1.187500000000000000e+00,4.915645304798971389e-03
1.208333333333333259e+00,1.689482202914778476e-03
1.229166666666666519e+00,1.130955577536958689e-02
1.250000000000000000e+00,1.812921703355711150e-02
1.270833333333333259e+00,1.237672842523542330e-02
1.291666666666666519e+00,8.978999278210325966e-03
1.312500000000000000e+00,1.820850087544695350e-02
1.333333333333333259e+00,2.486392417062557175e-02
1.354166666666666519e+00,1.920008504997370441e-02
1.375000000000000000e+00,1.603204506643149049e-02
1.395833333333333259e+00,2.542649322415610827e-02
1.416666666666666519e+00,3.175513300009579626e-02
1.437500000000000000e+00,2.545148523089924009e-02
1.458333333333333259e+00,2.114244218006025577e-02
1.479166666666666519e+00,2.453138732051843990e-02
1.500000000000000000e+00,2.230414165310401833e-02
1.520833333333333259e+00,1.028675659192484701e-02
1.541666666666666519e+00,2.910077765596867216e-03
1.562500000000000000e+00,8.933036632900360693e-03
1.583333333333333259e+00,1.315656404683802211e-02
1.604166666666666519e+00,5.226350578551975691e-03
1.625000000000000000e+00,7.039437543463652721e-04
1.645833333333333259e+00,5.009498574372938350e-03
1.666666666666666519e+00,4.070065612276297685e-03
1.687500000000000000e+00,-8.991582828871939534e-03
1.708333333333333259e+00,-1.848556267417698212e-02
1.729166666666666519e+00,-1.392983763449221271e-02
1.750000000000000000e+00,-1.120216018604541092e-02
1.770833333333333259e+00,-2.070843784512041777e-02
1.791666666666666519e+00,-2.676539302235489068e-02
1.812500000000000000e+00,-1.929155323445045853e-02
1.833333333333333259e+00,-1.390324123955561167e-02
1.854166666666666519e+00,-2.103701733661069231e-02
1.875000000000000000e+00,-2.487361058385524279e-02
1.895833333333333259e+00,-1.495895090459387587e-02
1.916666666666666519e+00,-7.063258033188237091e-03
1.937500000000000000e+00,-1.147292286035327472e-02
1.958333333333333259e+00,-1.241072711927301321e-02
1.979166666666666519e+00,4.197579963608644052e-04
2.000000000000000000e+00,1.113895517931279104e-02
2.020833333333333037e+00,9.472653954438314122e-03
2.041666666666666519e+00,5.107825240783467682e-03
2.062500000000000000e+00,1.058340882345974038e-02
2.083333333333333037e+00,1.410637906925805464e-02
2.104166666666666519e+00,5.287786120794276540e-03
2.125000000000000000e+00,-6.311410015477167553e-05
2.145833333333333037e+00,8.285501106544045091e-03
2.166666666666666519e+00,1.454146000710300653e-02
2.187500000000000000e+00,8.253914748652927194e-03
2.208333333333333037e+00,5.393976520555184874e-03
2.229166666666666519e+00,1.078444738947477791e-02
2.250000000000000000e+00,1.025531983684864652e-02
2.270833333333333037e+00,-1.164605681830139855e-03
2.291666666666666519e+00,-7.948272743461734166e-03
2.312500000000000000e+00,-4.356836764269452411e-04
2.333333333333333037e+00,5.165964678282604881e-03
2.354166666666666519e+00,-1.750243515456621247e-03
2.375000000000000000e+00,-5.339258294752807603e-03
2.395833333333333037e+00,2.721047909428153319e-03
2.416666666666666519e+00,7.239062177576025166e-03
2.437500000000000000e+00,-8.550638928811372811e-04
2.458333333333333037e+00,-5.406535573266301256e-03
2.479166666666666519e+00,3.963366595857354194e-03
2.500000000000000000e+00,1.099552604356375356e-02
2.520833333333333037e+00,5.188344805837389120e-03
2.541666666666666519e+00,7.708109951055111498e-04
2.562500000000000000e+00,5.178284362645533406e-03
2.583333333333333037e+00,4.707787232586179219e-03
2.604166666666666519e+00,-8.439677215780823361e-03
2.625000000000000000e+00,-1.784635836774290177e-02
2.645833333333333037e+00,-1.271868622043473111e-02
2.666666666666666519e+00,-9.605547633757665141e-03
2.687500000000000000e+00,-1.928670446031377841e-02
2.708333333333333037e+00,-2.541681131998453635e-02
2.729166666666666519e+00,-1.728686799729998308e-02
2.750000000000000000e+00,-1.118047816871148813e-02
2.770833333333333037e+00,-1.767784939087436655e-02
2.791666666666666519e+00,-2.066676563110768361e-02
2.812500000000000000e+00,-9.487873096816415094e-03
2.833333333333333037e+00,-2.836345787128305884e-04
2.854166666666666519e+00,-3.581099532439351637e-03
2.875000000000000000e+00,-3.395286431794237916e-03
2.895833333333333037e+00,5.566184101246425368e-03
2.916666666666666519e+00,9.042432451527700199e-03
2.937500000000000000e+00,-2.482993332778408741e-04
2.958333333333333037e+00,-6.146051276744423850e-03
2.979166666666666519e+00,2.319639274304432976e-03
3.000000000000000000e+00,8.867420458672472389e-03
3.020833333333333037e+00,2.848360958065095875e-03
3.041666666666666519e+00,2.579791438818081786e-05
3.062500000000000000e+00,1.121649322272990149e-02
3.083333333333333037e+00,2.044742608502258738e-02
3.104166666666666519e+00,1.702639602222141835e-02
3.125000000000000000e+00,1.216654380259271119e-02
3.145833333333333037e+00,1.791306017396847999e-02
3.166666666666666519e+00,2.136827800089032350e-02
3.187500000000000000e+00,1.209587766296121511e-02
3.208333333333333037e+00,6.370846362072102656e-03
3.229166666666666519e+00,1.489055762328134712e-02
3.250000000000000000e+00,2.131678874568641857e-02
3.270833333333333037e+00,1.493943799428090746e-02
3.291666666666666519e+00,7.878916161962297438e-03
3.312500000000000000e+00,1.162791434043006049e-02
3.333333333333333037e+00,1.272321000793376865e-02
3.354166666666666519e+00,8.539696977433085473e-04
3.375000000000000000e+00,-7.403549672462318189e-03
3.395833333333333037e+00,-1.054910316299818851e-03
3.416666666666666519e+00,3.218373331578353817e-03
3.437500000000000000e+00,-5.474238961993481596e-03
3.458333333333333037e+00,-1.058039038734839496e-02
3.479166666666666519e+00,-3.213113966793651292e-03
3.500000000000000000e+00,7.521255486700229075e-04
3.520833333333333037e+00,-8.052619865449533662e-03
3.541666666666666519e+00,-1.346626307231811072e-02
3.562500000000000000e+00,-4.883635347056518826e-03
3.583333333333333037e+00,1.576940243798328513e-03
3.604166666666666519e+00,-4.690977823073054845e-03
3.625000000000000000e+00,-8.218809395969981293e-03
3.645833333333333037e+00,-3.826251010337835320e-03
3.666666666666666519e+00,-5.436217559085197541e-03
3.687500000000000000e+00,-1.495734308886063381e-02
3.708333333333333037e+00,-1.763690084793927138e-02
3.729166666666666519e+00,-9.097571506900206315e-03
3.750000000000000000e+00,-4.763729104883989048e-03
3.770833333333333037e+00,-1.323530672588686154e-02
3.791666666666666519e+00,-1.815076287254988388e-02
3.812500000000000000e+00,-8.730568522262756662e-03
3.833333333333333037e+00,-1.323649968037824906e-03
3.854166666666666519e+00,-6.537508757666257893e-03
3.875000000000000000e+00,-8.458996703740093853e-03
3.895833333333333037e+00,-5.622389126038111577e-04
3.916666666666666519e+00,2.585850084680802515e-03
3.937500000000000000e+00,-6.839592912798562671e-03
3.958333333333333037e+00,-1.274526458198156804e-02
3.979166666666666519e+00,-4.225841946463491060e-03
4.000000000000000000e+00,2.371643513876107567e-03
4.020833333333333037e+00,-3.741182087075912033e-03
4.041666666666666075e+00,-6.318484418766187605e-03
4.062500000000000000e+00,4.844230320269418341e-03
4.083333333333333037e+00,1.359900858769130631e-02
4.104166666666666075e+00,9.695374247594179193e-03
4.125000000000000000e+00,5.650830218282657490e-03
4.145833333333333037e+00,1.079308005256765686e-02
4.166666666666666075e+00,1.223858887315254669e-02
4.187500000000000000e+00,4.804635588076476538e-04
4.208333333333333037e+00,-8.060792462802484487e-03
4.229166666666666075e+00,-3.156198215626459212e-03
4.250000000000000000e+00,-8.854492622194882687e-04
4.270833333333333037e+00,-1.215095956522885615e-02
4.291666666666666075e+00,-2.020624665137917345e-02
4.312500000000000000e+00,-1.467840957067674708e-02
4.333333333333333037e+00,-1.169266842010751629e-02
4.354166666666666075e+00,-1.689191319148757378e-02
4.375000000000000000e+00,-1.541010317343196809e-02
4.395833333333333037e+00,-4.138950177444981199e-03
4.416666666666666075e+00,2.168732684174586815e-03
4.437500000000000000e+00,-5.093150582029174270e-03
4.458333333333333037e+00,-9.730034203155147471e-03
4.479166666666666075e+00,-1.226374859979310547e-03
4.500000000000000000e+00,4.491169417578175747e-03
4.520833333333333037e+00,-3.733534407889144927e-03
4.541666666666666075e+00,-9.132323089266569313e-03
4.562500000000000000e+00,-1.148963947874002186e-03
4.583333333333333037e+00,4.306265947993766913e-03
4.604166666666666075e+00,-3.354503890232114153e-03
4.625000000000000000e+00,-7.906625470584155435e-03
4.645833333333333037e+00,8.107058970596858630e-04
4.666666666666666075e+00,6.995165104599696329e-03
4.687500000000000000e+00,-5.832032145629092350e-04
4.708333333333333037e+00,-5.214002475193875268e-03
4.729166666666666075e+00,3.658717035690817621e-03
4.750000000000000000e+00,9.993007524732616664e-03
4.770833333333333037e+00,2.616851839578901960e-03
4.791666666666666075e+00,-2.015382541692365900e-03
4.812500000000000000e+00,6.658568752889946693e-03
4.833333333333333037e+00,1.279336518162002903e-02
4.854166666666666075e+00,5.129755774753888380e-03
4.875000000000000000e+00,4.173320832650257556e-04
4.895833333333333037e+00,9.240404869945382030e-03
4.916666666666666075e+00,1.551734753687959538e-02
4.937500000000000000e+00,8.002965232399440743e-03
4.958333333333333037e+00,3.296069857514254044e-03
4.979166666666666075e+00,1.197317105489313117e-02
5.000000000000000000e+00,1.811580766358073316e-02
5.020833333333333037e+00,1.051894029618941420e-02
5.041666666666666075e+00,5.753539716139109174e-03
5.062500000000000000e+00,1.435023407064164869e-02
5.083333333333333037e+00,2.042016911316514235e-02
5.104166666666666075e+00,1.282087518221318272e-02
5.125000000000000000e+00,7.893175462387012897e-03
5.145833333333333037e+00,1.619985656504356261e-02
5.166666666666666075e+00,2.197383003679052871e-02
5.187500000000000000e+00,1.395527161843994682e-02
5.208333333333333037e+00,8.893831419932286472e-03
5.229166666666666075e+00,1.741942347397534493e-02
5.250000000000000000e+00,2.338615398658290198e-02
5.270833333333333037e+00,1.546755196143325545e-02
5.291666666666666075e+00,1.051543632676836017e-02
5.312500000000000000e+00,1.385899324167000693e-02
5.333333333333333037e+00,1.113358323466078804e-02
5.354166666666666075e+00,-2.023941760656794518e-03
5.375000000000000000e+00,-1.019415714056520240e-02
5.395833333333333037e+00,-5.027801649647367296e-03
5.416666666666666075e+00,-2.388171989851849489e-03
5.437500000000000000e+00,-1.350034338208180341e-02
5.458333333333333037e+00,-2.166370599492620924e-02
5.479166666666666075e+00,-1.637026415944187879e-02
5.500000000000000000e+00,-1.359345940629977725e-02
5.520833333333333037e+00,-2.446525789289739211e-02
5.541666666666666075e+00,-3.293165828450374949e-02
5.562500000000000000e+00,-2.835965920955350189e-02
5.583333333333333037e+00,-2.285490416798899652e-02
5.604166666666666075e+00,-2.716362481075525193e-02
5.625000000000000000e+00,-2.847241458820709906e-02
5.645833333333333037e+00,-1.706748451801943026e-02
5.666666666666666075e+00,-9.218095865940969039e-03
5.687500000000000000e+00,-1.589264752186576174e-02
5.708333333333333037e+00,-2.061679634489448076e-02
5.729166666666666075e+00,-1.255598999124074230e-02
5.750000000000000000e+00,-7.780465972298307269e-03
5.770833333333333037e+00,-9.757572129480938938e-03
5.791666666666666075e+00,-4.760261323242277569e-03
5.812500000000000000e+00,4.067437505923791712e-03
5.833333333333333037e+00,3.464425475264139385e-03
5.854166666666666075e+00,5.193091849633211382e-03
5.875000000000000000e+00,1.624737035063788734e-02
5.895833333333333037e+00,2.180731214434985035e-02
5.916666666666666075e+00,1.330608873390849711e-02
5.937500000000000000e+00,7.647047879804191872e-03
5.958333333333333037e+00,1.585475824405463419e-02
5.979166666666666075e+00,2.188541576289878762e-02
6.000000000000000000e+00,1.463264733629299902e-02
6.020833333333333037e+00,1.052266192382154963e-02
6.041666666666666075e+00,2.084692720114147968e-02
6.062500000000000000e+00,2.912940295966999493e-02
6.083333333333333037e+00,2.444074287578347840e-02
6.104166666666666075e+00,1.992570145921968017e-02
6.125000000000000000e+00,2.403240903808512297e-02
6.145833333333333037e+00,2.405349966082714896e-02
6.166666666666666075e+00,1.124218374596481530e-02
6.187500000000000000e+00,1.548759292729015970e-03
6.208333333333333037e+00,6.134299483668601005e-03
6.229166666666666075e+00,8.980203196452627573e-03
6.250000000000000000e+00,-9.956755131285039990e-04
6.270833333333333037e+00,-7.330210260252397955e-03
6.291666666666666075e+00,7.275822237915776638e-04
6.312500000000000000e+00,6.482919733218034213e-03
6.333333333333333037e+00,-7.094368835677615200e-04
6.354166666666666075e+00,-4.159171792900608587e-03
6.375000000000000000e+00,1.193492378645142141e-03
6.395833333333333037e+00,9.350759597941266099e-04
6.416666666666666075e+00,-1.148650032300633887e-02
6.437500000000000000e+00,-2.025058151920678534e-02
6.458333333333333037e+00,-1.479256061535325593e-02
6.479166666666666075e+00,-1.144431251076913000e-02
6.500000000000000000e+00,-2.104453069573430923e-02
6.520833333333333037e+00,-2.698198055210343851e-02
6.541666666666666075e+00,-1.850821182566821446e-02
6.562500000000000000e+00,-1.189730694743136585e-02
6.583333333333333037e+00,-1.808811877209913835e-02
6.604166666666666075e+00,-2.069789113716926504e-02
6.625000000000000000e+00,-8.890476429434555211e-03
6.645833333333333037e+00,1.123237270110069965e-03
6.666666666666666075e+00,-1.689730465647585993e-03
6.687500000000000000e+00,-1.189385124188796234e-03
6.708333333333333037e+00,6.054281183940076611e-03
6.729166666666666075e+00,6.417052936174391826e-03
6.750000000000000000e+00,1.342706827349136075e-04
6.770833333333333037e+00,1.628196157591097230e-03
6.791666666666666075e+00,6.149833322608587796e-03
6.812500000000000000e+00,1.131799564096084686e-03
6.833333333333333037e+00,-3.115619740829675736e-04
6.854166666666666075e+00,9.062392361744628019e-03
6.875000000000000000e+00,1.391756031516645266e-02
6.895833333333333037e+00,5.895281815258847022e-03
6.916666666666666075e+00,1.452385871122482573e-03
6.937500000000000000e+00,1.155822758109262792e-02
6.958333333333333037e+00,1.968292433809457412e-02
6.979166666666666075e+00,1.507045045200968748e-02
7.000000000000000000e+00,8.718488109663269717e-03
7.020833333333333037e+00,1.298916583334675488e-02
7.041666666666666075e+00,1.517696690806768188e-02
7.062500000000000000e+00,4.647853273383220109e-03
7.083333333333333037e+00,-2.337505994955303180e-03
7.104166666666666075e+00,5.227246732480897613e-03
7.125000000000000000e+00,1.086105362845447148e-02
7.145833333333333037e+00,3.696213125138255503e-03
7.166666666666666075e+00,8.870807258122148794e-05
7.187500000000000000e+00,3.347726798701134831e-03
7.208333333333333037e+00,-4.456918463564236510e-04
7.229166666666666075e+00,-8.306598042110173094e-03
7.250000000000000000e+00,-6.857577036035231340e-03
7.270833333333333037e+00,-7.494483720371994395e-03
7.291666666666666075e+00,-1.728104553721527409e-02
7.312500000000000000e+00,-2.093335685147835676e-02
7.333333333333333037e+00,-1.017020949907253800e-02
7.354166666666666075e+00,-1.191150192940349222e-03
7.375000000000000000e+00,-5.044528324144778239e-03
7.395833333333333037e+00,-8.683705756132278214e-03
7.416666666666666075e+00,-2.065873599004691089e-03
7.437500000000000000e+00,1.511811926199084933e-03
7.458333333333333037e+00,-7.738957703514605380e-03
7.479166666666666075e+00,-1.351499712274799661e-02
7.500000000000000000e+00,-4.853449576239457323e-03
7.520833333333333037e+00,2.056297283827201224e-03
7.541666666666666075e+00,-3.845888920614316982e-03
7.562500000000000000e+00,-6.202150949168834700e-03
7.583333333333333037e+00,1.629067082717905110e-03
7.604166666666666075e+00,4.822564202732758203e-03
7.625000000000000000e+00,-4.788299528459175058e-03
7.645833333333333037e+00,-1.079951612912358541e-02
7.666666666666666075e+00,-2.397516855191400911e-03
7.687500000000000000e+00,4.150357151069511419e-03
7.708333333333333037e+00,-2.096077204041203648e-03
7.729166666666666075e+00,-4.713601161787871717e-03
7.750000000000000000e+00,4.008918182343249210e-03
7.770833333333333037e+00,8.807818377984952610e-03
7.791666666666666075e+00,8.113480474452655286e-04
7.812500000000000000e+00,-3.543026832301903080e-03
7.833333333333333037e+00,6.506351522931709715e-03
7.854166666666666075e+00,1.467173548799259944e-02
7.875000000000000000e+00,1.004223619838142019e-02
7.895833333333333037e+00,4.112498070113312747e-03
7.916666666666666075e+00,9.182174782107081767e-03
7.937500000000000000e+00,1.228900513715181116e-02
7.958333333333333037e+00,2.602051033499761315e-03
7.979166666666666075e+00,-3.429379169649712008e-03
8.000000000000000000e+00,4.943193968095815558e-03
8.020833333333332149e+00,1.141690561058192679e-02
8.041666666666666075e+00,5.101333048491070096e-03
8.062500000000000000e+00,-7.884531905834818384e-06
8.083333333333332149e+00,3.761891625606168278e-03
8.104166666666666075e+00,3.037263345517713081e-03
8.125000000000000000e+00,-1.039003154893416471e-02
8.145833333333332149e+00,-2.008680936787471394e-02
8.166666666666666075e+00,-1.537336439768980170e-02
8.187500000000000000e+00,-1.255364278710024636e-02
8.208333333333332149e+00,-2.251967141235809711e-02
8.229166666666666075e+00,-2.882914730882175230e-02
8.250000000000000000e+00,-2.072850030120635192e-02
8.270833333333332149e+00,-1.451122161428050616e-02
8.291666666666666075e+00,-2.109445858870695814e-02
8.312500000000000000e+00,-2.405168833230419273e-02
8.333333333333332149e+00,-1.260108558525470553e-02
8.354166666666666075e+00,-3.012518193069147095e-03
8.375000000000000000e+00,-6.234447126689252570e-03
8.395833333333332149e+00,-5.864251502542376648e-03
8.416666666666666075e+00,5.969034034625764727e-03
8.437500000000000000e+00,1.401297125240637785e-02
8.458333333333332149e+00,9.240988555207288457e-03
8.479166666666666075e+00,7.943435843426851356e-03
8.500000000000000000e+00,1.683761004080660401e-02
8.520833333333332149e+00,2.114167898482147492e-02
8.541666666666666075e+00,1.263461331189114599e-02
8.562500000000000000e+00,7.710424828498653807e-03
8.583333333333332149e+00,1.720734068568533642e-02
8.604166666666666075e+00,2.481752661853933034e-02
8.625000000000000000e+00,1.959636079913592774e-02
8.645833333333332149e+00,1.387723797997718160e-02
8.666666666666666075e+00,1.801126927541335174e-02
8.687500000000000000e+00,1.906217415303557844e-02
8.708333333333332149e+00,7.322903756456855019e-03
8.729166666666666075e+00,-7.547253456237971959e-04
8.750000000000000000e+00,5.571144937999574810e-03
8.770833333333332149e+00,9.988348286942059714e-03
8.791666666666666075e+00,1.627356894907892090e-03
8.812500000000000000e+00,-3.040283608757060347e-03
8.833333333333332149e+00,3.320680752428603263e-03
8.854166666666666075e+00,5.499656404592138774e-03
8.875000000000000000e+00,-5.098617137002853239e-03
8.895833333333332149e+00,-1.198716724986059919e-02
8.916666666666666075e+00,-4.482338957301353413e-03
8.937500000000000000e+00,1.078368975752985260e-03
8.958333333333332149e+00,-6.138660155121390335e-03
8.979166666666666075e+00,-9.651512725197666787e-03
9.000000000000000000e+00,-2.697738612423017986e-03
9.020833333333332149e+00,-2.946514602967603377e-04
9.041666666666666075e+00,-1.067203296600153888e-02
9.062500000000000000e+00,-1.736411140513678328e-02
9.083333333333332149e+00,-9.655030404029062152e-03
9.104166666666666075e+00,-3.847097179530269400e-03
9.125000000000000000e+00,-1.082858465241207102e-02
9.145833333333332149e+00,-1.417062200028422481e-02
9.166666666666666075e+00,-3.107829544334198262e-03
9.187500000000000000e+00,6.091224249947508988e-03
9.208333333333332149e+00,2.484271778311437136e-03
9.229166666666666075e+00,-2.001906998244472238e-03
9.250000000000000000e+00,4.197464776020695329e-03
9.270833333333332149e+00,8.080264120863513838e-03
9.291666666666666075e+00,-8.457624472056941454e-04
9.312500000000000000e+00,-6.213271482792642048e-03
9.333333333333332149e+00,2.845869440441845324e-03
9.354166666666666075e+00,1.012692900605955716e-02
9.375000000000000000e+00,4.591961396658791189e-03
9.395833333333332149e+00,1.039288187913490081e-03
9.416666666666666075e+00,5.580127225660720842e-03
9.437500000000000000e+00,4.848086450371082157e-03
9.458333333333332149e+00,-6.461117833777780053e-03
9.479166666666666075e+00,-1.295898743781982373e-02
9.500000000000000000e+00,-5.104624882014493874e-03
9.520833333333332149e+00,1.008104075246647356e-03
9.541666666666666075e+00,-5.692311215234712243e-03
9.562500000000000000e+00,-8.805927761721222408e-03
9.583333333333332149e+00,5.175503700471792900e-04
9.604166666666666075e+00,6.616771490465873234e-03
9.625000000000000000e+00,-6.705798165746612192e-05
9.645833333333332149e+00,-3.006743383636446484e-03
9.666666666666666075e+00,4.046994899177685373e-03
9.687500000000000000e+00,6.128670752706637595e-03
9.708333333333332149e+00,-4.540179395982389329e-03
9.729166666666666075e+00,-1.132844680881938022e-02
9.750000000000000000e+00,-3.760478526762098175e-03
9.770833333333332149e+00,1.362739774015278701e-03
9.791666666666666075e+00,-6.440275588707389774e-03
9.812500000000000000e+00,-1.048360209115741307e-02
9.833333333333332149e+00,-1.687771771804045715e-04
9.854166666666666075e+00,8.254342258263833512e-03
9.875000000000000000e+00,3.862291947092429557e-03
9.895833333333332149e+00,8.703360400607268541e-04
9.916666666666666075e+00,6.516311304957991477e-03
9.937500000000000000e+00,7.456054869661783713e-03
9.958333333333332149e+00,-4.487915586716995607e-03
9.979166666666666075e+00,-1.299509404251637801e-02
